p,label,sigma,detector,weighted_sum_error,unweighted_sum_error,weighted_sum_mse,unweighted_sum_mse,error_0,fp_0,fn_0,decoder_mse_0,error_1,fp_1,fn_1,decoder_mse_1
0.05,angle_profile_final,0.0,actual_decoder,0.027500000000000004,0.052500000000000005,0.017742880541346515,0.030195119717976723,0.0025000000000000005,0.0,0.05000000000000001,0.005290641364716309,0.05,0.0,1.0,0.024904478353260415
0.05,angle_profile_final,0.0,centered_midpoint,0.0037500000000000007,0.005000000000000001,0.017742880541346515,0.030195119717976723,0.0025000000000000005,0.0,0.05000000000000001,0.005290641364716309,0.0025000000000000005,0.0,0.05000000000000001,0.024904478353260415
0.05,angle_profile_final,0.05,actual_decoder,0.027500003148249217,0.0525000031428389,0.01935611425426052,0.03214646946053016,0.002500003153659542,5.264017837127432e-31,0.05000006307319083,0.00656575904799088,0.04999999998917935,6.656680430725881e-66,0.999999999783587,0.025580710412539277
0.05,angle_profile_final,0.05,centered_midpoint,0.003684271244816695,0.004935245722758797,0.01935611425426052,0.03214646946053016,0.002433296766874593,1.9648826101143505e-15,0.04866593533745453,0.00656575904799088,0.002501948955884204,2.0515237266028906e-06,0.050000000166878625,0.025580710412539277
0.05,angle_profile_final,0.15,actual_decoder,0.028901427232344228,0.05345351424226445,0.029516513277875828,0.0444067242577631,0.004349340222424001,5.883695163919198e-05,0.08586890236733537,0.014626302297988555,0.04910417401984045,5.6538173076268395e-09,0.9820833729742802,0.029780421959774542
0.05,angle_profile_final,0.15,centered_midpoint,0.035938126062952665,0.06595312352107566,0.029516513277875828,0.0444067242577631,0.005923128604829667,0.004214708399192178,0.03838311251194195,0.014626302297988555,0.06002999491624599,0.05964622265621759,0.06732166785678553,0.029780421959774542
0.05,angle_profile_final,0.3,actual_decoder,0.05831584158854909,0.08075185289988827,0.06067245478619952,0.08144685528046654,0.0358798302772099,0.026112016460619007,0.22146829279243696,0.039898054291932515,0.04487202262267837,0.0020730333702373405,0.8580528184190579,0.04154880098853402
0.05,angle_profile_final,0.3,centered_midpoint,0.19574218355836337,0.30057576119074914,0.06067245478619952,0.08144685528046654,0.09090860592597762,0.09063704187723927,0.09606832285200617,0.039898054291932515,0.20966715526477153,0.21078318143657052,0.18846265800059092,0.04154880098853402
0.05,angle_profile_final,0.6,actual_decoder,0.2236672630902821,0.2762869603713477,0.17833669747613,0.21966866577468946,0.1710475658092165,0.1617534316678548,0.34763611449508913,0.1370047291775706,0.10523939456213117,0.07330493010518889,0.7119942192440346,0.08266393659711888
0.05,angle_profile_final,0.6,centered_midpoint,0.4139164332677006,0.5812875527994408,0.17833669747613,0.21966866577468946,0.24654531373596042,0.2466275883326104,0.2449820963996111,0.1370047291775706,0.3347422390634804,0.33520300623831634,0.3259876627415967,0.08266393659711888
0.05,mono_retain_0,0.0,actual_decoder,0.025,0.05,0.02375,0.0475,0.0,0.0,0.0,0.0,0.05,0.0,1.0,0.0475
0.05,mono_retain_0,0.0,centered_midpoint,0.025,0.05,0.02375,0.0475,0.0,0.0,0.0,0.0,0.05,0.0,1.0,0.0475
0.05,mono_retain_0,0.05,actual_decoder,0.025,0.05,0.025062499999999998,0.048812499999999995,7.619853024160471e-24,7.619853024160471e-24,7.619853024160468e-24,0.0013124999999999975,0.05,0.0,1.0,0.0475
0.05,mono_retain_0,0.05,centered_midpoint,0.025,0.05,0.025062499999999998,0.048812499999999995,7.619853024160471e-24,7.619853024160471e-24,7.619853024160468e-24,0.0013124999999999975,0.05,0.0,1.0,0.0475
0.05,mono_retain_0,0.15,actual_decoder,0.025429060333196838,0.05042906033319684,0.03556249999997115,0.05931249999997115,0.0004290603331968372,0.0004290603331968372,0.0004290603331968372,0.011812499999971153,0.05,0.0,1.0,0.0475
0.05,mono_retain_0,0.15,centered_midpoint,0.025429060333196838,0.05042906033319684,0.03556249999997115,0.05931249999997115,0.0004290603331968372,0.0004290603331968372,0.0004290603331968372,0.011812499999971153,0.05,0.0,1.0,0.0475
0.05,mono_retain_0,0.3,actual_decoder,0.0727903522728147,0.09779035227281471,0.07099638806021608,0.09474638806021608,0.0477903522728147,0.0477903522728147,0.0477903522728147,0.04724638806021608,0.05,0.0,1.0,0.0475
0.05,mono_retain_0,0.3,centered_midpoint,0.0727903522728147,0.09779035227281471,0.07099638806021608,0.09474638806021608,0.0477903522728147,0.0477903522728147,0.0477903522728147,0.04724638806021608,0.05,0.0,1.0,0.0475
0.05,mono_retain_0,0.6,actual_decoder,0.22732838096364308,0.2523283809636431,0.21129497710894757,0.23504497710894756,0.20232838096364308,0.2023283809636431,0.20232838096364308,0.18754497710894757,0.05,0.0,1.0,0.0475
0.05,mono_retain_0,0.6,centered_midpoint,0.22732838096364308,0.2523283809636431,0.21129497710894757,0.23504497710894756,0.20232838096364308,0.2023283809636431,0.20232838096364308,0.18754497710894757,0.05,0.0,1.0,0.0475
0.05,mono_retain_1,0.0,actual_decoder,0.05,0.05,0.0475,0.0475,0.05,0.0,1.0,0.0475,0.0,0.0,0.0,0.0
0.05,mono_retain_1,0.0,centered_midpoint,0.05,0.05,0.0475,0.0475,0.05,0.0,1.0,0.0475,0.0,0.0,0.0,0.0
0.05,mono_retain_1,0.05,actual_decoder,0.05,0.05,0.04815625,0.048812499999999995,0.05,0.0,1.0,0.0475,7.619853024160471e-24,7.619853024160471e-24,7.619853024160468e-24,0.0013124999999999977
0.05,mono_retain_1,0.05,centered_midpoint,0.05,0.05,0.04815625,0.048812499999999995,0.05,0.0,1.0,0.0475,7.619853024160471e-24,7.619853024160471e-24,7.619853024160468e-24,0.0013124999999999977
0.05,mono_retain_1,0.15,actual_decoder,0.05021453016659842,0.05042906033319684,0.053406249999985576,0.05931249999997115,0.05,0.0,1.0,0.0475,0.0004290603331968372,0.0004290603331968372,0.0004290603331968372,0.011812499999971153
0.05,mono_retain_1,0.15,centered_midpoint,0.05021453016659842,0.05042906033319684,0.053406249999985576,0.05931249999997115,0.05,0.0,1.0,0.0475,0.0004290603331968372,0.0004290603331968372,0.0004290603331968372,0.011812499999971153
0.05,mono_retain_1,0.3,actual_decoder,0.07389517613640735,0.09779035227281471,0.07112319403010804,0.09474638806021608,0.05,0.0,1.0,0.0475,0.0477903522728147,0.0477903522728147,0.0477903522728147,0.04724638806021608
0.05,mono_retain_1,0.3,centered_midpoint,0.07389517613640735,0.09779035227281471,0.07112319403010804,0.09474638806021608,0.05,0.0,1.0,0.0475,0.0477903522728147,0.0477903522728147,0.0477903522728147,0.04724638806021608
0.05,mono_retain_1,0.6,actual_decoder,0.15116419048182156,0.2523283809636431,0.14127248855447377,0.23504497710894756,0.05,0.0,1.0,0.0475,0.20232838096364308,0.2023283809636431,0.20232838096364308,0.18754497710894757
0.05,mono_retain_1,0.6,centered_midpoint,0.15116419048182156,0.2523283809636431,0.14127248855447377,0.23504497710894756,0.05,0.0,1.0,0.0475,0.20232838096364308,0.2023283809636431,0.20232838096364308,0.18754497710894757
0.2,angle_profile_final,0.0,actual_decoder,0.10000000000000002,0.20000000000000004,0.07775208251629451,0.14253595331103058,0.0,0.0,0.0,0.012968211721558438,0.20000000000000004,0.0,1.0,0.12956774158947215
0.2,angle_profile_final,0.0,centered_midpoint,0.020000000000000004,0.04000000000000001,0.07775208251629451,0.14253595331103058,0.0,0.0,0.0,0.012968211721558438,0.04000000000000001,0.0,0.2,0.12956774158947215
0.2,angle_profile_final,0.05,actual_decoder,0.11222841874215952,0.21222841874215953,0.07960538340084332,0.14454453796588546,0.0122284187421595,1.2378776698799043e-22,0.06114209371079749,0.014666228835801163,0.20000000000000004,3.0199412871994654e-61,1.0,0.1298783091300843
0.2,angle_profile_final,0.05,centered_midpoint,0.13219126963919406,0.264233816297305,0.07960538340084332,0.14454453796588546,0.00014872298108305752,2.0494485319288867e-14,0.0007436149053333096,0.014666228835801163,0.264085093316222,0.28010636664527616,0.20000000000000537,0.1298783091300843
0.2,angle_profile_final,0.15,actual_decoder,0.11782594557873083,0.2176150271829119,0.09169685725942456,0.15758216056452806,0.018036863974549778,0.0004909420383937867,0.08822055171917373,0.02581155395432104,0.1995781632083621,1.6496213785789358e-08,0.9978907500569553,0.13177060661020704
0.2,angle_profile_final,0.15,centered_midpoint,0.175409349023877,0.33947845089273504,0.09169685725942456,0.15758216056452806,0.011340247155018964,0.004835058421232495,0.03736100209016484,0.02581155395432104,0.32813820373771607,0.35915813374497585,0.204058483708677,0.13177060661020704
0.2,angle_profile_final,0.3,actual_decoder,0.15944207420712492,0.2538953916931004,0.1288072561872251,0.19815961689583125,0.06498875672114948,0.042722100082435176,0.15405538327600668,0.05945489547861896,0.1889066349719509,0.002437247860245567,0.9347841834187721,0.1387047214172123
0.2,angle_profile_final,0.3,centered_midpoint,0.2658187102549744,0.44490283870918906,0.1288072561872251,0.19815961689583125,0.0867345818007597,0.08474747654427192,0.09468300282671085,0.05945489547861896,0.35816825690842935,0.3797223356187451,0.27195194206716633,0.1387047214172123
0.2,angle_profile_final,0.6,actual_decoder,0.3100973828306896,0.4178071019213002,0.26534172645972426,0.34706276021226734,0.202387663740079,0.18144431109838563,0.28616107430685245,0.18362069270718118,0.21541943818122122,0.06848292025916634,0.8031655098694408,0.16344206750508614
0.2,angle_profile_final,0.6,centered_midpoint,0.42898452733897957,0.6267387922815817,0.26534172645972426,0.34706276021226734,0.2312302623963774,0.23147615191817833,0.2302467043091737,0.18362069270718118,0.39550852988520435,0.40172388938358244,0.37064709189169187,0.16344206750508614
0.2,mono_retain_0,0.0,actual_decoder,0.10000000000000002,0.20000000000000004,0.08000000000000002,0.16000000000000003,0.0,0.0,0.0,0.0,0.20000000000000004,0.0,1.0,0.16000000000000003
0.2,mono_retain_0,0.0,centered_midpoint,0.10000000000000002,0.20000000000000004,0.08000000000000002,0.16000000000000003,0.0,0.0,0.0,0.0,0.20000000000000004,0.0,1.0,0.16000000000000003
0.2,mono_retain_0,0.05,actual_decoder,0.10000000000000002,0.20000000000000004,0.0815,0.16150000000000003,7.619853024160471e-24,7.619853024160473e-24,7.61985302416047e-24,0.00149999999999999,0.20000000000000004,0.0,1.0,0.16000000000000003
0.2,mono_retain_0,0.05,centered_midpoint,0.10000000000000002,0.20000000000000004,0.0815,0.16150000000000003,7.619853024160471e-24,7.619853024160473e-24,7.61985302416047e-24,0.00149999999999999,0.20000000000000004,0.0,1.0,0.16000000000000003
0.2,mono_retain_0,0.15,actual_decoder,0.10042906033319686,0.20042906033319688,0.09349999999988463,0.17349999999988466,0.0004290603331968372,0.00042906033319683724,0.00042906033319683713,0.013499999999884622,0.20000000000000004,0.0,1.0,0.16000000000000003
0.2,mono_retain_0,0.15,centered_midpoint,0.10042906033319686,0.20042906033319688,0.09349999999988463,0.17349999999988466,0.0004290603331968372,0.00042906033319683724,0.00042906033319683713,0.013499999999884622,0.20000000000000004,0.0,1.0,0.16000000000000003
0.2,mono_retain_0,0.3,actual_decoder,0.14779035227281473,0.24779035227281476,0.13398555224086436,0.21398555224086438,0.047790352272814716,0.047790352272814716,0.0477903522728147,0.05398555224086434,0.20000000000000004,0.0,1.0,0.16000000000000003
0.2,mono_retain_0,0.3,centered_midpoint,0.14779035227281473,0.24779035227281476,0.13398555224086436,0.21398555224086438,0.047790352272814716,0.047790352272814716,0.0477903522728147,0.05398555224086434,0.20000000000000004,0.0,1.0,0.16000000000000003
0.2,mono_retain_0,0.6,actual_decoder,0.3023283809636431,0.40232838096364315,0.29017990843579045,0.37017990843579046,0.2023283809636431,0.20232838096364314,0.20232838096364308,0.21017990843579043,0.20000000000000004,0.0,1.0,0.16000000000000003
0.2,mono_retain_0,0.6,centered_midpoint,0.3023283809636431,0.40232838096364315,0.29017990843579045,0.37017990843579046,0.2023283809636431,0.20232838096364314,0.20232838096364308,0.21017990843579043,0.20000000000000004,0.0,1.0,0.16000000000000003
0.2,mono_retain_1,0.0,actual_decoder,0.20000000000000004,0.20000000000000004,0.16000000000000003,0.16000000000000003,0.20000000000000004,0.0,1.0,0.16000000000000003,0.0,0.0,0.0,0.0
0.2,mono_retain_1,0.0,centered_midpoint,0.20000000000000004,0.20000000000000004,0.16000000000000003,0.16000000000000003,0.20000000000000004,0.0,1.0,0.16000000000000003,0.0,0.0,0.0,0.0
0.2,mono_retain_1,0.05,actual_decoder,0.20000000000000004,0.20000000000000004,0.16075000000000003,0.16150000000000003,0.20000000000000004,0.0,1.0,0.16000000000000003,7.619853024160471e-24,7.619853024160473e-24,7.61985302416047e-24,0.0014999999999999898
0.2,mono_retain_1,0.05,centered_midpoint,0.20000000000000004,0.20000000000000004,0.16075000000000003,0.16150000000000003,0.20000000000000004,0.0,1.0,0.16000000000000003,7.619853024160471e-24,7.619853024160473e-24,7.61985302416047e-24,0.0014999999999999898
0.2,mono_retain_1,0.15,actual_decoder,0.20021453016659846,0.20042906033319688,0.16674999999994233,0.17349999999988466,0.20000000000000004,0.0,1.0,0.16000000000000003,0.0004290603331968372,0.00042906033319683724,0.00042906033319683713,0.013499999999884622
0.2,mono_retain_1,0.15,centered_midpoint,0.20021453016659846,0.20042906033319688,0.16674999999994233,0.17349999999988466,0.20000000000000004,0.0,1.0,0.16000000000000003,0.0004290603331968372,0.00042906033319683724,0.00042906033319683713,0.013499999999884622
0.2,mono_retain_1,0.3,actual_decoder,0.2238951761364074,0.24779035227281476,0.1869927761204322,0.21398555224086438,0.20000000000000004,0.0,1.0,0.16000000000000003,0.047790352272814716,0.047790352272814716,0.0477903522728147,0.05398555224086435
0.2,mono_retain_1,0.3,centered_midpoint,0.2238951761364074,0.24779035227281476,0.1869927761204322,0.21398555224086438,0.20000000000000004,0.0,1.0,0.16000000000000003,0.047790352272814716,0.047790352272814716,0.0477903522728147,0.05398555224086435
0.2,mono_retain_1,0.6,actual_decoder,0.3011641904818216,0.40232838096364315,0.2650899542178953,0.37017990843579046,0.20000000000000004,0.0,1.0,0.16000000000000003,0.2023283809636431,0.20232838096364314,0.20232838096364308,0.21017990843579043
0.2,mono_retain_1,0.6,centered_midpoint,0.3011641904818216,0.40232838096364315,0.2650899542178953,0.37017990843579046,0.20000000000000004,0.0,1.0,0.16000000000000003,0.2023283809636431,0.20232838096364314,0.20232838096364308,0.21017990843579043
