p,p_rational,sigma,selected_weighted_error,mono_retaining0_weighted_error,difference
0.05,1/20,0.001,0.027500000000000004,0.025,0.0025000000000000005
0.05,1/20,0.001035312316809117,0.027500000000000004,0.025,0.0025000000000000005
0.05,1/20,0.0010718715933366611,0.027500000000000004,0.025,0.0025000000000000005
0.05,1/20,0.0011097218626192583,0.027500000000000004,0.025,0.0025000000000000005
0.05,1/20,0.0011489087126020728,0.027500000000000004,0.025,0.0025000000000000005
0.05,1/20,0.0011894793410462316,0.027500000000000004,0.025,0.0025000000000000005
0.05,1/20,0.0012314826123751557,0.027500000000000004,0.025,0.0025000000000000005
0.05,1/20,0.0012749691165282648,0.027500000000000004,0.025,0.0025000000000000005
0.05,1/20,0.0013199912298929508,0.027500000000000004,0.025,0.0025000000000000005
0.05,1/20,0.0013666031783881865,0.027500000000000004,0.025,0.0025000000000000005
0.05,1/20,0.001414861102775776,0.027500000000000004,0.025,0.0025000000000000005
0.05,1/20,0.0014648231262778908,0.027500000000000004,0.025,0.0025000000000000005
0.05,1/20,0.0015165494245823366,0.027500000000000004,0.025,0.0025000000000000005
0.05,1/20,0.001570102298319872,0.027500000000000004,0.025,0.0025000000000000005
0.05,1/20,0.0016255462481008657,0.027500000000000004,0.025,0.0025000000000000005
0.05,1/20,0.0016829480522016747,0.027500000000000004,0.025,0.0025000000000000005
0.05,1/20,0.0017423768469943064,0.027500000000000004,0.025,0.0025000000000000005
0.05,1/20,0.0018039042102162397,0.027500000000000004,0.025,0.0025000000000000005
0.05,1/20,0.001867604247180695,0.027500000000000004,0.025,0.0025000000000000005
0.05,1/20,0.0019335536800311921,0.027500000000000004,0.025,0.0025000000000000005
0.05,1/20,0.0020018319401478852,0.027500000000000004,0.025,0.0025000000000000005
0.05,1/20,0.0020725212638169964,0.027500000000000004,0.025,0.0025000000000000005
0.05,1/20,0.0021457067912785334,0.027500000000000004,0.025,0.0025000000000000005
0.05,1/20,0.0022214766692716346,0.027500000000000004,0.025,0.0025000000000000005
0.05,1/20,0.0022999221572010163,0.027500000000000004,0.025,0.0025000000000000005
0.05,1/20,0.002381137737052406,0.027500000000000004,0.025,0.0025000000000000005
0.05,1/20,0.0024652212271893442,0.027500000000000004,0.025,0.0025000000000000005
0.05,1/20,0.002552273900168414,0.027500000000000004,0.025,0.0025000000000000005
0.05,1/20,0.0026424006047148013,0.027500000000000004,0.025,0.0025000000000000005
0.05,1/20,0.0027357098920050924,0.027500000000000004,0.025,0.0025000000000000005
0.05,1/20,0.0028323141464094113,0.027500000000000004,0.025,0.0025000000000000005
0.05,1/20,0.002932329720850364,0.027500000000000004,0.025,0.0025000000000000005
0.05,1/20,0.0030358770769418207,0.027500000000000004,0.025,0.0025000000000000005
0.05,1/20,0.003143080930076326,0.027500000000000004,0.025,0.0025000000000000005
0.05,1/20,0.003254070399635875,0.027500000000000004,0.025,0.0025000000000000005
0.05,1/20,0.0033689791645069864,0.027500000000000004,0.025,0.0025000000000000005
0.05,1/20,0.0034879456240873674,0.027500000000000004,0.025,0.0025000000000000005
0.05,1/20,0.0036111130649781136,0.027500000000000004,0.025,0.0025000000000000005
0.05,1/20,0.0037386298335621614,0.027500000000000004,0.025,0.0025000000000000005
0.05,1/20,0.0038706495146769242,0.027500000000000004,0.025,0.0025000000000000005
0.05,1/20,0.00400733111659625,0.027500000000000004,0.025,0.0025000000000000005
0.05,1/20,0.004148839262544529,0.027500000000000004,0.025,0.0025000000000000005
0.05,1/20,0.004295344388973605,0.027500000000000004,0.025,0.0025000000000000005
0.05,1/20,0.0044470229508413025,0.027500000000000004,0.025,0.0025000000000000005
0.05,1/20,0.004604057634138825,0.027500000000000004,0.025,0.0025000000000000005
0.05,1/20,0.004766637575922968,0.027500000000000004,0.025,0.0025000000000000005
0.05,1/20,0.004934958592118195,0.027500000000000004,0.025,0.0025000000000000005
0.05,1/20,0.005109223413362946,0.027500000000000004,0.025,0.0025000000000000005
0.05,1/20,0.005289641929184176,0.027500000000000004,0.025,0.0025000000000000005
0.05,1/20,0.0054764314407943155,0.027500000000000004,0.025,0.0025000000000000005
0.05,1/20,0.005669816922815053,0.027500000000000004,0.025,0.0025000000000000005
0.05,1/20,0.00587003129424319,0.027500000000000004,0.025,0.0025000000000000005
0.05,1/20,0.006077315698984936,0.027500000000000004,0.025,0.0025000000000000005
0.05,1/20,0.006291919796296511,0.027500000000000004,0.025,0.0025000000000000005
0.05,1/20,0.006514102061480888,0.027500000000000004,0.025,0.0025000000000000005
0.05,1/20,0.006744130097202822,0.027500000000000004,0.025,0.0025000000000000005
0.05,1/20,0.0069822809557971485,0.027500000000000004,0.025,0.0025000000000000005
0.05,1/20,0.00722884147295852,0.027500000000000004,0.025,0.0025000000000000005
0.05,1/20,0.0074841086132145145,0.027500000000000004,0.025,0.0025000000000000005
0.05,1/20,0.007748389827598186,0.027500000000000004,0.025,0.0025000000000000005
0.05,1/20,0.00802200342395087,0.027500000000000004,0.025,0.0025000000000000005
0.05,1/20,0.008305278950301245,0.027500000000000004,0.025,0.0025000000000000005
0.05,1/20,0.008598557591782371,0.027500000000000004,0.025,0.0025000000000000005
0.05,1/20,0.008902192581564819,0.027500000000000004,0.025,0.0025000000000000005
0.05,1/20,0.009216549626300806,0.027500000000000004,0.025,0.0025000000000000005
0.05,1/20,0.009542007346591688,0.027500000000000004,0.025,0.0025000000000000005
0.05,1/20,0.009878957733009452,0.027500000000000004,0.025,0.0025000000000000005
0.05,1/20,0.010227806618221357,0.027500000000000004,0.025,0.0025000000000000005
0.05,1/20,0.010588974165786372,0.027500000000000004,0.025,0.0025000000000000005
0.05,1/20,0.010962895376212175,0.027500000000000004,0.025,0.0025000000000000005
0.05,1/20,0.01135002061088218,0.027500000000000004,0.025,0.0025000000000000005
0.05,1/20,0.011750816134483652,0.027500000000000004,0.025,0.0025000000000000005
0.05,1/20,0.012165764676590222,0.027500000000000004,0.025,0.0025000000000000005
0.05,1/20,0.012595366013075138,0.027500000000000004,0.025,0.0025000000000000005
0.05,1/20,0.01304013756805563,0.027500000000000004,0.025,0.0025000000000000005
0.05,1/20,0.013500615037093279,0.027500000000000004,0.025,0.0025000000000000005
0.05,1/20,0.013977353032401043,0.027500000000000004,0.025,0.0025000000000000005
0.05,1/20,0.014470925750834059,0.027500000000000004,0.025,0.0025000000000000005
0.05,1/20,0.01498192766546871,0.027500000000000004,0.025,0.0025000000000000005
0.05,1/20,0.015510974241603014,0.027500000000000004,0.025,0.0025000000000000005
0.05,1/20,0.016058702678040552,0.027500000000000004,0.025,0.0025000000000000005
0.05,1/20,0.016625772674550933,0.027500000000000004,0.025,0.0025000000000000005
0.05,1/20,0.017212867226431033,0.027500000000000004,0.025,0.0025000000000000005
0.05,1/20,0.01782069344712403,0.027500000000000004,0.025,0.0025000000000000005
0.05,1/20,0.018449983419887028,0.027500000000000004,0.025,0.0025000000000000005
0.05,1/20,0.01910149507953302,0.027500000000000004,0.025,0.0025000000000000005
0.05,1/20,0.019776013125309275,0.027500000000000004,0.025,0.0025000000000000005
0.05,1/20,0.02047434996601145,0.027500000000000004,0.025,0.0025000000000000005
0.05,1/20,0.021197346698471977,0.027500000000000004,0.025,0.0025000000000000005
0.05,1/20,0.02194587412060111,0.027500000000000004,0.025,0.0025000000000000005
0.05,1/20,0.022720833780200775,0.027500000000000004,0.025,0.0025000000000000005
0.05,1/20,0.023523159060814494,0.027500000000000004,0.025,0.0025000000000000005
0.05,1/20,0.024353816305921226,0.027500000000000004,0.025,0.0025000000000000005
0.05,1/20,0.02521380598282695,0.027500000000000004,0.025,0.0025000000000000005
0.05,1/20,0.026104163887656143,0.027500000000000004,0.025,0.0025000000000000005
0.05,1/20,0.027025962392894162,0.027500000000000004,0.025,0.0025000000000000005
0.05,1/20,0.02798031173898332,0.027500000000000004,0.025,0.0025000000000000005
0.05,1/20,0.02896836137152815,0.027500000000000004,0.025,0.0025000000000000005
0.05,1/20,0.02999130132572052,0.027500000000000004,0.025,0.0025000000000000005
0.05,1/20,0.03105036365965205,0.027500000000000004,0.025,0.002500000000000001
0.05,1/20,0.03214682393823997,0.027500000000000007,0.025,0.002500000000000006
0.05,1/20,0.033282002769554,0.02750000000000006,0.025,0.002500000000000056
0.05,1/20,0.0344572673953944,0.027500000000000472,0.025,0.0025000000000004697
0.05,1/20,0.035674033338037016,0.027500000000003456,0.025,0.0025000000000034543
0.05,1/20,0.03693376610512878,0.02750000000002229,0.025,0.0025000000000222904
0.05,1/20,0.038237982954786885,0.027500000000127187,0.025,0.002500000000127187
0.05,1/20,0.03958825472302793,0.02750000000064711,0.025,0.002500000000647108
0.05,1/20,0.04098620771572751,0.027500000002958033,0.025,0.0025000000029580327
0.05,1/20,0.04243352566738955,0.027500000012235824,0.025,0.0025000000122358235
0.05,1/20,0.0439319517690842,0.0275000000461065,0.025,0.002500000046106498
0.05,1/20,0.045483290767996946,0.027500000159253055,0.025,0.0025000001592530526
0.05,1/20,0.047089411141117636,0.027500000507135566,0.025,0.002500000507135566
0.05,1/20,0.04875224734568751,0.027500001496969958,0.025,0.002500001496969955
0.05,1/20,0.05047380214911486,0.027500004116576066,0.025,0.0025000041165760636
0.05,1/20,0.05225614904116508,0.02750001059557655,0.025,0.00250001059557655
0.05,1/20,0.05410143473133113,0.027500025637162646,0.025,0.0025000256371626463
0.05,1/20,0.05601188173439166,0.02750005855090991,0.025,0.0025000585509099057
0.05,1/20,0.05798979104727128,0.027500126694040245,0.025000000000000005,0.0025001266940402407
0.05,1/20,0.06003754492042698,0.02750026065494892,0.025000000000000043,0.002500260654948877
0.05,1/20,0.06215760972709868,0.02750051154941465,0.025000000000000435,0.0025005115494142168
0.05,1/20,0.06435253893387943,0.027500960615476047,0.025000000000003936,0.0025009606154721116
0.05,1/20,0.06662497617618361,0.027501730978710455,0.02500000000003079,0.002501730978679669
0.05,1/20,0.06897765844231687,0.027503001040319996,0.02500000000021036,0.0025030010401096378
0.05,1/20,0.07141341936998302,0.027505018476832763,0.02500000000126632,0.002505018475566447
0.05,1/20,0.07393519265919818,0.027508113420534348,0.025000000006773142,0.0025081134137612034
0.05,1/20,0.07654601560572284,0.027512709110551824,0.02500000003244454,0.0025127090781072816
0.05,1/20,0.07924903275926773,0.027519328246798307,0.025000000140217846,0.0025193281065804605
0.05,1/20,0.08204749971087907,0.027528593486241967,0.025000000550511905,0.002528592935730063
0.05,1/20,0.08494478701406555,0.027541220986376368,0.025000001976162447,0.002541219010213922
0.05,1/20,0.08794438424438919,0.027558006567686727,0.025000006524908407,0.002558000042778318
0.05,1/20,0.09104990420240977,0.027579804843066907,0.025000019927396564,0.002579784915670342
0.05,1/20,0.094265087265045,0.027607502444777412,0.02500005658697484,0.00260744585780257
0.05,1/20,0.09759380589058728,0.027641987186161263,0.025000150136186745,0.0026418370499745204
0.05,1/20,0.10104006928280314,0.0276841155933807,0.02500037387679752,0.0026837417165831838
0.05,1/20,0.1046080282197326,0.027734681769048093,0.025000877575815223,0.002733804193232871
0.05,1/20,0.10830198005300484,0.027794391111014758,0.025001949256357202,0.002792441854657557
0.05,1/20,0.1121263738836912,0.027863843149490426,0.025004112267241786,0.0028597308822486418
0.05,1/20,0.11608581592092959,0.027943528798713247,0.025008268258772365,0.0029352605399408827
0.05,1/20,0.12018507502977428,0.02803384863960431,0.025015894947140335,0.0030179536924639736
0.05,1/20,0.12442908847495314,0.028135160244122312,0.025029303177641786,0.003105857066480523
0.05,1/20,0.12882296786745032,0.028247863562548332,0.025051950759440524,0.003195912803107808
0.05,1/20,0.1333720053210764,0.02837253337138178,0.025088801457198415,0.003283731914183366
0.05,1/20,0.13808167982644134,0.02851010603574621,0.025146707637213134,0.003363398398533075
0.05,1/20,0.14295766385000766,0.028662123886353016,0.025234786053786373,0.003427337832566645
0.05,1/20,0.1480058301661704,0.02883103429147459,0.025364749878473695,0.0034662844130008935
0.05,1/20,0.15323225893059453,0.029020532552386596,0.025551157756677302,0.0034693747957092926
0.05,1/20,0.1586432450033283,0.029235929188223424,0.02581154321298817,0.0034243859752352513
0.05,1/20,0.16424530553051217,0.029484514532041702,0.026166395086210072,0.00331811944583163
0.05,1/20,0.17004518779381583,0.029775888441908968,0.026638971013726257,0.0031369174281827093
0.05,1/20,0.17604987733705682,0.03012222163618281,0.027254939832194833,0.0028672818039879758
0.05,1/20,0.18226660637978914,0.030538418335399477,0.02804186331539029,0.0024965550200091845
0.05,1/20,0.18870286252799484,0.031042157330993497,0.029028541126177122,0.0020136162048163733
0.05,1/20,0.1953663977923706,0.03165379926199223,0.030244253701408423,0.001409545560583805
0.05,1/20,0.20226523792507076,0.03239616010123762,0.03171794498521144,0.0006782151160261846
0.05,1/20,0.20940769208615226,0.03329416271133018,0.033477390018590986,-0.00018322730726080295
0.05,1/20,0.21680236285136423,0.03437438806372976,0.035548391473443984,-0.0011740034097142207
0.05,1/20,0.22445815657333673,0.03566455407303853,0.03795404482812027,-0.002289490755081747
0.05,1/20,0.23238429410864475,0.03719295245860764,0.04071410486221756,-0.0035211524036099194
0.05,1/20,0.2405903219236722,0.038987872833396456,0.04384447748478694,-0.004856604651390484
0.05,1/20,0.2490861235926483,0.04107703916394711,0.04735685158471777,-0.006279812420770664
0.05,1/20,0.25788193170170676,0.04348707801573596,0.051258476473754935,-0.007771398458018972
0.05,1/20,0.2669883401733045,0.04624303181490814,0.055552082266553546,-0.009309050451645408
0.05,1/20,0.27641631702584446,0.04936792474182784,0.06023593367851928,-0.010868008936691438
0.05,1/20,0.2861772175838703,0.052882384492835215,0.06530400247748178,-0.012421617984646562
0.05,1/20,0.29628279815474357,0.05680432027592214,0.0707462402674967,-0.013941919991574552
0.05,1/20,0.3067452301882755,0.061148655967635926,0.07654893133043059,-0.015400275362794664
0.05,1/20,0.3175771149363693,0.06592711703609172,0.08269510471575242,-0.016767987679660694
0.05,1/20,0.3287914986303277,0.07114807019858906,0.0891649854002099,-0.01801691520162085
0.05,1/20,0.34040188819410616,0.07681641540098516,0.09593646585970264,-0.01912005045871748
0.05,1/20,0.35242226751243766,0.08293353022655561,0.10298558153151716,-0.02005205130496155
0.05,1/20,0.36486711427342416,0.08949726702911588,0.11028697614565,-0.020789709116534126
0.05,1/20,0.3777514174058756,0.0965020028268285,0.11781434555505924,-0.021312342728230748
0.05,1/20,0.3910906951324048,0.10393874128429882,0.12554085132459972,-0.0216021100403009
0.05,1/20,0.404901013660018,0.11179526502523222,0.13343949781853065,-0.021644232793298423
0.05,1/20,0.4191990065307131,0.12005633517991166,0.141483468768671,-0.021427133588759337
0.05,1/20,0.4340018946553927,0.12870393362910967,0.14964642125660757,-0.020942487627497904
0.05,1/20,0.4493275070552209,0.13771754201072922,0.15790273668004176,-0.020185194669312546
0.05,1/20,0.46519430233540554,0.14707445034756494,0.16622772959418244,-0.019153279246617493
0.05,1/20,0.48162139091726947,0.15675008724993428,0.17459781633940077,-0.01784772908946649
0.05,1/20,0.4986285580553876,0.16671836312759486,0.182990646112512,-0.01627228298491716
0.05,1/20,0.5162362876675126,0.1769520177532365,0.19138519764398818,-0.014433179890751706
0.05,1/20,0.5344657870059901,0.1874229638543097,0.1997618449429642,-0.012338881088654503
0.05,1/20,0.5533390122003791,0.1981026191304137,0.20810239570215253,-0.009999776571738853
0.05,1/20,0.5728786947020427,0.2089622201263735,0.21639010595007518,-0.007427885823701692
0.05,1/20,0.5931083686625546,0.21997311264092123,0.22460967442974383,-0.004636561788822595
0.05,1/20,0.6140523992789051,0.23110701471260053,0.23274721999879275,-0.0016402052861922353
0.05,1/20,0.6357360121396401,0.24233624959628905,0.24079024510981908,0.0015460044864699513
0.05,1/20,0.6581853236072797,0.25363394743727047,0.24872758816108484,0.004906359276185622
0.05,1/20,0.681427372273611,0.2649742154972934,0.2565493672227707,0.008424848274522688
0.05,1/20,0.7054901515257408,0.276332277744564,0.2642469173552036,0.012085360389360388
0.05,1/20,0.7304026432621297,0.2876845853667195,0.27181272345243956,0.015871861914279965
0.05,1/20,0.7561948527992183,0.29900890030261124,0.2792403502742048,0.01976855002840646
0.05,1/20,0.7828978450106878,0.31028435423116774,0.28652437107625484,0.023759983154912907
0.05,1/20,0.8105437817428801,0.32149148563020763,0.2936602960166876,0.02783118961352008
0.05,1/20,0.8391659605514443,0.332612257556717,0.3006445013052582,0.031967756251458763
0.05,1/20,0.8687988548058637,0.3436300587358445,0.30747415987477283,0.036155898861071734
0.05,1/20,0.8994781552101654,0.3545296904096058,0.31414717418789684,0.040382516221708964
0.05,1/20,0.9312408127898267,0.3652973412148245,0.32066211164830044,0.044635229566524104
0.05,1/20,0.9641250833966406,0.37592055215482684,0.3270181429606787,0.04890240919414812
0.05,1/20,0.9981705737851589,0.38638817351719845,0.33321498367830066,0.05317318983889782
0.05,1/20,1.0334182893161985,0.3966903153819141,0.3392528390876519,0.05743747629426227
0.05,1/20,1.0699106833448677,0.40681829316765183,0.3451323525057434,0.06168594066190841
0.05,1/20,1.1076917083526003,0.416764569483058,0.3508545570050334,0.06591001247802464
0.05,1/20,1.1468068688847792,0.42652269338569543,0.356420830532023,0.07010186285367245
0.05,1/20,1.1873032763577098,0.4360872380043313,0.36183285434689694,0.07425438365743436
0.05,1/20,1.2292297058009558,0.44545373734906313,0.3670925746816448,0.07836116266741835
0.05,1/20,1.2726366546033767,0.4546186230169976,0.37220216749164425,0.08241645552535343
0.05,1/20,1.3175764033336257,0.4635791613971338,0.37716400615952306,0.08641515523761076
0.05,1/20,1.3641030787083595,0.47233339188513457,0.38198063199921506,0.09035275988591956
0.05,1/20,1.4122727187839992,0.48088006653539406,0.38665472740156737,0.09422533913382672
0.05,1/20,1.4621433404505726,0.48921859150304714,0.39118909145985076,0.09802950004319638
0.05,1/20,1.5137750093089035,0.49734897056135596,0.39558661791336325,0.10176235264799277
0.05,1/20,1.5672299120153435,0.5052717509195541,0.3998502752494372,0.10542147567011695
0.05,1/20,1.6225724311811536,0.5129879715121067,0.4039830888080211,0.1090048827040857
0.05,1/20,1.6798692229167616,0.5204991138820647,0.40798812473821644,0.1125109891438483
0.05,1/20,1.739189297114283,0.527807055738349,0.41186847566233004,0.11593858007601898
0.05,1/20,1.800604100565008,0.5349140272291025,0.4156272479098664,0.11928677931923617
0.05,1/20,1.8641876030119544,0.5418225699403918,0.41926755019118894,0.12255501974920285
0.05,1/20,1.9300163862411406,0.548535498601246,0.4227924835881237,0.12574301501312224
0.05,1/20,1.9981697363188746,0.5550558654519938,0.4262051327464092,0.12885073270558467
0.05,1/20,2.068729739086156,0.5613869272127913,0.4295085581624812,0.13187836905031008
0.05,1/20,2.1417813790252085,0.5675321145728286,0.4327057894645279,0.13482632510830073
0.05,1/20,2.2174126416172135,0.5734950041076281,0.4357998195949811,0.13769518451264703
0.05,1/20,2.295714619314539,0.5792792925217805,0.4387935998085695,0.14048569271321093
0.05,1/20,2.376781621255095,0.584888773107095,0.44169003540671264,0.14319873770038236
0.05,1/20,2.4607112868509415,0.5903273143011376,0.44449198213534385,0.14583533216579375
0.05,1/20,2.5476047033879916,0.5955988402282053,0.4472022431792211,0.14839659704898422
0.05,1/20,2.6375665277784246,0.6007073131036331,0.4498235666913838,0.15088374641224933
0.05,1/20,2.7307051126124584,0.6056567173826963,0.45235864380166224,0.15329807358103417
0.05,1/20,2.8271326366613048,0.6104510455369906,0.45481010705303887,0.15564093848395175
0.05,1/20,2.9269652399884825,0.6150942853438239,0.4571805292192063,0.15791375612461764
0.05,1/20,3.0303231638322288,0.6195904085776409,0.4594724224608841,0.16011798611675687
0.05,1/20,3.1373308954274775,0.6239433609966087,0.4616882377823465,0.16225512321426225
0.05,1/20,3.2481173179418428,0.6281570535221056,0.46383036475321193,0.16432668876889373
0.05,1/20,3.3628158657061844,0.6322353545137875,0.46590113146384143,0.16633422304994608
0.05,1/20,3.4815646849267257,0.636182083048073,0.4679028046857349,0.16827927836233814
0.05,1/20,3.6045068000722877,0.6400010031131623,0.46983759021108873,0.17016341290207365
0.05,1/20,3.7317902861370564,0.6436958186390193,0.4717076333482273,0.17198818529079196
0.05,1/20,3.8635684469863127,0.6472701692860142,0.4735150195519411,0.17375514973407316
0.05,1/20,4.0,0.6507276269211082,0.4752617751698871,0.17546585175122115
0.2,1/5,0.001,0.10000000000000002,0.10000000000000002,4.749051423059516e-144
0.2,1/5,0.001035312316809117,0.10000000000000002,0.10000000000000002,1.222000625299004e-134
0.2,1/5,0.0010718715933366611,0.10000000000000002,0.10000000000000002,7.371322593568024e-126
0.2,1/5,0.0011097218626192583,0.10000000000000002,0.10000000000000002,1.14886967907555e-117
0.2,1/5,0.0011489087126020728,0.10000000000000002,0.10000000000000002,5.065903909454212e-110
0.2,1/5,0.0011894793410462316,0.10000000000000002,0.10000000000000002,6.8781381116818e-103
0.2,1/5,0.0012314826123751557,0.10000000000000002,0.10000000000000002,3.1118179742942226e-96
0.2,1/5,0.0012749691165282648,0.10000000000000002,0.10000000000000002,5.049964977502483e-90
0.2,1/5,0.0013199912298929508,0.10000000000000002,0.10000000000000002,3.1488295454008216e-84
0.2,1/5,0.0013666031783881865,0.10000000000000002,0.10000000000000002,8.043597191552713e-79
0.2,1/5,0.001414861102775776,0.10000000000000002,0.10000000000000002,8.936715098596529e-74
0.2,1/5,0.0014648231262778908,0.10000000000000002,0.10000000000000002,4.566416590107418e-69
0.2,1/5,0.0015165494245823366,0.10000000000000002,0.10000000000000002,1.1304753499644091e-64
0.2,1/5,0.001570102298319872,0.10000000000000002,0.10000000000000002,1.4234293092960923e-60
0.2,1/5,0.0016255462481008657,0.10000000000000002,0.10000000000000002,9.538636148871195e-57
0.2,1/5,0.0016829480522016747,0.10000000000000002,0.10000000000000002,3.5487751518631867e-53
0.2,1/5,0.0017423768469943064,0.10000000000000002,0.10000000000000002,7.625128785663895e-50
0.2,1/5,0.0018039042102162397,0.10000000000000002,0.10000000000000002,9.816983518154008e-47
0.2,1/5,0.001867604247180695,0.10000000000000002,0.10000000000000002,7.83763151346823e-44
0.2,1/5,0.0019335536800311921,0.10000000000000002,0.10000000000000002,4.0066476969039076e-41
0.2,1/5,0.0020018319401478852,0.10000000000000002,0.10000000000000002,1.351287037175993e-38
0.2,1/5,0.0020725212638169964,0.10000000000000002,0.10000000000000002,3.091678520337258e-36
0.2,1/5,0.0021457067912785334,0.10000000000000002,0.10000000000000002,4.925148415858165e-34
0.2,1/5,0.0022214766692716346,0.10000000000000002,0.10000000000000002,5.59709832315472e-32
0.2,1/5,0.0022999221572010163,0.10000000000000002,0.10000000000000002,4.641503117041843e-30
0.2,1/5,0.002381137737052406,0.10000000000000002,0.10000000000000002,2.8686690690244067e-28
0.2,1/5,0.0024652212271893442,0.10000000000000002,0.10000000000000002,1.3476809244686784e-26
0.2,1/5,0.002552273900168414,0.10000000000000002,0.10000000000000002,4.901886520490061e-25
0.2,1/5,0.0026424006047148013,0.10000000000000002,0.10000000000000002,1.404294341310858e-23
0.2,1/5,0.0027357098920050924,0.10000000000000002,0.10000000000000002,3.219743726688838e-22
0.2,1/5,0.0028323141464094113,0.10000000000000002,0.10000000000000002,5.997028862149346e-21
0.2,1/5,0.002932329720850364,0.10000000000000002,0.10000000000000002,9.201341730214337e-20
0.2,1/5,0.0030358770769418207,0.10000000000000002,0.10000000000000002,1.1781732151836792e-18
0.2,1/5,0.003143080930076326,0.10000000000000003,0.10000000000000002,1.2743077588095731e-17
0.2,1/5,0.003254070399635875,0.10000000000000013,0.10000000000000002,1.1774914792727073e-16
0.2,1/5,0.0033689791645069864,0.10000000000000096,0.10000000000000002,9.393794455411694e-16
0.2,1/5,0.0034879456240873674,0.10000000000000656,0.10000000000000002,6.534288842876878e-15
0.2,1/5,0.0036111130649781136,0.10000000000004002,0.10000000000000002,3.99960361752246e-14
0.2,1/5,0.0037386298335621614,0.1000000000002173,0.10000000000000002,2.1727847132831695e-13
0.2,1/5,0.0038706495146769242,0.10000000000105602,0.10000000000000002,1.0560091549735238e-12
0.2,1/5,0.00400733111659625,0.10000000000462604,0.10000000000000002,4.626015825280558e-12
0.2,1/5,0.004148839262544529,0.10000000001839311,0.10000000000000002,1.8393097977276856e-11
0.2,1/5,0.004295344388973605,0.10000000006680797,0.10000000000000002,6.680794963752536e-11
0.2,1/5,0.0044470229508413025,0.1000000002230257,0.10000000000000002,2.230256854589125e-10
0.2,1/5,0.004604057634138825,0.10000000068815557,0.10000000000000002,6.881555442142615e-10
0.2,1/5,0.004766637575922968,0.10000000197292326,0.10000000000000002,1.972923247528421e-09
0.2,1/5,0.004934958592118195,0.10000000528151906,0.10000000000000002,5.281519044788536e-09
0.2,1/5,0.005109223413362946,0.10000001326241169,0.10000000000000002,1.3262411669035553e-08
0.2,1/5,0.005289641929184176,0.10000003137309364,0.10000000000000002,3.13730936269959e-08
0.2,1/5,0.0054764314407943155,0.10000007019316251,0.10000000000000002,7.019316248764317e-08
0.2,1/5,0.005669816922815053,0.10000014909048861,0.10000000000000002,1.490904885982037e-07
0.2,1/5,0.00587003129424319,0.10000030166795583,0.10000000000000002,3.016679558122185e-07
0.2,1/5,0.006077315698984936,0.10000058336138028,0.10000000000000002,5.833613802519597e-07
0.2,1/5,0.006291919796296511,0.10000108139918894,0.10000000000000002,1.0813991889229948e-06
0.2,1/5,0.006514102061480888,0.1000019270665564,0.10000000000000002,1.9270665563791476e-06
0.2,1/5,0.006744130097202822,0.10000330986189576,0.10000000000000002,3.309861895747884e-06
0.2,1/5,0.0069822809557971485,0.10000549273875632,0.10000000000000002,5.492738756299972e-06
0.2,1/5,0.00722884147295852,0.10000882725675017,0.10000000000000002,8.827256750146909e-06
0.2,1/5,0.0074841086132145145,0.10001376719175144,0.10000000000000002,1.3767191751411851e-05
0.2,1/5,0.007748389827598186,0.10002087903831391,0.10000000000000002,2.087903831390044e-05
0.2,1/5,0.00802200342395087,0.10003084791172424,0.10000000000000002,3.084791172422512e-05
0.2,1/5,0.008305278950301245,0.10004447762664716,0.10000000000000002,4.447762664714168e-05
0.2,1/5,0.008598557591782371,0.10006268416429275,0.10000000000000002,6.26841642927247e-05
0.2,1/5,0.008902192581564819,0.10008648228439272,0.10000000000000002,8.648228439270547e-05
0.2,1/5,0.009216549626300806,0.1001169656209543,0.10000000000000002,0.00011696562095428619
0.2,1/5,0.009542007346591688,0.10015528114886851,0.10000000000000002,0.00015528114886848824
0.2,1/5,0.009878957733009452,0.10020259935919983,0.10000000000000002,0.00020259935919981223
0.2,1/5,0.010227806618221357,0.10026008179020617,0.10000000000000002,0.00026008179020613897
0.2,1/5,0.010588974165786372,0.10032884770733226,0.10000000000000002,0.000328847707332239
0.2,1/5,0.010962895376212175,0.1004099417094556,0.10000000000000002,0.00040994170945557527
0.2,1/5,0.01135002061088218,0.10050430388007117,0.10000000000000002,0.0005043038800711458
0.2,1/5,0.011750816134483652,0.10061274383333042,0.10000000000000002,0.0006127438333304078
0.2,1/5,0.012165764676590222,0.10073591966486646,0.10000000000000002,0.0007359196648664465
0.2,1/5,0.012595366013075138,0.10087432244573673,0.10000000000000002,0.0008743224457367094
0.2,1/5,0.01304013756805563,0.1010282665301709,0.10000000000000002,0.0010282665301708795
0.2,1/5,0.013500615037093279,0.10119788561263478,0.10000000000000002,0.0011978856126347557
0.2,1/5,0.013977353032401043,0.10138313418700425,0.10000000000000002,0.0013831341870042236
0.2,1/5,0.014470925750834059,0.10158379384176522,0.10000000000000002,0.0015837938417652031
0.2,1/5,0.01498192766546871,0.1017994836737756,0.10000000000000002,0.0017994836737755824
0.2,1/5,0.015510974241603014,0.10202967401668096,0.10000000000000002,0.0020296740166809374
0.2,1/5,0.016058702678040552,0.10227370265152995,0.10000000000000002,0.0022737026515299344
0.2,1/5,0.016625772674550933,0.10253079268670066,0.10000000000000002,0.002530792686700649
0.2,1/5,0.017212867226431033,0.10280007135090738,0.10000000000000002,0.0028000713509073547
0.2,1/5,0.01782069344712403,0.10308058902577029,0.10000000000000002,0.003080589025770273
0.2,1/5,0.018449983419887028,0.10337133794301359,0.10000000000000002,0.003371337943013571
0.2,1/5,0.01910149507953302,0.10367127007702648,0.10000000000000002,0.0036712700770264637
0.2,1/5,0.019776013125309275,0.10397931386917268,0.10000000000000002,0.0039793138691726635
0.2,1/5,0.02047434996601145,0.10429438952049147,0.10000000000000002,0.004294389520491451
0.2,1/5,0.021197346698471977,0.10461542268056441,0.10000000000000002,0.004615422680564397
0.2,1/5,0.02194587412060111,0.10494135644003058,0.10000000000000002,0.004941356440030559
0.2,1/5,0.022720833780200775,0.10527116160142652,0.10000000000000002,0.005271161601426503
0.2,1/5,0.023523159060814494,0.10560384525754947,0.10000000000000002,0.00560384525754945
0.2,1/5,0.024353816305921226,0.10593845774892938,0.10000000000000002,0.005938457748929359
0.2,1/5,0.02521380598282695,0.10627409810325515,0.10000000000000002,0.006274098103255133
0.2,1/5,0.026104163887656143,0.10660991808102317,0.10000000000000002,0.006609918081023151
0.2,1/5,0.027025962392894162,0.10694512496468653,0.10000000000000002,0.006945124964686506
0.2,1/5,0.02798031173898332,0.10727898323462928,0.10000000000000002,0.007278983234629265
0.2,1/5,0.02896836137152815,0.1076108152757566,0.10000000000000002,0.007610815275756572
0.2,1/5,0.02999130132572052,0.10794000125465375,0.10000000000000002,0.007940001254653738
0.2,1/5,0.03105036365965205,0.10826597830025435,0.10000000000000002,0.008265978300254334
0.2,1/5,0.03214682393823997,0.10858823911174009,0.10000000000000002,0.00858823911174007
0.2,1/5,0.033282002769554,0.10890633010678619,0.10000000000000002,0.008906330106786165
0.2,1/5,0.0344572673953944,0.10921984921192354,0.10000000000000002,0.009219849211923528
0.2,1/5,0.035674033338037016,0.10952844338523418,0.10000000000000002,0.009528443385234155
0.2,1/5,0.03693376610512878,0.10983180595022526,0.10000000000000002,0.00983180595022525
0.2,1/5,0.038237982954786885,0.1101296738088307,0.10000000000000002,0.010129673808830675
0.2,1/5,0.03958825472302793,0.11042182459126776,0.10000000000000002,0.010421824591267736
0.2,1/5,0.04098620771572751,0.11070807379106079,0.10000000000000002,0.010708073791060771
0.2,1/5,0.04243352566738955,0.11098827192500203,0.10000000000000002,0.010988271925002015
0.2,1/5,0.0439319517690842,0.11126230175017932,0.10000000000000002,0.011262301750179298
0.2,1/5,0.045483290767996946,0.11153007556345179,0.10000000000000002,0.011530075563451774
0.2,1/5,0.047089411141117636,0.11179153260286528,0.10000000000000002,0.011791532602865262
0.2,1/5,0.04875224734568751,0.11204663656541844,0.10000000000000002,0.012046636565418416
0.2,1/5,0.05047380214911486,0.11229537325125903,0.10000000000000002,0.012295373251259014
0.2,1/5,0.05225614904116508,0.11253774834073918,0.10000000000000002,0.012537748340739155
0.2,1/5,0.05410143473133113,0.11277378530772039,0.10000000000000002,0.012773785307720378
0.2,1/5,0.05601188173439166,0.11300352347002607,0.10000000000000002,0.013003523470026049
0.2,1/5,0.05798979104727128,0.11322701617592013,0.10000000000000002,0.013227016175920097
0.2,1/5,0.06003754492042698,0.11344432912388301,0.10000000000000006,0.013444329123882952
0.2,1/5,0.06215760972709868,0.11365553881168264,0.10000000000000045,0.013655538811682189
0.2,1/5,0.06435253893387943,0.11386073110971988,0.10000000000000395,0.013860731109715928
0.2,1/5,0.06662497617618361,0.11405999995278945,0.1000000000000308,0.014059999952758645
0.2,1/5,0.06897765844231687,0.11425344614380706,0.10000000000021038,0.014253446143596683
0.2,1/5,0.07141341936998302,0.1144411762633856,0.10000000000126634,0.014441176262119257
0.2,1/5,0.07393519265919818,0.11462330168288115,0.10000000000677316,0.014623301676107996
0.2,1/5,0.07654601560572284,0.11479993769246963,0.10000000003244457,0.014799937660025065
0.2,1/5,0.07924903275926773,0.11497120279529767,0.10000000014021787,0.0149712026550798
0.2,1/5,0.08204749971087907,0.11513721831333129,0.10000000055051192,0.015137217762819366
0.2,1/5,0.08494478701406555,0.11529810864911572,0.10000000197616246,0.015298106672953253
0.2,1/5,0.08794438424438919,0.11545400291895151,0.10000000652490842,0.01545399639404309
0.2,1/5,0.09104990420240977,0.11560503929490187,0.10000001992739659,0.015605019367505291
0.2,1/5,0.094265087265045,0.11575137432555307,0.10000005658697486,0.015751317738578217
0.2,1/5,0.09759380589058728,0.11589320074610548,0.10000015013618677,0.01589305060991872
0.2,1/5,0.10104006928280314,0.11603077871983868,0.10000037387679754,0.016030404843041142
0.2,1/5,0.1046080282197326,0.11616448680346987,0.10000087757581524,0.016163609227654634
0.2,1/5,0.10830198005300484,0.11629489977300186,0.10000194925635722,0.01629295051664465
0.2,1/5,0.1121263738836912,0.11642290026839466,0.1000041122672418,0.016418788001152863
0.2,1/5,0.11608581592092959,0.1165498295355192,0.10000826825877239,0.016541561276746823
0.2,1/5,0.12018507502977428,0.11667767908428217,0.10001589494714036,0.016661784137141825
0.2,1/5,0.12442908847495314,0.11680931991648688,0.1000293031776418,0.016780016738845084
0.2,1/5,0.12882296786745032,0.11694875961116105,0.10005195075944054,0.016896808851720502
0.2,1/5,0.1333720053210764,0.11710141089227338,0.10008880145719844,0.017012609435074957
0.2,1/5,0.13808167982644134,0.11727434949543994,0.10014670763721314,0.01712764185822679
0.2,1/5,0.14295766385000766,0.11747653536313368,0.1002347860537864,0.017241749309347288
0.2,1/5,0.1480058301661704,0.11771897036198761,0.10036474987847371,0.0173542204835139
0.2,1/5,0.15323225893059453,0.1180147683201907,0.10055115775667732,0.01746361056351338
0.2,1/5,0.1586432450033283,0.11837911916924901,0.10081154321298819,0.017567575956260816
0.2,1/5,0.16424530553051217,0.11882913774319781,0.10116639508621009,0.01766274265698771
0.2,1/5,0.17004518779381583,0.11938359830456437,0.10163897101372628,0.017744627290838092
0.2,1/5,0.17604987733705682,0.1200625668271404,0.10225493983219486,0.01780762699494554
0.2,1/5,0.18226660637978914,0.12088695309282863,0.10304186331539031,0.017845089777438324
0.2,1/5,0.18870286252799484,0.12187801248690892,0.10402854112617714,0.017849471360731783
0.2,1/5,0.1953663977923706,0.1230568320108967,0.10524425370140844,0.017812578309488267
0.2,1/5,0.20226523792507076,0.12444383588529256,0.10671794498521146,0.017725890900081108
0.2,1/5,0.20940769208615226,0.1260583430824206,0.108477390018591,0.017580953063829577
0.2,1/5,0.21680236285136423,0.12791820261984943,0.110548391473444,0.017369811146405414
0.2,1/5,0.22445815657333673,0.1300395233311435,0.1129540448281203,0.017085478503023197
0.2,1/5,0.23238429410864475,0.13243650433278925,0.11571410486221759,0.016722399470571667
0.2,1/5,0.2405903219236722,0.13512136190823784,0.11884447748478696,0.016276884423450877
0.2,1/5,0.2490861235926483,0.13810433936553437,0.12235685158471779,0.015747487780816576
0.2,1/5,0.25788193170170676,0.14139377967039993,0.12625847647375496,0.015135303196644967
0.2,1/5,0.2669883401733045,0.14499623697580724,0.13055208226655357,0.01444415470925367
0.2,1/5,0.27641631702584446,0.14891660273927199,0.1352359336785193,0.01368066906075268
0.2,1/5,0.2861772175838703,0.15315822464817952,0.14030400247748182,0.012854222170697698
0.2,1/5,0.29628279815474357,0.15772300139754675,0.14574624026749672,0.011976761130050015
0.2,1/5,0.3067452301882755,0.16261144259692958,0.15154893133043063,0.011062511266498959
0.2,1/5,0.3175771149363693,0.1678226897787077,0.15769510471575246,0.010127585062955254
0.2,1/5,0.3287914986303277,0.1733545007815312,0.16416498540020993,0.009189515381321275
0.2,1/5,0.34040188819410616,0.17920320502459164,0.17093646585970268,0.008266739164888987
0.2,1/5,0.35242226751243766,0.18536364094703486,0.1779855815315172,0.007378059415517668
0.2,1/5,0.36486711427342416,0.1918290889816841,0.18528697614565004,0.006542112836034064
0.2,1/5,0.3777514174058756,0.19859121388968334,0.19281434555505927,0.005776868334624069
0.2,1/5,0.3910906951324048,0.20564002928132397,0.20054085132459976,0.005099177956724182
0.2,1/5,0.404901013660018,0.21296389496274098,0.20843949781853066,0.004524397144210324
0.2,1/5,0.4191990065307131,0.220549554702953,0.21648346876867103,0.004066085934281996
0.2,1/5,0.4340018946553927,0.2283822184540585,0.2246464212566076,0.003735797197450902
0.2,1/5,0.4493275070552209,0.23644568932159757,0.2329027366800418,0.003542952641555755
0.2,1/5,0.46519430233540554,0.24472253199923907,0.24122772959418248,0.003494802405056577
0.2,1/5,0.48162139091726947,0.2531942762486325,0.24959781633940087,0.0035964599092316307
0.2,1/5,0.4986285580553876,0.26184164656809505,0.25799064611251205,0.0038510004555829813
0.2,1/5,0.5162362876675126,0.2706448076279042,0.2663851976439882,0.0042596099839160295
0.2,1/5,0.5344657870059901,0.2795836144401844,0.2747618449429643,0.004821769497220116
0.2,1/5,0.5533390122003791,0.2886378565627773,0.28310239570215256,0.005535460860624744
0.2,1/5,0.5728786947020427,0.2977874867980823,0.2913901059500753,0.00639738084800702
0.2,1/5,0.5931083686625546,0.30701282665050295,0.2996096744297439,0.007403152220759032
0.2,1/5,0.6140523992789051,0.3162947430114671,0.30774721999879284,0.00854752301267428
0.2,1/5,0.6357360121396401,0.32561479289553114,0.3157902451098192,0.009824547785711985
0.2,1/5,0.6581853236072797,0.33495533531936533,0.32372758816108493,0.011227747158280427
0.2,1/5,0.681427372273611,0.3442996114060934,0.3315493672227708,0.012750244183322601
0.2,1/5,0.7054901515257408,0.3536317953793512,0.3392469173552037,0.014384878024147521
0.2,1/5,0.7304026432621297,0.3629370202185422,0.34681272345243963,0.01612429676610254
0.2,1/5,0.7561948527992183,0.37220138237347855,0.3542403502742048,0.01796103209927373
0.2,1/5,0.7828978450106878,0.38141193012601343,0.3615243710762549,0.01988755904975853
0.2,1/5,0.8105437817428801,0.39055664001478874,0.36866029601668765,0.021896343998101073
0.2,1/5,0.8391659605514443,0.39962438530065375,0.3756445013052583,0.023979883995395482
0.2,1/5,0.8687988548058637,0.4086048998416281,0.3824741598747729,0.026130739966855235
0.2,1/5,0.8994781552101654,0.41748874005676884,0.38914717418789696,0.028341565868871862
0.2,1/5,0.9312408127898267,0.4262672469623371,0.3956621116483005,0.03060513531403662
0.2,1/5,0.9641250833966406,0.4349325096172024,0.40201814296067884,0.03291436665652357
0.2,1/5,0.9981705737851589,0.44347733075453716,0.40821498367830067,0.0352623470762365
0.2,1/5,1.0334182893161985,0.451895194923291,0.414252839087652,0.037642355835639005
0.2,1/5,1.0699106833448677,0.46018023912121647,0.4201323525057436,0.040047886615472886
0.2,1/5,1.1076917083526003,0.4683272256661244,0.42585455700503344,0.042472668661090965
0.2,1/5,1.1468068688847792,0.4763315169111992,0.4314208305320231,0.04491068637917607
0.2,1/5,1.1873032763577098,0.48418905134726886,0.43683285434689695,0.04735619700037193
0.2,1/5,1.2292297058009558,0.4918963206321223,0.4420925746816449,0.04980374595047739
0.2,1/5,1.2726366546033767,0.4994503471270434,0.4472021674916443,0.052248179635399086
0.2,1/5,1.3175764033336257,0.506848661588194,0.4521640061595232,0.05468465542867086
0.2,1/5,1.3641030787083595,0.5140892807422832,0.4569806319992152,0.057108648743068105
0.2,1/5,1.4122727187839992,0.5211706845618538,0.4616547274015675,0.05951595716028636
0.2,1/5,1.4621433404505726,0.528091793137916,0.4661890914598509,0.061902701678065095
0.2,1/5,1.5137750093089035,0.5348519431214392,0.4705866179133633,0.06426532520807597
0.2,1/5,1.5672299120153435,0.5414508637673636,0.4748502752494373,0.06660058851792629
0.2,1/5,1.6225724311811536,0.5478886526639082,0.4789830888080212,0.06890556385588704
0.2,1/5,1.6798692229167616,0.5541657512659915,0.48298812473821656,0.07117762652777497
0.2,1/5,1.739189297114283,0.56028292037525,0.4868684756623301,0.07341444471291982
0.2,1/5,1.800604100565008,0.566241215721876,0.49062724790986656,0.07561396781200948
0.2,1/5,1.8641876030119544,0.5720419638068975,0.49426755019118906,0.07777441361570846
0.2,1/5,1.9300163862411406,0.5776867381594099,0.4977924835881237,0.07989425457128614
0.2,1/5,1.9981697363188746,0.5831773361533745,0.5012051327464092,0.08197220340696533
0.2,1/5,2.068729739086156,0.5885157565145382,0.5045085581624813,0.08400719835205696
0.2,1/5,2.1417813790252085,0.593704177631251,0.507705789464528,0.08599838816672296
0.2,1/5,2.2174126416172135,0.5987449367646703,0.5107998195949812,0.08794511716968904
0.2,1/5,2.295714619314539,0.6036405102350568,0.5137935998085696,0.08984691042648725
0.2,1/5,2.376781621255095,0.6083934946423504,0.5166900354067128,0.09170345923563768
0.2,1/5,2.4607112868509415,0.613006589161584,0.5194919821353439,0.09351460702624008
0.2,1/5,2.5476047033879916,0.6174825789373501,0.5222022431792211,0.09528033575812901
0.2,1/5,2.6375665277784246,0.6218243195867489,0.5248235666913839,0.09700075289536499
0.2,1/5,2.7307051126124584,0.6260347228071885,0.5273586438016623,0.09867607900552612
0.2,1/5,2.8271326366613048,0.6301167430741199,0.5298101070530389,0.10030663602108096
0.2,1/5,2.9269652399884825,0.6340733654042559,0.5321805292192064,0.10189283618504942
0.2,1/5,3.0303231638322288,0.637907594151984,0.5344724224608841,0.10343517169109982
0.2,1/5,3.1373308954274775,0.641622442800416,0.5366882377823466,0.10493420501806945
0.2,1/5,3.2481173179418428,0.6452209247037011,0.538830364753212,0.10639055995048909
0.2,1/5,3.3628158657061844,0.6487060447337034,0.5409011314638416,0.10780491326986187
0.2,1/5,3.4815646849267257,0.6520807917817748,0.542902804685735,0.10917798709603978
0.2,1/5,3.6045068000722877,0.6553481320649682,0.5448375902110888,0.11051054185387944
0.2,1/5,3.7317902861370564,0.6585110031855105,0.5467076333482274,0.11180336983728313
0.2,1/5,3.8635684469863127,0.6615723088925277,0.5485150195519412,0.11305728934058652
0.2,1/5,4.0,0.6645349144957942,0.5502617751698872,0.114273139325907
0.35,7/20,0.001,0.175,0.175,0.0
0.35,7/20,0.001035312316809117,0.175,0.175,0.0
0.35,7/20,0.0010718715933366611,0.175,0.175,0.0
0.35,7/20,0.0011097218626192583,0.175,0.175,0.0
0.35,7/20,0.0011489087126020728,0.175,0.175,0.0
0.35,7/20,0.0011894793410462316,0.175,0.175,0.0
0.35,7/20,0.0012314826123751557,0.175,0.175,0.0
0.35,7/20,0.0012749691165282648,0.175,0.175,0.0
0.35,7/20,0.0013199912298929508,0.175,0.175,0.0
0.35,7/20,0.0013666031783881865,0.175,0.175,0.0
0.35,7/20,0.001414861102775776,0.175,0.175,0.0
0.35,7/20,0.0014648231262778908,0.175,0.175,0.0
0.35,7/20,0.0015165494245823366,0.175,0.175,0.0
0.35,7/20,0.001570102298319872,0.175,0.175,0.0
0.35,7/20,0.0016255462481008657,0.175,0.175,0.0
0.35,7/20,0.0016829480522016747,0.175,0.175,0.0
0.35,7/20,0.0017423768469943064,0.175,0.175,0.0
0.35,7/20,0.0018039042102162397,0.175,0.175,0.0
0.35,7/20,0.001867604247180695,0.175,0.175,0.0
0.35,7/20,0.0019335536800311921,0.175,0.175,0.0
0.35,7/20,0.0020018319401478852,0.175,0.175,0.0
0.35,7/20,0.0020725212638169964,0.175,0.175,0.0
0.35,7/20,0.0021457067912785334,0.175,0.175,0.0
0.35,7/20,0.0022214766692716346,0.175,0.175,0.0
0.35,7/20,0.0022999221572010163,0.175,0.175,0.0
0.35,7/20,0.002381137737052406,0.175,0.175,0.0
0.35,7/20,0.0024652212271893442,0.175,0.175,0.0
0.35,7/20,0.002552273900168414,0.175,0.175,0.0
0.35,7/20,0.0026424006047148013,0.175,0.175,0.0
0.35,7/20,0.0027357098920050924,0.175,0.175,0.0
0.35,7/20,0.0028323141464094113,0.175,0.175,0.0
0.35,7/20,0.002932329720850364,0.175,0.175,0.0
0.35,7/20,0.0030358770769418207,0.175,0.175,0.0
0.35,7/20,0.003143080930076326,0.175,0.175,0.0
0.35,7/20,0.003254070399635875,0.175,0.175,0.0
0.35,7/20,0.0033689791645069864,0.175,0.175,0.0
0.35,7/20,0.0034879456240873674,0.175,0.175,0.0
0.35,7/20,0.0036111130649781136,0.175,0.175,0.0
0.35,7/20,0.0037386298335621614,0.175,0.175,0.0
0.35,7/20,0.0038706495146769242,0.175,0.175,0.0
0.35,7/20,0.00400733111659625,0.175,0.175,0.0
0.35,7/20,0.004148839262544529,0.175,0.175,0.0
0.35,7/20,0.004295344388973605,0.175,0.175,0.0
0.35,7/20,0.0044470229508413025,0.175,0.175,0.0
0.35,7/20,0.004604057634138825,0.175,0.175,0.0
0.35,7/20,0.004766637575922968,0.175,0.175,0.0
0.35,7/20,0.004934958592118195,0.175,0.175,0.0
0.35,7/20,0.005109223413362946,0.175,0.175,0.0
0.35,7/20,0.005289641929184176,0.175,0.175,0.0
0.35,7/20,0.0054764314407943155,0.175,0.175,0.0
0.35,7/20,0.005669816922815053,0.175,0.175,0.0
0.35,7/20,0.00587003129424319,0.175,0.175,0.0
0.35,7/20,0.006077315698984936,0.175,0.175,0.0
0.35,7/20,0.006291919796296511,0.175,0.175,0.0
0.35,7/20,0.006514102061480888,0.175,0.175,0.0
0.35,7/20,0.006744130097202822,0.175,0.175,0.0
0.35,7/20,0.0069822809557971485,0.175,0.175,0.0
0.35,7/20,0.00722884147295852,0.175,0.175,0.0
0.35,7/20,0.0074841086132145145,0.175,0.175,0.0
0.35,7/20,0.007748389827598186,0.175,0.175,0.0
0.35,7/20,0.00802200342395087,0.175,0.175,0.0
0.35,7/20,0.008305278950301245,0.175,0.175,0.0
0.35,7/20,0.008598557591782371,0.175,0.175,0.0
0.35,7/20,0.008902192581564819,0.175,0.175,0.0
0.35,7/20,0.009216549626300806,0.175,0.175,0.0
0.35,7/20,0.009542007346591688,0.175,0.175,0.0
0.35,7/20,0.009878957733009452,0.175,0.175,0.0
0.35,7/20,0.010227806618221357,0.175,0.175,0.0
0.35,7/20,0.010588974165786372,0.175,0.175,0.0
0.35,7/20,0.010962895376212175,0.175,0.175,0.0
0.35,7/20,0.01135002061088218,0.175,0.175,0.0
0.35,7/20,0.011750816134483652,0.175,0.175,0.0
0.35,7/20,0.012165764676590222,0.175,0.175,3.567646303205436e-309
0.35,7/20,0.012595366013075138,0.175,0.175,1.1379352004554751e-288
0.35,7/20,0.01304013756805563,0.175,0.175,1.5347424536468334e-269
0.35,7/20,0.013500615037093279,0.175,0.175,1.0820649120812683e-251
0.35,7/20,0.013977353032401043,0.175,0.175,4.860845638900446e-235
0.35,7/20,0.014470925750834059,0.175,0.175,1.673359933202283e-219
0.35,7/20,0.01498192766546871,0.175,0.175,5.24430652826456e-205
0.35,7/20,0.015510974241603014,0.175,0.175,1.757091575850509e-191
0.35,7/20,0.016058702678040552,0.175,0.175,7.311650770717799e-179
0.35,7/20,0.016625772674550933,0.175,0.175,4.346029563620471e-167
0.35,7/20,0.017212867226431033,0.175,0.175,4.204309675956552e-156
0.35,7/20,0.01782069344712403,0.175,0.175,7.476361678696858e-146
0.35,7/20,0.018449983419887028,0.175,0.175,2.7378098689083526e-136
0.35,7/20,0.01910149507953302,0.175,0.175,2.2953563911606202e-127
0.35,7/20,0.019776013125309275,0.175,0.175,4.863643834720324e-119
0.35,7/20,0.02047434996601145,0.175,0.175,2.8562122519507706e-111
0.35,7/20,0.021197346698471977,0.175,0.175,5.066440078745776e-104
0.35,7/20,0.02194587412060111,0.175,0.175,2.941441017402151e-97
0.35,7/20,0.022720833780200775,0.175,0.175,6.024010231457326e-91
0.35,7/20,0.023523159060814494,0.175,0.175,4.6668332052453764e-85
0.35,7/20,0.024353816305921226,0.175,0.175,1.459748312711608e-79
0.35,7/20,0.02521380598282695,0.175,0.175,1.9591276598190397e-74
0.35,7/20,0.026104163887656143,0.175,0.175,1.1940309078741675e-69
0.35,7/20,0.027025962392894162,0.175,0.175,3.4843626149698803e-65
0.35,7/20,0.02798031173898332,0.175,0.175,5.114834065210199e-61
0.35,7/20,0.02896836137152815,0.175,0.175,3.955010402825355e-57
0.35,7/20,0.02999130132572052,0.175,0.175,1.681657038997664e-53
0.35,7/20,0.03105036365965205,0.175,0.175,4.092749255978841e-50
0.35,7/20,0.03214682393823997,0.175,0.175,5.918712405880805e-47
0.35,7/20,0.033282002769554,0.175,0.175,5.266606043963351e-44
0.35,7/20,0.0344572673953944,0.175,0.175,2.978974438588696e-41
0.35,7/20,0.035674033338037016,0.175,0.175,1.1041497120637205e-38
0.35,7/20,0.03693376610512878,0.175,0.175,2.7588187042498785e-36
0.35,7/20,0.038237982954786885,0.175,0.175,4.771299926001544e-34
0.35,7/20,0.03958825472302793,0.175,0.175,5.85442752052333e-32
0.35,7/20,0.04098620771572751,0.175,0.175,5.215138708689183e-30
0.35,7/20,0.04243352566738955,0.175,0.175,3.445983316650006e-28
0.35,7/20,0.0439319517690842,0.175,0.175,1.7232036477752684e-26
0.35,7/20,0.045483290767996946,0.175,0.175,6.6445653213634685e-25
0.35,7/20,0.047089411141117636,0.175,0.175,2.0104450045452413e-23
0.35,7/20,0.04875224734568751,0.175,0.175,4.851725879295544e-22
0.35,7/20,0.05047380214911486,0.175,0.175,9.481707446183749e-21
0.35,7/20,0.05225614904116508,0.175,0.175,1.5220321221853481e-19
0.35,7/20,0.05410143473133113,0.175,0.175,2.0335112093524777e-18
0.35,7/20,0.05601188173439166,0.17500000000000002,0.175,2.289251442083299e-17
0.35,7/20,0.05798979104727128,0.1750000000000002,0.175,2.1964643909453668e-16
0.35,7/20,0.06003754492042698,0.17500000000000185,0.17500000000000002,1.8152602913206417e-15
0.35,7/20,0.06215760972709868,0.17500000000001348,0.17500000000000043,1.3049642115775189e-14
0.35,7/20,0.06435253893387943,0.17500000000008628,0.17500000000000393,8.234647169313568e-14
0.35,7/20,0.06662497617618361,0.17500000000049074,0.17500000000003077,4.599618277334862e-13
0.35,7/20,0.06897765844231687,0.17500000000250227,0.17500000000021035,2.2919042272887946e-12
0.35,7/20,0.07141341936998302,0.17500000001152713,0.1750000000012663,1.0260830325270301e-11
0.35,7/20,0.07393519265919818,0.17500000004832222,0.17500000000677313,4.154909115561451e-11
0.35,7/20,0.07654601560572284,0.17500000018555492,0.17500000003244454,1.531104030185759e-10
0.35,7/20,0.07924903275926773,0.17500000065662577,0.17500000014021783,5.164079397948232e-10
0.35,7/20,0.08204749971087907,0.1750000021531493,0.1750000005505119,1.6026374072653272e-09
0.35,7/20,0.08494478701406555,0.1750000065753983,0.17500000197616244,4.599235868400881e-09
0.35,7/20,0.08794438424438919,0.17500001878679539,0.1750000065249084,1.226188698145589e-08
0.35,7/20,0.09104990420240977,0.17500005042987454,0.17500001992739656,3.050247798866928e-08
0.35,7/20,0.094265087265045,0.17500012767337533,0.17500005658697482,7.108640051541815e-08
0.35,7/20,0.09759380589058728,0.17500030593721794,0.17500015013618672,1.5580103121855733e-07
0.35,7/20,0.10104006928280314,0.17500069616492464,0.1750003738767975,3.2228812713061295e-07
0.35,7/20,0.1046080282197326,0.17500150892777255,0.1750008775758152,6.313519573374287e-07
0.35,7/20,0.10830198005300484,0.1750031242234468,0.17500194925635718,1.1749670895981714e-06
0.35,7/20,0.1121263738836912,0.1750061957775334,0.17500411226724177,2.083510291638556e-06
0.35,7/20,0.11608581592092959,0.17501179837602898,0.17500826825877236,3.5301172566212455e-06
0.35,7/20,0.12018507502977428,0.17502162470174293,0.17501589494714032,5.72975460260354e-06
0.35,7/20,0.12442908847495314,0.1750382339899532,0.1750293031776418,8.930812311405783e-06
0.35,7/20,0.12882296786745032,0.1750653486204869,0.17505195075944052,1.3397861046388324e-05
0.35,7/20,0.1333720053210764,0.17510818706867526,0.1750888014571984,1.9385611476854548e-05
0.35,7/20,0.13808167982644134,0.17517381344983324,0.17514670763721313,2.710581262010736e-05
0.35,7/20,0.14295766385000766,0.17527147652222744,0.17523478605378637,3.6690468441063936e-05
0.35,7/20,0.1480058301661704,0.17541290583052782,0.17536474987847367,4.8155952054133476e-05
0.35,7/20,0.15323225893059453,0.17561253081457495,0.1755511577566773,6.137305789766733e-05
0.35,7/20,0.1586432450033283,0.17588759083719932,0.17581154321298817,7.604762421116798e-05
0.35,7/20,0.16424530553051217,0.17625811023267945,0.17616639508621007,9.171514646938764e-05
0.35,7/20,0.17004518779381583,0.17674672203526054,0.17663897101372625,0.0001077510215342864
0.35,7/20,0.17604987733705682,0.17737833588049992,0.1772549398321948,0.00012339604830510038
0.35,7/20,0.18226660637978914,0.1781796582328217,0.1780418633153903,0.00013779491743142608
0.35,7/20,0.18870286252799484,0.17917858507189224,0.1790285411261771,0.00015004394571512588
0.35,7/20,0.1953663977923706,0.1804034971381206,0.1802442537014084,0.00015924343671217325
0.35,7/20,0.20226523792507076,0.1818824948223902,0.18171794498521143,0.00016454983717875162
0.35,7/20,0.20940769208615226,0.1836426132717275,0.18347739001859098,0.00016522325313653684
0.35,7/20,0.21680236285136423,0.18570905822273995,0.18554839147344396,0.00016066674929597104
0.35,7/20,0.22445815657333673,0.18810449982588207,0.18795404482812025,0.0001504549977618154
0.35,7/20,0.23238429410864475,0.19084845594030841,0.19071410486221754,0.00013435107809087882
0.35,7/20,0.2405903219236722,0.19395678888282047,0.19384447748478692,0.00011231139803353704
0.35,7/20,0.2490861235926483,0.19744133126810748,0.19735685158471777,8.447968338972517e-05
0.35,7/20,0.25788193170170676,0.20130964818075298,0.20125847647375492,5.117170699806342e-05
0.35,7/20,0.2669883401733045,0.20556493513503035,0.20555208226655353,1.2852868476822404e-05
0.35,7/20,0.27641631702584446,0.2102060445917,0.21023593367851928,-2.9889086819279154e-05
0.35,7/20,0.2861772175838703,0.2152276285094242,0.21530400247748177,-7.637396805757618e-05
0.35,7/20,0.29628279815474357,0.22062038063483186,0.22074624026749667,-0.0001258596326648223
0.35,7/20,0.3067452301882755,0.22637135995618146,0.22654893133043058,-0.00017757137424911917
0.35,7/20,0.3175771149363693,0.2324643758275298,0.23269510471575242,-0.000230728888222613
0.35,7/20,0.3287914986303277,0.2388804155077718,0.2391649854002099,-0.0002845698924380802
0.35,7/20,0.34040188819410616,0.2455980960090422,0.24593646585970264,-0.00033836985066042213
0.35,7/20,0.35242226751243766,0.25259412396053105,0.2529855815315172,-0.00039145757098610345
0.35,7/20,0.36486711427342416,0.2598437494289077,0.26028697614565,-0.0004432267167422954
0.35,7/20,0.3777514174058756,0.2673212020853537,0.26781434555505923,-0.0004931434697054982
0.35,7/20,0.3910906951324048,0.27500010059788993,0.2755408513245997,-0.0005407507267097961
0.35,7/20,0.404901013660018,0.2828538285214396,0.2834394978185306,-0.0005856692970910016
0.35,7/20,0.4191990065307131,0.2908558721603153,0.291483468768671,-0.0006275966083557211
0.35,7/20,0.4340018946553927,0.298980117826783,0.29964642125660756,-0.0006663034298245302
0.35,7/20,0.4493275070552209,0.3072011075838553,0.30790273668004176,-0.0007016290961864569
0.35,7/20,0.46519430233540554,0.3154942539352795,0.31622772959418244,-0.0007334756589028879
0.35,7/20,0.48162139091726947,0.32383601502728737,0.32459781633940077,-0.0007618013121133971
0.35,7/20,0.4986285580553876,0.33220403278833144,0.332990646112512,-0.0007866133241805628
0.35,7/20,0.5162362876675126,0.3405772370983533,0.34138519764398817,-0.0008079605456348671
0.35,7/20,0.5344657870059901,0.34893591959235365,0.3497618449429642,-0.0008259253506105457
0.35,7/20,0.5533390122003791,0.35726178109677975,0.3581023957021525,-0.0008406146053727415
0.35,7/20,0.5728786947020427,0.36553795697993274,0.3663901059500752,-0.0008521489701424634
0.35,7/20,0.5931083686625546,0.3737490248460855,0.3746096744297438,-0.0008606495836583072
0.35,7/20,0.6140523992789051,0.381880998965781,0.3827472199987927,-0.0008662210330117326
0.35,7/20,0.6357360121396401,0.38992131554846887,0.3907902451098191,-0.0008689295613502068
0.35,7/20,0.6581853236072797,0.39785881238048393,0.39872758816108483,-0.0008687757806009055
0.35,7/20,0.681427372273611,0.4056837054688699,0.4065493672227707,-0.0008656617539007927
0.35,7/20,0.7054901515257408,0.41338756421313255,0.4142469173552036,-0.0008593531420710288
0.35,7/20,0.7304026432621297,0.4209632854033225,0.42181272345243953,-0.0008494380491169962
0.35,7/20,0.7561948527992183,0.4284050651902592,0.42924035027420476,-0.0008352850839455361
0.35,7/20,0.7828978450106878,0.43570836727462847,0.4365243710762548,-0.0008160038016263582
0.35,7/20,0.8105437817428801,0.44286988505898256,0.4436602960166875,-0.0007904109577049345
0.35,7/20,0.8391659605514443,0.44988749546706275,0.4506445013052582,-0.000757005838195407
0.35,7/20,0.8687988548058637,0.4567602025333062,0.4574741598747728,-0.00071395734146662
0.35,7/20,0.8994781552101654,0.4634880695950253,0.4641471741878968,-0.0006591045928714956
0.35,7/20,0.9312408127898267,0.4700721398230407,0.4706621116483004,-0.0005899718252597164
0.35,7/20,0.9641250833966406,0.47651434573676965,0.47701814296067874,-0.0005037972239090582
0.35,7/20,0.9981705737851589,0.48281740912939763,0.48321498367830057,-0.00039757454890293475
0.35,7/20,1.0334182893161985,0.48898473339424686,0.4892528390876519,-0.00026810569340501855
0.35,7/20,1.0699106833448677,0.49502029057183317,0.49513235250574344,-0.00011206193391025132
0.35,7/20,1.1076917083526003,0.5009285055555468,0.5008545570050333,7.394855051348626e-05
0.35,7/20,1.1468068688847792,0.5067141398592987,0.5064208305320229,0.00029330932727575365
0.35,7/20,1.1873032763577098,0.5123821772263397,0.5118328543468968,0.0005493228794427596
0.35,7/20,1.2292297058009558,0.5179377131966406,0.5170925746816448,0.0008451385149958468
0.35,7/20,1.2726366546033767,0.5233858505808028,0.5222021674916442,0.0011836830891585326
0.35,7/20,1.3175764033336257,0.5287316026188043,0.5271640061595231,0.0015675964592812286
0.35,7/20,1.3641030787083595,0.5339798054222515,0.5319806319992151,0.0019991734230364877
0.35,7/20,1.4122727187839992,0.5391350410915863,0.5366547274015674,0.0024803136900189426
0.35,7/20,1.4621433404505726,0.5442015726485603,0.5411890914598507,0.0030124811887094483
0.35,7/20,1.5137750093089035,0.549183291620936,0.5455866179133633,0.003596673707572884
0.35,7/20,1.5672299120153435,0.5540836787638368,0.5498502752494372,0.004233403514399714
0.35,7/20,1.6225724311811536,0.5589057780144644,0.553983088808021,0.0049226892064434535
0.35,7/20,1.6798692229167616,0.5636521833763344,0.5579881247382164,0.005664058638117975
0.35,7/20,1.739189297114283,0.5683250380418936,0.56186847566233,0.006456562379563546
0.35,7/20,1.800604100565008,0.5729260447142095,0.5656272479098664,0.007298796804343088
0.35,7/20,1.8641876030119544,0.5774564858009682,0.569267550191189,0.008188935609779208
0.35,7/20,1.9300163862411406,0.5819172519423962,0.5727924835881237,0.009124768354272506
0.35,7/20,1.9981697363188746,0.5863088772063942,0.5762051327464092,0.010103744459985131
0.35,7/20,2.068729739086156,0.5906315792391356,0.5795085581624813,0.01112302107665436
0.35,7/20,2.1417813790252085,0.5948853026912674,0.582705789464528,0.012179513226739463
0.35,7/20,2.2174126416172135,0.5990697643375329,0.5857998195949811,0.013269944742551831
0.35,7/20,2.295714619314539,0.603184498457026,0.5887935998085696,0.014390898648456552
0.35,7/20,2.376781621255095,0.607228901227146,0.5916900354067127,0.015538865820433345
0.35,7/20,2.4607112868509415,0.611202273091634,0.5944919821353438,0.016710290956290202
0.35,7/20,2.5476047033879916,0.6151038582782418,0.597202243179221,0.017901615099020773
0.35,7/20,2.6375665277784246,0.6189328808530759,0.5998235666913838,0.019109314161692148
0.35,7/20,2.7307051126124584,0.6226885768974368,0.6023586438016623,0.020329933095774577
0.35,7/20,2.8271326366613048,0.626370222572517,0.6048101070530388,0.021560115519478118
0.35,7/20,2.9269652399884825,0.6299771579934883,0.6071805292192063,0.022796628774282013
0.35,7/20,3.0303231638322288,0.6335088069652819,0.6094724224608841,0.02403638450439788
0.35,7/20,3.1373308954274775,0.636964692737398,0.6116882377823465,0.02527645495505154
0.35,7/20,3.2481173179418428,0.6403444500154334,0.613830364753212,0.026514085262221432
0.35,7/20,3.3628158657061844,0.6436478335245797,0.6159011314638414,0.027746702060738176
0.35,7/20,3.4815646849267257,0.6468747234577485,0.6179028046857349,0.028971918772013716
0.35,7/20,3.6045068000722877,0.6500251281610447,0.6198375902110886,0.0301875379499561
0.35,7/20,3.7317902861370564,0.6530991844150378,0.6217076333482272,0.031391551066810575
0.35,7/20,3.8635684469863127,0.6560971556645225,0.623515019551941,0.03258213611258157
0.35,7/20,4.0,0.6590194285349185,0.625261775169887,0.03375765336503145
0.375,3/8,0.001,0.1875,0.1875,0.0
0.375,3/8,0.001035312316809117,0.1875,0.1875,0.0
0.375,3/8,0.0010718715933366611,0.1875,0.1875,0.0
0.375,3/8,0.0011097218626192583,0.1875,0.1875,0.0
0.375,3/8,0.0011489087126020728,0.1875,0.1875,0.0
0.375,3/8,0.0011894793410462316,0.1875,0.1875,0.0
0.375,3/8,0.0012314826123751557,0.1875,0.1875,0.0
0.375,3/8,0.0012749691165282648,0.1875,0.1875,0.0
0.375,3/8,0.0013199912298929508,0.1875,0.1875,0.0
0.375,3/8,0.0013666031783881865,0.1875,0.1875,0.0
0.375,3/8,0.001414861102775776,0.1875,0.1875,0.0
0.375,3/8,0.0014648231262778908,0.1875,0.1875,0.0
0.375,3/8,0.0015165494245823366,0.1875,0.1875,0.0
0.375,3/8,0.001570102298319872,0.1875,0.1875,0.0
0.375,3/8,0.0016255462481008657,0.1875,0.1875,0.0
0.375,3/8,0.0016829480522016747,0.1875,0.1875,0.0
0.375,3/8,0.0017423768469943064,0.1875,0.1875,0.0
0.375,3/8,0.0018039042102162397,0.1875,0.1875,0.0
0.375,3/8,0.001867604247180695,0.1875,0.1875,0.0
0.375,3/8,0.0019335536800311921,0.1875,0.1875,0.0
0.375,3/8,0.0020018319401478852,0.1875,0.1875,0.0
0.375,3/8,0.0020725212638169964,0.1875,0.1875,0.0
0.375,3/8,0.0021457067912785334,0.1875,0.1875,0.0
0.375,3/8,0.0022214766692716346,0.1875,0.1875,0.0
0.375,3/8,0.0022999221572010163,0.1875,0.1875,0.0
0.375,3/8,0.002381137737052406,0.1875,0.1875,0.0
0.375,3/8,0.0024652212271893442,0.1875,0.1875,0.0
0.375,3/8,0.002552273900168414,0.1875,0.1875,0.0
0.375,3/8,0.0026424006047148013,0.1875,0.1875,0.0
0.375,3/8,0.0027357098920050924,0.1875,0.1875,0.0
0.375,3/8,0.0028323141464094113,0.1875,0.1875,0.0
0.375,3/8,0.002932329720850364,0.1875,0.1875,0.0
0.375,3/8,0.0030358770769418207,0.1875,0.1875,0.0
0.375,3/8,0.003143080930076326,0.1875,0.1875,0.0
0.375,3/8,0.003254070399635875,0.1875,0.1875,0.0
0.375,3/8,0.0033689791645069864,0.1875,0.1875,0.0
0.375,3/8,0.0034879456240873674,0.1875,0.1875,0.0
0.375,3/8,0.0036111130649781136,0.1875,0.1875,0.0
0.375,3/8,0.0037386298335621614,0.1875,0.1875,0.0
0.375,3/8,0.0038706495146769242,0.1875,0.1875,0.0
0.375,3/8,0.00400733111659625,0.1875,0.1875,0.0
0.375,3/8,0.004148839262544529,0.1875,0.1875,0.0
0.375,3/8,0.004295344388973605,0.1875,0.1875,0.0
0.375,3/8,0.0044470229508413025,0.1875,0.1875,0.0
0.375,3/8,0.004604057634138825,0.1875,0.1875,0.0
0.375,3/8,0.004766637575922968,0.1875,0.1875,0.0
0.375,3/8,0.004934958592118195,0.1875,0.1875,0.0
0.375,3/8,0.005109223413362946,0.1875,0.1875,0.0
0.375,3/8,0.005289641929184176,0.1875,0.1875,0.0
0.375,3/8,0.0054764314407943155,0.1875,0.1875,0.0
0.375,3/8,0.005669816922815053,0.1875,0.1875,0.0
0.375,3/8,0.00587003129424319,0.1875,0.1875,0.0
0.375,3/8,0.006077315698984936,0.1875,0.1875,0.0
0.375,3/8,0.006291919796296511,0.1875,0.1875,0.0
0.375,3/8,0.006514102061480888,0.1875,0.1875,0.0
0.375,3/8,0.006744130097202822,0.1875,0.1875,0.0
0.375,3/8,0.0069822809557971485,0.1875,0.1875,0.0
0.375,3/8,0.00722884147295852,0.1875,0.1875,0.0
0.375,3/8,0.0074841086132145145,0.1875,0.1875,0.0
0.375,3/8,0.007748389827598186,0.1875,0.1875,0.0
0.375,3/8,0.00802200342395087,0.1875,0.1875,0.0
0.375,3/8,0.008305278950301245,0.1875,0.1875,0.0
0.375,3/8,0.008598557591782371,0.1875,0.1875,0.0
0.375,3/8,0.008902192581564819,0.1875,0.1875,0.0
0.375,3/8,0.009216549626300806,0.1875,0.1875,0.0
0.375,3/8,0.009542007346591688,0.1875,0.1875,0.0
0.375,3/8,0.009878957733009452,0.1875,0.1875,0.0
0.375,3/8,0.010227806618221357,0.1875,0.1875,0.0
0.375,3/8,0.010588974165786372,0.1875,0.1875,0.0
0.375,3/8,0.010962895376212175,0.1875,0.1875,0.0
0.375,3/8,0.01135002061088218,0.1875,0.1875,0.0
0.375,3/8,0.011750816134483652,0.1875,0.1875,0.0
0.375,3/8,0.012165764676590222,0.1875,0.1875,0.0
0.375,3/8,0.012595366013075138,0.1875,0.1875,0.0
0.375,3/8,0.01304013756805563,0.1875,0.1875,2.2572641458513e-311
0.375,3/8,0.013500615037093279,0.1875,0.1875,1.0201507155297122e-290
0.375,3/8,0.013977353032401043,0.1875,0.1875,1.904497604660835e-271
0.375,3/8,0.014470925750834059,0.1875,0.1875,1.8185646426446574e-253
0.375,3/8,0.01498192766546871,0.1875,0.1875,1.0841392014141955e-236
0.375,3/8,0.015510974241603014,0.1875,0.1875,4.859818933703048e-221
0.375,3/8,0.016058702678040552,0.1875,0.1875,1.9484484916330895e-206
0.375,3/8,0.016625772674550933,0.1875,0.1875,8.214748999530737e-193
0.375,3/8,0.017212867226431033,0.1875,0.1875,4.2357048825501814e-180
0.375,3/8,0.01782069344712403,0.1875,0.1875,3.075218117407441e-168
0.375,3/8,0.018449983419887028,0.1875,0.1875,3.5853916359825036e-157
0.375,3/8,0.01910149507953302,0.1875,0.1875,7.588814568342861e-147
0.375,3/8,0.019776013125309275,0.1875,0.1875,3.269535756502092e-137
0.375,3/8,0.02047434996601145,0.1875,0.1875,3.190384167566262e-128
0.375,3/8,0.021197346698471977,0.1875,0.1875,7.789500065146899e-120
0.375,3/8,0.02194587412060111,0.1875,0.1875,5.222198336040447e-112
0.375,3/8,0.022720833780200775,0.1875,0.1875,1.0484232175964499e-104
0.375,3/8,0.023523159060814494,0.1875,0.1875,6.834310288587867e-98
0.375,3/8,0.024353816305921226,0.1875,0.1875,1.5599141032402287e-91
0.375,3/8,0.02521380598282695,0.1875,0.1875,1.3375754534038526e-85
0.375,3/8,0.026104163887656143,0.1875,0.1875,4.600909196863344e-80
0.375,3/8,0.027025962392894162,0.1875,0.1875,6.748977262050897e-75
0.375,3/8,0.02798031173898332,0.1875,0.1875,4.469427947705739e-70
0.375,3/8,0.02896836137152815,0.1875,0.1875,1.4091061872846936e-65
0.375,3/8,0.02999130132572052,0.1875,0.1875,2.222239344491322e-61
0.375,3/8,0.03105036365965205,0.1875,0.1875,1.8356798327426032e-57
0.375,3/8,0.03214682393823997,0.1875,0.1875,8.290745080664995e-54
0.375,3/8,0.033282002769554,0.1875,0.1875,2.1307707122745882e-50
0.375,3/8,0.0344572673953944,0.1875,0.1875,3.2344331732956345e-47
0.375,3/8,0.035674033338037016,0.1875,0.1875,3.002279764417714e-44
0.375,3/8,0.03693376610512878,0.1875,0.1875,1.760151785672858e-41
0.375,3/8,0.038237982954786885,0.1875,0.1875,6.717454543318418e-39
0.375,3/8,0.03958825472302793,0.1875,0.1875,1.716516470105464e-36
0.375,3/8,0.04098620771572751,0.1875,0.1875,3.0150783700874067e-34
0.375,3/8,0.04243352566738955,0.1875,0.1875,3.7309414387555157e-32
0.375,3/8,0.0439319517690842,0.1875,0.1875,3.3278571734377724e-30
0.375,3/8,0.045483290767996946,0.1875,0.1875,2.1859385236920633e-28
0.375,3/8,0.047089411141117636,0.1875,0.1875,1.0787633383945563e-26
0.375,3/8,0.04875224734568751,0.1875,0.1875,4.075163873466821e-25
0.375,3/8,0.05047380214911486,0.1875,0.1875,1.1991548138614474e-23
0.375,3/8,0.05225614904116508,0.1875,0.1875,2.793807772561403e-22
0.375,3/8,0.05410143473133113,0.1875,0.1875,5.2326239505673746e-21
0.375,3/8,0.05601188173439166,0.1875,0.1875,7.991254940634585e-20
0.375,3/8,0.05798979104727128,0.1875,0.1875,1.0084182405262492e-18
0.375,3/8,0.06003754492042698,0.18750000000000006,0.18750000000000003,1.0645508057595354e-17
0.375,3/8,0.06215760972709868,0.18750000000000053,0.18750000000000044,9.510353844877811e-17
0.375,3/8,0.06435253893387943,0.18750000000000466,0.18750000000000394,7.267614559536284e-16
0.375,3/8,0.06662497617618361,0.18750000000003558,0.18750000000003078,4.7982964453446965e-15
0.375,3/8,0.06897765844231687,0.18750000000023798,0.18750000000021036,2.762542206116033e-14
0.375,3/8,0.07141341936998302,0.1875000000014062,0.18750000000126632,1.3989122788862034e-13
0.375,3/8,0.07393519265919818,0.18750000000740116,0.18750000000677314,6.280345408649121e-13
0.375,3/8,0.07654601560572284,0.18750000003496262,0.18750000003244455,2.518071528197317e-12
0.375,3/8,0.07924903275926773,0.1875000001492952,0.18750000014021784,9.077334253840619e-12
0.375,3/8,0.08204749971087907,0.18750000058011276,0.1875000005505119,2.9600859482911394e-11
0.375,3/8,0.08494478701406555,0.18750000206396095,0.18750000197616246,8.779849496940927e-11
0.375,3/8,0.08794438424438919,0.18750000676292375,0.18750000652490842,2.380153298570736e-10
0.375,3/8,0.09104990420240977,0.1875000205195662,0.18750001992739657,5.92169645101931e-10
0.375,3/8,0.094265087265045,0.18750005794353583,0.18750005658697483,1.356561004264777e-09
0.375,3/8,0.09759380589058728,0.18750015300410208,0.18750015013618673,2.8679153390514125e-09
0.375,3/8,0.10104006928280314,0.18750037947703746,0.18750037387679752,5.600239941461997e-09
0.375,3/8,0.1046080282197326,0.1875008876648096,0.1875008775758152,1.0088994390854681e-08
0.375,3/8,0.10830198005300484,0.1875019659483403,0.1875019492563572,1.6691983089480156e-08
0.375,3/8,0.1121263738836912,0.1875041373545855,0.18750411226724178,2.5087343703350237e-08
0.375,3/8,0.11608581592092959,0.1875083016696667,0.18750826825877237,3.341089433009244e-08
0.375,3/8,0.12018507502977428,0.18751593191613802,0.18751589494714033,3.6968997689488956e-08
0.375,3/8,0.12442908847495314,0.1875293297105447,0.1875293031776418,2.6532902903990624e-08
0.375,3/8,0.12882296786745032,0.18755193707843892,0.18755195075944053,-1.3681001612368801e-08
0.375,3/8,0.1333720053210764,0.18758869332504138,0.18758880145719842,-1.0813215702114569e-07
0.375,3/8,0.13808167982644134,0.18764641576428345,0.18764670763721314,-2.9187292966968465e-07
0.375,3/8,0.14295766385000766,0.18773417414669952,0.18773478605378638,-6.119070868638716e-07
0.375,3/8,0.1480058301661704,0.1878636222320268,0.18786474987847368,-1.1276464469028077e-06
0.375,3/8,0.15323225893059453,0.18804924755642793,0.1880511577566773,-1.910200249361947e-06
0.375,3/8,0.1586432450033283,0.18830850284759496,0.18831154321298818,-3.040365393227446e-06
0.375,3/8,0.16424530553051217,0.18866178973415249,0.18866639508621008,-4.605352057584014e-06
0.375,3/8,0.17004518779381583,0.18913227656522516,0.18913897101372626,-6.694448501090447e-06
0.375,3/8,0.17604987733705682,0.18974554586057685,0.18975493983219482,-9.393971617971744e-06
0.375,3/8,0.18226660637978914,0.19052908137192984,0.1905418633153903,-1.2781943460458967e-05
0.375,3/8,0.18870286252799484,0.19151161815969955,0.19152854112617712,-1.6922966477567192e-05
0.375,3/8,0.1953663977923706,0.1927223899599867,0.1927442537014084,-2.1863741421736943e-05
0.375,3/8,0.20226523792507076,0.19419031539366466,0.19421794498521144,-2.7629591546791087e-05
0.375,3/8,0.20940769208615226,0.19594316777722431,0.195977390018591,-3.4222241366677064e-05
0.375,3/8,0.21680236285136423,0.19800677250636137,0.198048391473444,-4.161896708261559e-05
0.375,3/8,0.22445815657333673,0.20040427172100922,0.20045404482812026,-4.977310711105562e-05
0.375,3/8,0.23238429410864475,0.20315548905254646,0.20321410486221755,-5.8615809671092034e-05
0.375,3/8,0.2405903219236722,0.206276418674966,0.20634447748478693,-6.805880982096654e-05
0.375,3/8,0.2490861235926483,0.20977885360963072,0.20985685158471779,-7.799797508704215e-05
0.375,3/8,0.25788193170170676,0.21367015913708945,0.21375847647375493,-8.831733666548464e-05
0.375,3/8,0.2669883401733045,0.21795318893821644,0.21805208226655354,-9.889332833710324e-05
0.375,3/8,0.27641631702584446,0.22262633469672455,0.2227359336785193,-0.00010959898179473127
0.375,3/8,0.2861772175838703,0.22768369460926785,0.22780400247748178,-0.00012030786821392442
0.375,3/8,0.29628279815474357,0.23311534264258824,0.23324624026749669,-0.00013089762490844925
0.375,3/8,0.3067452301882755,0.2389076783734727,0.2390489313304306,-0.0001412529569578963
0.375,3/8,0.3175771149363693,0.24504383666356516,0.24519510471575243,-0.00015126805218724365
0.375,3/8,0.3287914986303277,0.2515041370095965,0.2516649854002099,-0.0001608483906133662
0.375,3/8,0.34040188819410616,0.2582665538951273,0.25843646585970265,-0.0001699119645753172
0.375,3/8,0.35242226751243766,0.265307191579034,0.26548558153151713,-0.00017838995248319056
0.375,3/8,0.36486711427342416,0.2726007492380544,0.27278697614565,-0.0001862269075956352
0.375,3/8,0.3777514174058756,0.2801209650208518,0.28031434555505924,-0.00019338053420744905
0.375,3/8,0.3910906951324048,0.28784103019637747,0.2880408513245997,-0.00019982112822225506
0.375,3/8,0.404901013660018,0.29573396705995286,0.29593949781853063,-0.00020553075857777936
0.375,3/8,0.4191990065307131,0.3037729665069796,0.303983468768671,-0.00021050226169139208
0.375,3/8,0.4340018946553927,0.3119316831424185,0.3121464212566076,-0.00021473811418909472
0.375,3/8,0.4493275070552209,0.3201844874392983,0.32040273668004177,-0.00021824924074345664
0.375,3/8,0.46519430233540554,0.3285066757894841,0.32872772959418245,-0.00022105380469833458
0.375,3/8,0.48162139091726947,0.33687464031940206,0.3370978163394008,-0.0002231760199987165
0.375,3/8,0.4986285580553876,0.3452660010982895,0.345490646112512,-0.00022464501422253536
0.375,3/8,0.5162362876675126,0.35365970387941265,0.3538851976439882,-0.00022549376457553505
0.375,3/8,0.5344657870059901,0.3620360868212441,0.3622618449429642,-0.0002257581217200988
0.375,3/8,0.5533390122003791,0.37037691977177967,0.37060239570215253,-0.0002254759303728926
0.375,3/8,0.5728786947020427,0.37866541969936773,0.3788901059500752,-0.00022468625070751203
0.375,3/8,0.5931083686625546,0.3868862457490432,0.38710967442974387,-0.000223428680700688
0.375,3/8,0.6140523992789051,0.3950254772222328,0.39524721999879275,-0.00022174277655992447
0.375,3/8,0.6357360121396401,0.4030705775436383,0.4032902451098191,-0.00021966756618077565
0.375,3/8,0.6581853236072797,0.41101034701202044,0.41122758816108484,-0.00021724114906437886
0.375,3/8,0.681427372273611,0.41883486684758514,0.41904936722277075,-0.0002145003751855834
0.375,3/8,0.7054901515257408,0.4265354367603873,0.4267469173552036,-0.00021148059481629344
0.375,3/8,0.7304026432621297,0.43410450798125594,0.43431272345243954,-0.00020821547118360373
0.375,3/8,0.7561948527992183,0.4415356134262107,0.4417403502742048,-0.000204736847994047
0.375,3/8,0.7828978450106878,0.4488232964120514,0.4490243710762548,-0.00020107466420343778
0.375,3/8,0.8105437817428801,0.4559630391077923,0.45616029601668756,-0.00019725690889527137
0.375,3/8,0.8391659605514443,0.46295119169555066,0.4631445013052582,-0.00019330960970753708
0.375,3/8,0.8687988548058637,0.4697849030259116,0.4699741598747728,-0.00018925684886123006
0.375,3/8,0.8994781552101654,0.47646205338641656,0.4766471741878968,-0.00018512080148025412
0.375,3/8,0.9312408127898267,0.4829811898567843,0.48316211164830036,-0.00018092179151607546
0.375,3/8,0.9641250833966406,0.48934146459948513,0.48951814296067875,-0.00017667836119361624
0.375,3/8,0.9981705737851589,0.49554257632784504,0.4957149836783006,-0.000172407350455539
0.375,3/8,1.0334182893161985,0.5015847151042432,0.5017528390876519,-0.00016812398340870782
0.375,3/8,1.0699106833448677,0.5074685105465011,0.5076323525057435,-0.0001638419592422946
0.375,3/8,1.1076917083526003,0.5131949834595101,0.5133545570050333,-0.00015957354552326164
0.375,3/8,1.1468068688847792,0.5187655008598828,0.518920830532023,-0.0001553296721401587
0.375,3/8,1.1873032763577098,0.5241817343223881,0.5243328543468969,-0.00015112002450878848
0.375,3/8,1.2292297058009558,0.5294456215467133,0.5295925746816448,-0.00014695313493151563
0.375,3/8,1.2726366546033767,0.5345593310203884,0.5347021674916442,-0.0001428364712558472
0.375,3/8,1.3175764033336257,0.5395252296373372,0.539664006159523,-0.00013877652218591274
0.375,3/8,1.3641030787083595,0.5443458531204355,0.544480631999215,-0.00013477887877957895
0.375,3/8,1.4122727187839992,0.5490238790897568,0.5491547274015673,-0.0001308483118105941
0.375,3/8,1.4621433404505726,0.5535621026150488,0.5536890914598507,-0.00012698884480200068
0.375,3/8,1.5137750093089035,0.5579634140907359,0.5580866179133632,-0.00012320382262734353
0.375,3/8,1.5672299120153435,0.562230779273793,0.5623502752494371,-0.0001194959756441738
0.375,3/8,1.6225724311811536,0.5663672213287172,0.566483088808021,-0.00011586747930383834
0.375,3/8,1.6798692229167616,0.570375804729282,0.5704881247382164,-0.00011232000893440786
0.375,3/8,1.739189297114283,0.5742596208738668,0.57436847566233,-0.0001088547884631752
0.375,3/8,1.800604100565008,0.5780217752807983,0.5781272479098665,-0.000105472629068043
0.375,3/8,1.8641876030119544,0.5816653762446108,0.581767550191189,-0.0001021739465781879
0.375,3/8,1.9300163862411406,0.5851935248582043,0.5852924835881237,-9.895872991935728e-05
0.375,3/8,1.9981697363188746,0.5886093063475912,0.5887051327464092,-9.582639881788868e-05
0.375,3/8,2.068729739086156,0.591915782736698,0.5920085581624812,-9.277542578320364e-05
0.375,3/8,2.1417813790252085,0.5951159869723655,0.595205789464528,-8.980249216256064e-05
0.375,3/8,2.2174126416172135,0.5982129188037377,0.598299819594981,-8.690079124334948e-05
0.375,3/8,2.295714619314539,0.6012095429241893,0.6012935998085696,-8.405688438023473e-05
0.375,3/8,2.376781621255095,0.6041087901269435,0.6041900354067127,-8.124527976915985e-05
0.375,3/8,2.4607112868509415,0.606913562451517,0.6069919821353438,-7.841968382688025e-05
0.375,3/8,2.5476047033879916,0.60962674343697,0.609702243179221,-7.549974225096179e-05
0.375,3/8,2.6375665277784246,0.6122512145665695,0.6123235666913838,-7.235212481424003e-05
0.375,3/8,2.7307051126124584,0.6147898787114098,0.6148586438016623,-6.876509025249833e-05
0.375,3/8,2.8271326366613048,0.6172456908155546,0.6173101070530389,-6.441623748432157e-05
0.375,3/8,2.9269652399884825,0.6196216952259354,0.6196805292192064,-5.883399327102912e-05
0.375,3/8,3.0303231638322288,0.6219210680374561,0.621972422460884,-5.1354423428018325e-05
0.375,3/8,3.1373308954274775,0.624147161739879,0.6241882377823464,-4.107604246744723e-05
0.375,3/8,3.2481173179418428,0.6263035484986645,0.6263303647532119,-2.6816254547396e-05
0.375,3/8,3.3628158657061844,0.6283940577597968,0.6284011314638415,-7.073704044679996e-06
0.375,3/8,3.4815646849267257,0.6304228036846337,0.6304028046857348,1.9998998898762554e-05
0.375,3/8,3.6045068000722877,0.6323941982716695,0.6323375902110888,5.660806058074841e-05
0.375,3/8,3.7317902861370564,0.6343129468982986,0.6342076333482274,0.0001053135500713176
0.375,3/8,3.8635684469863127,0.6361840243229692,0.6360150195519412,0.00016900477102804734
0.375,3/8,4.0,0.6380126307663221,0.6377617751698871,0.00025085559643495126
0.4,2/5,0.001,0.2,0.2,0.0
0.4,2/5,0.001035312316809117,0.2,0.2,0.0
0.4,2/5,0.0010718715933366611,0.2,0.2,0.0
0.4,2/5,0.0011097218626192583,0.2,0.2,0.0
0.4,2/5,0.0011489087126020728,0.2,0.2,0.0
0.4,2/5,0.0011894793410462316,0.2,0.2,0.0
0.4,2/5,0.0012314826123751557,0.2,0.2,0.0
0.4,2/5,0.0012749691165282648,0.2,0.2,0.0
0.4,2/5,0.0013199912298929508,0.2,0.2,0.0
0.4,2/5,0.0013666031783881865,0.2,0.2,0.0
0.4,2/5,0.001414861102775776,0.2,0.2,0.0
0.4,2/5,0.0014648231262778908,0.2,0.2,0.0
0.4,2/5,0.0015165494245823366,0.2,0.2,0.0
0.4,2/5,0.001570102298319872,0.2,0.2,0.0
0.4,2/5,0.0016255462481008657,0.2,0.2,0.0
0.4,2/5,0.0016829480522016747,0.2,0.2,0.0
0.4,2/5,0.0017423768469943064,0.2,0.2,0.0
0.4,2/5,0.0018039042102162397,0.2,0.2,0.0
0.4,2/5,0.001867604247180695,0.2,0.2,0.0
0.4,2/5,0.0019335536800311921,0.2,0.2,0.0
0.4,2/5,0.0020018319401478852,0.2,0.2,0.0
0.4,2/5,0.0020725212638169964,0.2,0.2,0.0
0.4,2/5,0.0021457067912785334,0.2,0.2,0.0
0.4,2/5,0.0022214766692716346,0.2,0.2,0.0
0.4,2/5,0.0022999221572010163,0.2,0.2,0.0
0.4,2/5,0.002381137737052406,0.2,0.2,0.0
0.4,2/5,0.0024652212271893442,0.2,0.2,0.0
0.4,2/5,0.002552273900168414,0.2,0.2,0.0
0.4,2/5,0.0026424006047148013,0.2,0.2,0.0
0.4,2/5,0.0027357098920050924,0.2,0.2,0.0
0.4,2/5,0.0028323141464094113,0.2,0.2,0.0
0.4,2/5,0.002932329720850364,0.2,0.2,0.0
0.4,2/5,0.0030358770769418207,0.2,0.2,0.0
0.4,2/5,0.003143080930076326,0.2,0.2,0.0
0.4,2/5,0.003254070399635875,0.2,0.2,0.0
0.4,2/5,0.0033689791645069864,0.2,0.2,0.0
0.4,2/5,0.0034879456240873674,0.2,0.2,0.0
0.4,2/5,0.0036111130649781136,0.2,0.2,0.0
0.4,2/5,0.0037386298335621614,0.2,0.2,0.0
0.4,2/5,0.0038706495146769242,0.2,0.2,0.0
0.4,2/5,0.00400733111659625,0.2,0.2,0.0
0.4,2/5,0.004148839262544529,0.2,0.2,0.0
0.4,2/5,0.004295344388973605,0.2,0.2,0.0
0.4,2/5,0.0044470229508413025,0.2,0.2,0.0
0.4,2/5,0.004604057634138825,0.2,0.2,0.0
0.4,2/5,0.004766637575922968,0.2,0.2,0.0
0.4,2/5,0.004934958592118195,0.2,0.2,0.0
0.4,2/5,0.005109223413362946,0.2,0.2,0.0
0.4,2/5,0.005289641929184176,0.2,0.2,0.0
0.4,2/5,0.0054764314407943155,0.2,0.2,0.0
0.4,2/5,0.005669816922815053,0.2,0.2,0.0
0.4,2/5,0.00587003129424319,0.2,0.2,0.0
0.4,2/5,0.006077315698984936,0.2,0.2,0.0
0.4,2/5,0.006291919796296511,0.2,0.2,0.0
0.4,2/5,0.006514102061480888,0.2,0.2,0.0
0.4,2/5,0.006744130097202822,0.2,0.2,0.0
0.4,2/5,0.0069822809557971485,0.2,0.2,0.0
0.4,2/5,0.00722884147295852,0.2,0.2,0.0
0.4,2/5,0.0074841086132145145,0.2,0.2,0.0
0.4,2/5,0.007748389827598186,0.2,0.2,0.0
0.4,2/5,0.00802200342395087,0.2,0.2,0.0
0.4,2/5,0.008305278950301245,0.2,0.2,0.0
0.4,2/5,0.008598557591782371,0.2,0.2,0.0
0.4,2/5,0.008902192581564819,0.2,0.2,0.0
0.4,2/5,0.009216549626300806,0.2,0.2,0.0
0.4,2/5,0.009542007346591688,0.2,0.2,0.0
0.4,2/5,0.009878957733009452,0.2,0.2,0.0
0.4,2/5,0.010227806618221357,0.2,0.2,0.0
0.4,2/5,0.010588974165786372,0.2,0.2,0.0
0.4,2/5,0.010962895376212175,0.2,0.2,0.0
0.4,2/5,0.01135002061088218,0.2,0.2,0.0
0.4,2/5,0.011750816134483652,0.2,0.2,0.0
0.4,2/5,0.012165764676590222,0.2,0.2,0.0
0.4,2/5,0.012595366013075138,0.2,0.2,0.0
0.4,2/5,0.01304013756805563,0.2,0.2,0.0
0.4,2/5,0.013500615037093279,0.2,0.2,0.0
0.4,2/5,0.013977353032401043,0.2,0.2,0.0
0.4,2/5,0.014470925750834059,0.2,0.2,0.0
0.4,2/5,0.01498192766546871,0.2,0.2,0.0
0.4,2/5,0.015510974241603014,0.2,0.2,0.0
0.4,2/5,0.016058702678040552,0.2,0.2,0.0
0.4,2/5,0.016625772674550933,0.2,0.2,0.0
0.4,2/5,0.017212867226431033,0.2,0.2,0.0
0.4,2/5,0.01782069344712403,0.2,0.2,0.0
0.4,2/5,0.018449983419887028,0.2,0.2,0.0
0.4,2/5,0.01910149507953302,0.2,0.2,0.0
0.4,2/5,0.019776013125309275,0.2,0.2,0.0
0.4,2/5,0.02047434996601145,0.2,0.2,0.0
0.4,2/5,0.021197346698471977,0.2,0.2,0.0
0.4,2/5,0.02194587412060111,0.2,0.2,0.0
0.4,2/5,0.022720833780200775,0.2,0.2,0.0
0.4,2/5,0.023523159060814494,0.2,0.2,0.0
0.4,2/5,0.024353816305921226,0.2,0.2,0.0
0.4,2/5,0.02521380598282695,0.2,0.2,0.0
0.4,2/5,0.026104163887656143,0.2,0.2,0.0
0.4,2/5,0.027025962392894162,0.2,0.2,0.0
0.4,2/5,0.02798031173898332,0.2,0.2,0.0
0.4,2/5,0.02896836137152815,0.2,0.2,0.0
0.4,2/5,0.02999130132572052,0.2,0.2,0.0
0.4,2/5,0.03105036365965205,0.2,0.2,0.0
0.4,2/5,0.03214682393823997,0.2,0.2,0.0
0.4,2/5,0.033282002769554,0.2,0.2,0.0
0.4,2/5,0.0344572673953944,0.2,0.2,0.0
0.4,2/5,0.035674033338037016,0.2,0.2,0.0
0.4,2/5,0.03693376610512878,0.2,0.2,0.0
0.4,2/5,0.038237982954786885,0.2,0.2,0.0
0.4,2/5,0.03958825472302793,0.2,0.2,0.0
0.4,2/5,0.04098620771572751,0.2,0.2,0.0
0.4,2/5,0.04243352566738955,0.2,0.2,0.0
0.4,2/5,0.0439319517690842,0.2,0.2,0.0
0.4,2/5,0.045483290767996946,0.2,0.2,0.0
0.4,2/5,0.047089411141117636,0.2,0.2,0.0
0.4,2/5,0.04875224734568751,0.2,0.2,0.0
0.4,2/5,0.05047380214911486,0.2,0.2,0.0
0.4,2/5,0.05225614904116508,0.2,0.2,0.0
0.4,2/5,0.05410143473133113,0.2,0.2,0.0
0.4,2/5,0.05601188173439166,0.2,0.2,0.0
0.4,2/5,0.05798979104727128,0.2,0.2,0.0
0.4,2/5,0.06003754492042698,0.20000000000000004,0.20000000000000004,0.0
0.4,2/5,0.06215760972709868,0.20000000000000046,0.20000000000000046,0.0
0.4,2/5,0.06435253893387943,0.20000000000000395,0.20000000000000395,0.0
0.4,2/5,0.06662497617618361,0.2000000000000308,0.2000000000000308,0.0
0.4,2/5,0.06897765844231687,0.20000000000021037,0.20000000000021037,0.0
0.4,2/5,0.07141341936998302,0.20000000000126633,0.20000000000126633,0.0
0.4,2/5,0.07393519265919818,0.20000000000677315,0.20000000000677315,0.0
0.4,2/5,0.07654601560572284,0.20000000003244456,0.20000000003244456,0.0
0.4,2/5,0.07924903275926773,0.20000000014021785,0.20000000014021785,0.0
0.4,2/5,0.08204749971087907,0.20000000055051192,0.20000000055051192,0.0
0.4,2/5,0.08494478701406555,0.20000000197616247,0.20000000197616247,0.0
0.4,2/5,0.08794438424438919,0.20000000652490843,0.20000000652490843,0.0
0.4,2/5,0.09104990420240977,0.20000001992739658,0.20000001992739658,0.0
0.4,2/5,0.094265087265045,0.20000005658697484,0.20000005658697484,0.0
0.4,2/5,0.09759380589058728,0.20000015013618674,0.20000015013618674,0.0
0.4,2/5,0.10104006928280314,0.20000037387679753,0.20000037387679753,0.0
0.4,2/5,0.1046080282197326,0.20000087757581522,0.20000087757581522,0.0
0.4,2/5,0.10830198005300484,0.2000019492563572,0.2000019492563572,0.0
0.4,2/5,0.1121263738836912,0.2000041122672418,0.2000041122672418,0.0
0.4,2/5,0.11608581592092959,0.20000826825877238,0.20000826825877238,0.0
0.4,2/5,0.12018507502977428,0.20001589494714034,0.20001589494714034,0.0
0.4,2/5,0.12442908847495314,0.2000293031776418,0.2000293031776418,0.0
0.4,2/5,0.12882296786745032,0.20005195075944054,0.20005195075944054,0.0
0.4,2/5,0.1333720053210764,0.20008880145719843,0.20008880145719843,0.0
0.4,2/5,0.13808167982644134,0.20014670763721315,0.20014670763721315,0.0
0.4,2/5,0.14295766385000766,0.2002347860537864,0.2002347860537864,0.0
0.4,2/5,0.1480058301661704,0.2003647498784737,0.2003647498784737,0.0
0.4,2/5,0.15323225893059453,0.2005511577566773,0.2005511577566773,0.0
0.4,2/5,0.1586432450033283,0.2008115432129882,0.2008115432129882,0.0
0.4,2/5,0.16424530553051217,0.2011663950862101,0.2011663950862101,0.0
0.4,2/5,0.17004518779381583,0.20163897101372627,0.20163897101372627,0.0
0.4,2/5,0.17604987733705682,0.20225493983219484,0.20225493983219484,0.0
0.4,2/5,0.18226660637978914,0.20304186331539031,0.20304186331539031,0.0
0.4,2/5,0.18870286252799484,0.20402854112617713,0.20402854112617713,0.0
0.4,2/5,0.1953663977923706,0.20524425370140842,0.20524425370140842,0.0
0.4,2/5,0.20226523792507076,0.20671794498521145,0.20671794498521145,0.0
0.4,2/5,0.20940769208615226,0.208477390018591,0.208477390018591,0.0
0.4,2/5,0.21680236285136423,0.21054839147344398,0.21054839147344398,0.0
0.4,2/5,0.22445815657333673,0.21295404482812028,0.21295404482812028,0.0
0.4,2/5,0.23238429410864475,0.21571410486221756,0.21571410486221756,0.0
0.4,2/5,0.2405903219236722,0.21884447748478697,0.21884447748478697,0.0
0.4,2/5,0.2490861235926483,0.2223568515847178,0.2223568515847178,0.0
0.4,2/5,0.25788193170170676,0.22625847647375494,0.22625847647375494,0.0
0.4,2/5,0.2669883401733045,0.23055208226655355,0.23055208226655355,0.0
0.4,2/5,0.27641631702584446,0.2352359336785193,0.2352359336785193,0.0
0.4,2/5,0.2861772175838703,0.2403040024774818,0.2403040024774818,0.0
0.4,2/5,0.29628279815474357,0.2457462402674967,0.2457462402674967,0.0
0.4,2/5,0.3067452301882755,0.2515489313304306,0.2515489313304306,0.0
0.4,2/5,0.3175771149363693,0.2576951047157524,0.2576951047157524,0.0
0.4,2/5,0.3287914986303277,0.26416498540020994,0.26416498540020994,0.0
0.4,2/5,0.34040188819410616,0.27093646585970266,0.27093646585970266,0.0
0.4,2/5,0.35242226751243766,0.2779855815315172,0.2779855815315172,0.0
0.4,2/5,0.36486711427342416,0.28528697614565,0.28528697614565,0.0
0.4,2/5,0.3777514174058756,0.29281434555505925,0.29281434555505925,0.0
0.4,2/5,0.3910906951324048,0.30054085132459973,0.30054085132459973,0.0
0.4,2/5,0.404901013660018,0.30843949781853064,0.30843949781853064,0.0
0.4,2/5,0.4191990065307131,0.316483468768671,0.316483468768671,0.0
0.4,2/5,0.4340018946553927,0.3246464212566076,0.3246464212566076,0.0
0.4,2/5,0.4493275070552209,0.3329027366800418,0.3329027366800418,0.0
0.4,2/5,0.46519430233540554,0.34122772959418246,0.34122772959418246,0.0
0.4,2/5,0.48162139091726947,0.3495978163394008,0.3495978163394008,0.0
0.4,2/5,0.4986285580553876,0.357990646112512,0.357990646112512,0.0
0.4,2/5,0.5162362876675126,0.3663851976439882,0.3663851976439882,0.0
0.4,2/5,0.5344657870059901,0.3747618449429642,0.3747618449429642,0.0
0.4,2/5,0.5533390122003791,0.38310239570215254,0.38310239570215254,0.0
0.4,2/5,0.5728786947020427,0.39139010595007523,0.39139010595007523,0.0
0.4,2/5,0.5931083686625546,0.3996096744297439,0.3996096744297439,0.0
0.4,2/5,0.6140523992789051,0.40774721999879276,0.40774721999879276,0.0
0.4,2/5,0.6357360121396401,0.4157902451098191,0.4157902451098191,0.0
0.4,2/5,0.6581853236072797,0.42372758816108486,0.42372758816108486,0.0
0.4,2/5,0.681427372273611,0.4315493672227707,0.4315493672227707,0.0
0.4,2/5,0.7054901515257408,0.4392469173552036,0.4392469173552036,0.0
0.4,2/5,0.7304026432621297,0.44681272345243955,0.44681272345243955,0.0
0.4,2/5,0.7561948527992183,0.4542403502742048,0.4542403502742048,0.0
0.4,2/5,0.7828978450106878,0.4615243710762548,0.4615243710762548,0.0
0.4,2/5,0.8105437817428801,0.46866029601668757,0.46866029601668757,0.0
0.4,2/5,0.8391659605514443,0.4756445013052582,0.4756445013052582,0.0
0.4,2/5,0.8687988548058637,0.4824741598747728,0.4824741598747728,0.0
0.4,2/5,0.8994781552101654,0.4891471741878968,0.4891471741878968,0.0
0.4,2/5,0.9312408127898267,0.4956621116483004,0.4956621116483004,0.0
0.4,2/5,0.9641250833966406,0.5020181429606787,0.5020181429606787,0.0
0.4,2/5,0.9981705737851589,0.5082149836783005,0.5082149836783005,0.0
0.4,2/5,1.0334182893161985,0.514252839087652,0.514252839087652,0.0
0.4,2/5,1.0699106833448677,0.5201323525057435,0.5201323525057435,0.0
0.4,2/5,1.1076917083526003,0.5258545570050334,0.5258545570050334,0.0
0.4,2/5,1.1468068688847792,0.5314208305320229,0.5314208305320229,0.0
0.4,2/5,1.1873032763577098,0.536832854346897,0.536832854346897,0.0
0.4,2/5,1.2292297058009558,0.5420925746816447,0.5420925746816447,0.0
0.4,2/5,1.2726366546033767,0.5472021674916443,0.5472021674916443,0.0
0.4,2/5,1.3175764033336257,0.552164006159523,0.552164006159523,0.0
0.4,2/5,1.3641030787083595,0.556980631999215,0.556980631999215,0.0
0.4,2/5,1.4122727187839992,0.5616547274015673,0.5616547274015673,0.0
0.4,2/5,1.4621433404505726,0.5661890914598507,0.5661890914598507,0.0
0.4,2/5,1.5137750093089035,0.5705866179133632,0.5705866179133632,0.0
0.4,2/5,1.5672299120153435,0.5748502752494371,0.5748502752494371,0.0
0.4,2/5,1.6225724311811536,0.5789830888080212,0.5789830888080212,0.0
0.4,2/5,1.6798692229167616,0.5829881247382165,0.5829881247382165,0.0
0.4,2/5,1.739189297114283,0.58686847566233,0.58686847566233,0.0
0.4,2/5,1.800604100565008,0.5906272479098664,0.5906272479098664,0.0
0.4,2/5,1.8641876030119544,0.5942675501911889,0.5942675501911889,0.0
0.4,2/5,1.9300163862411406,0.5977924835881236,0.5977924835881236,0.0
0.4,2/5,1.9981697363188746,0.6012051327464092,0.6012051327464092,0.0
0.4,2/5,2.068729739086156,0.6045085581624812,0.6045085581624812,0.0
0.4,2/5,2.1417813790252085,0.6077057894645279,0.6077057894645279,0.0
0.4,2/5,2.2174126416172135,0.6107998195949811,0.6107998195949811,0.0
0.4,2/5,2.295714619314539,0.6137935998085695,0.6137935998085695,0.0
0.4,2/5,2.376781621255095,0.6166900354067126,0.6166900354067126,0.0
0.4,2/5,2.4607112868509415,0.6194919821353437,0.6194919821353437,0.0
0.4,2/5,2.5476047033879916,0.6222022431792211,0.6222022431792211,0.0
0.4,2/5,2.6375665277784246,0.6248235666913837,0.6248235666913837,0.0
0.4,2/5,2.7307051126124584,0.6273586438016623,0.6273586438016623,0.0
0.4,2/5,2.8271326366613048,0.6298101070530389,0.6298101070530389,0.0
0.4,2/5,2.9269652399884825,0.6321805292192064,0.6321805292192064,0.0
0.4,2/5,3.0303231638322288,0.6344724224608841,0.6344724224608841,0.0
0.4,2/5,3.1373308954274775,0.6366882377823465,0.6366882377823465,0.0
0.4,2/5,3.2481173179418428,0.6388303647532119,0.6388303647532119,0.0
0.4,2/5,3.3628158657061844,0.6409011314638415,0.6409011314638415,0.0
0.4,2/5,3.4815646849267257,0.642902804685735,0.642902804685735,0.0
0.4,2/5,3.6045068000722877,0.6448375902110888,0.6448375902110888,0.0
0.4,2/5,3.7317902861370564,0.6467076333482273,0.6467076333482273,0.0
0.4,2/5,3.8635684469863127,0.6485150195519411,0.6485150195519411,0.0
0.4,2/5,4.0,0.6502617751698871,0.6502617751698871,0.0
