p,p_rational,label,selection,W_0,W_1,bias_0,bias_1,d_0,d_1,G_01,M_0,M_1,energy,clean_weighted_sum_mse
0.05,1/20,clean_selected,strict computer-assisted global sharing certificate,0.839420227724645,-0.5434829171986043,0.01670258314922154,0.035231315935664746,0.7046263187132948,0.295373681286705,-0.4562105541193068,0.8394202277246451,0.5434829171986043,0.9999999999999998,0.017742880541346075
0.05,1/20,mono_retain_0,mono control,1.0,0.0,0.0,0.05,1.0,0.0,0.0,1.0,nan,1.0,0.02375
0.05,1/20,mono_retain_1,mono control,0.0,1.0,0.05,0.0,0.0,1.0,0.0,nan,1.0,1.0,0.0475
0.2,1/5,clean_selected,strict computer-assisted global sharing certificate,0.9146088970540991,-0.4043396659115751,0.05653645157247761,0.16730188691410317,0.8365094345705156,0.16349056542948417,-0.3698126558746086,0.9146088970540992,0.40433966591157516,0.9999999999999998,0.07775208251629431
0.2,1/5,mono_retain_0,mono control,1.0,0.0,0.0,0.2,1.0,0.0,0.0,1.0,nan,1.0,0.08000000000000002
0.2,1/5,mono_retain_1,mono control,0.0,1.0,0.2,0.0,0.0,1.0,0.0,nan,1.0,1.0,0.16000000000000003
0.35,7/20,clean_selected,strict computer-assisted global sharing certificate,0.9987015934622898,-0.050942391148074063,0.009243540206237386,0.3668983919994671,0.9974048727841168,0.0025951272158833746,-0.05087624721436081,0.9987015934622897,0.050942391148074063,1.0000000000000002,0.11374058219085721
0.35,7/20,mono_retain_0,mono control,1.0,0.0,0.0,0.35,1.0,0.0,0.0,1.0,nan,1.0,0.11374999999999999
0.35,7/20,mono_retain_1,mono control,0.0,1.0,0.35,0.0,0.0,1.0,0.0,nan,1.0,1.0,0.22749999999999998
0.375,3/8,clean_selected,strict computer-assisted global sharing certificate,0.9999392142412056,-0.011025779912560665,0.0020845635727303443,0.37908882820480583,0.9998784321773196,0.00012156782268022628,-0.01102510970216238,0.9999392142412057,0.011025779912560667,0.9999999999999999,0.11718740271766201
0.375,3/8,mono_retain_0,mono control,1.0,0.0,0.0,0.375,1.0,0.0,0.0,1.0,nan,1.0,0.1171875
0.375,3/8,mono_retain_1,mono control,0.0,1.0,0.375,0.0,0.0,1.0,0.0,nan,1.0,1.0,0.234375
0.4,2/5,clean_selected,reviewed global mono theorem above pc,1.0,0.0,0.0,0.4,1.0,0.0,0.0,1.0,nan,1.0,0.12000000000000002
0.4,2/5,mono_retain_0,mono control,1.0,0.0,0.0,0.4,1.0,0.0,0.0,1.0,nan,1.0,0.12000000000000002
0.4,2/5,mono_retain_1,mono control,0.0,1.0,0.4,0.0,0.0,1.0,0.0,nan,1.0,1.0,0.24000000000000005
