p,p_rational,label,sigma,detector,weighted_sum_error,unweighted_sum_error,weighted_sum_mse,unweighted_sum_mse,error_0,fp_0,fn_0,mse_0,error_1,fp_1,fn_1,mse_1
0.05,1/20,clean_selected,0.0,actual_decoder,0.027500000000000004,0.052500000000000005,0.017742880541346075,0.030195122284937665,0.0025000000000000005,0.0,0.05000000000000001,0.005290638797754484,0.05,0.0,1.0,0.02490448348718318
0.05,1/20,clean_selected,0.0,centered_midpoint,0.0037500000000000007,0.005000000000000001,0.017742880541346075,0.030195122284937665,0.0025000000000000005,0.0,0.05000000000000001,0.005290638797754484,0.0025000000000000005,0.0,0.05000000000000001,0.02490448348718318
0.05,1/20,clean_selected,0.05,actual_decoder,0.027500003148222547,0.05250000314281235,0.01935611422526938,0.032146471916043536,0.0025000031536327417,5.264051815663104e-31,0.05000006307265483,0.006565756534495227,0.04999999998917961,6.656430391421958e-66,0.9999999997835921,0.025580715381548307
0.05,1/20,clean_selected,0.05,centered_midpoint,0.0036842709565846027,0.004935245438222716,0.01935611422526938,0.032146471916043536,0.0024332964749464894,1.9648739117830682e-15,0.04866592949889245,0.006565756534495227,0.0025019489632762265,2.0515315076398235e-06,0.050000000166879374,0.025580715381548307
0.05,1/20,clean_selected,0.15,actual_decoder,0.028901426393344448,0.05345351474310436,0.0295165134370685,0.04440672646833632,0.004349338043584538,5.88369960730197e-05,0.08586885794630339,0.014626300405800683,0.04910417669951982,5.653793105811738e-09,0.9820834265683274,0.02978042606253564
0.05,1/20,clean_selected,0.15,centered_midpoint,0.035938138278795356,0.06595315066493049,0.0295165134370685,0.04440672646833632,0.005923125892660221,0.004214706114358138,0.0383831016803998,0.014626300405800683,0.06003002477227026,0.05964625356391171,0.0673216777310828,0.02978042606253564
0.05,1/20,clean_selected,0.3,actual_decoder,0.05831584556004404,0.08075185912425722,0.060672456081989214,0.08144685723897782,0.035879831995830856,0.026112022040034114,0.22146822115596895,0.039898054925000606,0.04487202712842636,0.002073030992188587,0.8580529537169441,0.041548802313977215
0.05,1/20,clean_selected,0.3,centered_midpoint,0.1957421870657779,0.3005757830580397,0.060672456081989214,0.08144685723897782,0.09090859107351607,0.09063702700312519,0.09606830841094277,0.039898054925000606,0.20966719198452366,0.21078321868981878,0.18846268458391657,0.041548802313977215
0.05,1/20,clean_selected,0.6,actual_decoder,0.22366726241851137,0.2762869503275315,0.17833670420748177,0.2196686676409672,0.17104757450949132,0.16175344335306707,0.3476360664815519,0.1370047407739963,0.10523937581804013,0.07330490497351702,0.7119943218639794,0.08266392686697092
0.05,1/20,clean_selected,0.6,centered_midpoint,0.41391643113600685,0.5812875621903335,0.17833670420748177,0.2196686676409672,0.24654530008168013,0.2466275746352495,0.24498208356386228,0.1370047407739963,0.33474226210865343,0.3352030293905251,0.3259876837530905,0.08266392686697092
0.05,1/20,mono_retain_0,0.0,actual_decoder,0.025,0.05,0.02375,0.0475,0.0,0.0,0.0,0.0,0.05,0.0,1.0,0.0475
0.05,1/20,mono_retain_0,0.0,centered_midpoint,0.025,0.05,0.02375,0.0475,0.0,0.0,0.0,0.0,0.05,0.0,1.0,0.0475
0.05,1/20,mono_retain_0,0.05,actual_decoder,0.025,0.05,0.025062499999999998,0.048812499999999995,7.619853024160471e-24,7.619853024160471e-24,7.619853024160468e-24,0.0013124999999999975,0.05,0.0,1.0,0.0475
0.05,1/20,mono_retain_0,0.05,centered_midpoint,0.025,0.05,0.025062499999999998,0.048812499999999995,7.619853024160471e-24,7.619853024160471e-24,7.619853024160468e-24,0.0013124999999999975,0.05,0.0,1.0,0.0475
0.05,1/20,mono_retain_0,0.15,actual_decoder,0.025429060333196838,0.05042906033319684,0.03556249999997115,0.05931249999997115,0.0004290603331968372,0.0004290603331968372,0.0004290603331968372,0.011812499999971153,0.05,0.0,1.0,0.0475
0.05,1/20,mono_retain_0,0.15,centered_midpoint,0.025429060333196838,0.05042906033319684,0.03556249999997115,0.05931249999997115,0.0004290603331968372,0.0004290603331968372,0.0004290603331968372,0.011812499999971153,0.05,0.0,1.0,0.0475
0.05,1/20,mono_retain_0,0.3,actual_decoder,0.0727903522728147,0.09779035227281471,0.07099638806021608,0.09474638806021608,0.0477903522728147,0.0477903522728147,0.0477903522728147,0.04724638806021608,0.05,0.0,1.0,0.0475
0.05,1/20,mono_retain_0,0.3,centered_midpoint,0.0727903522728147,0.09779035227281471,0.07099638806021608,0.09474638806021608,0.0477903522728147,0.0477903522728147,0.0477903522728147,0.04724638806021608,0.05,0.0,1.0,0.0475
0.05,1/20,mono_retain_0,0.6,actual_decoder,0.22732838096364308,0.2523283809636431,0.21129497710894757,0.23504497710894756,0.20232838096364308,0.2023283809636431,0.20232838096364308,0.18754497710894757,0.05,0.0,1.0,0.0475
0.05,1/20,mono_retain_0,0.6,centered_midpoint,0.22732838096364308,0.2523283809636431,0.21129497710894757,0.23504497710894756,0.20232838096364308,0.2023283809636431,0.20232838096364308,0.18754497710894757,0.05,0.0,1.0,0.0475
0.05,1/20,mono_retain_1,0.0,actual_decoder,0.05,0.05,0.0475,0.0475,0.05,0.0,1.0,0.0475,0.0,0.0,0.0,0.0
0.05,1/20,mono_retain_1,0.0,centered_midpoint,0.05,0.05,0.0475,0.0475,0.05,0.0,1.0,0.0475,0.0,0.0,0.0,0.0
0.05,1/20,mono_retain_1,0.05,actual_decoder,0.05,0.05,0.04815625,0.048812499999999995,0.05,0.0,1.0,0.0475,7.619853024160471e-24,7.619853024160471e-24,7.619853024160468e-24,0.0013124999999999977
0.05,1/20,mono_retain_1,0.05,centered_midpoint,0.05,0.05,0.04815625,0.048812499999999995,0.05,0.0,1.0,0.0475,7.619853024160471e-24,7.619853024160471e-24,7.619853024160468e-24,0.0013124999999999977
0.05,1/20,mono_retain_1,0.15,actual_decoder,0.05021453016659842,0.05042906033319684,0.053406249999985576,0.05931249999997115,0.05,0.0,1.0,0.0475,0.0004290603331968372,0.0004290603331968372,0.0004290603331968372,0.011812499999971153
0.05,1/20,mono_retain_1,0.15,centered_midpoint,0.05021453016659842,0.05042906033319684,0.053406249999985576,0.05931249999997115,0.05,0.0,1.0,0.0475,0.0004290603331968372,0.0004290603331968372,0.0004290603331968372,0.011812499999971153
0.05,1/20,mono_retain_1,0.3,actual_decoder,0.07389517613640735,0.09779035227281471,0.07112319403010804,0.09474638806021608,0.05,0.0,1.0,0.0475,0.0477903522728147,0.0477903522728147,0.0477903522728147,0.04724638806021608
0.05,1/20,mono_retain_1,0.3,centered_midpoint,0.07389517613640735,0.09779035227281471,0.07112319403010804,0.09474638806021608,0.05,0.0,1.0,0.0475,0.0477903522728147,0.0477903522728147,0.0477903522728147,0.04724638806021608
0.05,1/20,mono_retain_1,0.6,actual_decoder,0.15116419048182156,0.2523283809636431,0.14127248855447377,0.23504497710894756,0.05,0.0,1.0,0.0475,0.20232838096364308,0.2023283809636431,0.20232838096364308,0.18754497710894757
0.05,1/20,mono_retain_1,0.6,centered_midpoint,0.15116419048182156,0.2523283809636431,0.14127248855447377,0.23504497710894756,0.05,0.0,1.0,0.0475,0.20232838096364308,0.2023283809636431,0.20232838096364308,0.18754497710894757
0.2,1/5,clean_selected,0.0,actual_decoder,0.10000000000000002,0.20000000000000004,0.07775208251629431,0.14253595670032532,0.0,0.0,0.0,0.012968208332263323,0.20000000000000004,0.0,1.0,0.12956774836806198
0.2,1/5,clean_selected,0.0,centered_midpoint,0.020000000000000004,0.04000000000000001,0.07775208251629431,0.14253595670032532,0.0,0.0,0.0,0.012968208332263323,0.04000000000000001,0.0,0.2,0.12956774836806198
0.2,1/5,clean_selected,0.05,actual_decoder,0.11222840306675659,0.2122284030667566,0.0796053834041468,0.14454454132793487,0.012228403066756573,1.2378775325427846e-22,0.061142015333782856,0.014666225480358723,0.20000000000000004,3.01987744490648e-61,1.0,0.12987831584757614
0.2,1/5,clean_selected,0.05,centered_midpoint,0.1321913238913857,0.2642339251564616,0.0796053834041468,0.14454454132793487,0.0001487226263097431,2.0494433592052015e-14,0.0007436131314667376,0.014666225480358723,0.2640852025301519,0.28010650316268854,0.20000000000000537,0.12987831584757614
0.2,1/5,clean_selected,0.15,actual_decoder,0.11782594004360493,0.21761502209570277,0.09169685710711913,0.15758216355512977,0.018036857991507088,0.000490942031909005,0.0882205218298994,0.025811550659108493,0.19957816410419568,1.6496173969476705e-08,0.9978907545362823,0.13177061289602127
0.2,1/5,clean_selected,0.15,centered_midpoint,0.17540936453633565,0.33947848597726804,0.09169685710711913,0.15758216355512977,0.01134024309540323,0.0048350569170618005,0.037360987808768946,0.025811550659108493,0.32813824288186483,0.359158182348907,0.20405848501369614,0.13177061289602127
0.2,1/5,clean_selected,0.3,actual_decoder,0.1594420734540043,0.2538953944542568,0.1288072562057747,0.1981596193765553,0.06498875245375178,0.04272210004617426,0.15405536208406187,0.059454893034994113,0.18890664200050503,0.0024372462770364902,0.934784224894379,0.1387047263415612
0.2,1/5,clean_selected,0.3,centered_midpoint,0.26581871279992475,0.44490285197905555,0.1288072562057747,0.1981596193765553,0.0867345736207939,0.08474746876884569,0.09468299302858676,0.059454893034994113,0.35816827835826165,0.37972236008322047,0.2719519514584263,0.1387047263415612
0.2,1/5,clean_selected,0.6,actual_decoder,0.31009738021750277,0.41780709836289004,0.26534172922112986,0.3470627633142749,0.20238766207211556,0.18144431259185942,0.2861610599931401,0.18362069512798487,0.21541943629077448,0.06848290680247399,0.8031655542439764,0.16344206818629003
0.2,1/5,clean_selected,0.6,centered_midpoint,0.42898452750435445,0.626738798434217,0.26534172922112986,0.3470627633142749,0.23123025657449187,0.23147614601013683,0.23024669883191207,0.18362069512798487,0.3955085418597251,0.40172390185556367,0.3706471018763708,0.16344206818629003
0.2,1/5,mono_retain_0,0.0,actual_decoder,0.10000000000000002,0.20000000000000004,0.08000000000000002,0.16000000000000003,0.0,0.0,0.0,0.0,0.20000000000000004,0.0,1.0,0.16000000000000003
0.2,1/5,mono_retain_0,0.0,centered_midpoint,0.10000000000000002,0.20000000000000004,0.08000000000000002,0.16000000000000003,0.0,0.0,0.0,0.0,0.20000000000000004,0.0,1.0,0.16000000000000003
0.2,1/5,mono_retain_0,0.05,actual_decoder,0.10000000000000002,0.20000000000000004,0.0815,0.16150000000000003,7.619853024160471e-24,7.619853024160473e-24,7.61985302416047e-24,0.00149999999999999,0.20000000000000004,0.0,1.0,0.16000000000000003
0.2,1/5,mono_retain_0,0.05,centered_midpoint,0.10000000000000002,0.20000000000000004,0.0815,0.16150000000000003,7.619853024160471e-24,7.619853024160473e-24,7.61985302416047e-24,0.00149999999999999,0.20000000000000004,0.0,1.0,0.16000000000000003
0.2,1/5,mono_retain_0,0.15,actual_decoder,0.10042906033319686,0.20042906033319688,0.09349999999988463,0.17349999999988466,0.0004290603331968372,0.00042906033319683724,0.00042906033319683713,0.013499999999884622,0.20000000000000004,0.0,1.0,0.16000000000000003
0.2,1/5,mono_retain_0,0.15,centered_midpoint,0.10042906033319686,0.20042906033319688,0.09349999999988463,0.17349999999988466,0.0004290603331968372,0.00042906033319683724,0.00042906033319683713,0.013499999999884622,0.20000000000000004,0.0,1.0,0.16000000000000003
0.2,1/5,mono_retain_0,0.3,actual_decoder,0.14779035227281473,0.24779035227281476,0.13398555224086436,0.21398555224086438,0.047790352272814716,0.047790352272814716,0.0477903522728147,0.05398555224086434,0.20000000000000004,0.0,1.0,0.16000000000000003
0.2,1/5,mono_retain_0,0.3,centered_midpoint,0.14779035227281473,0.24779035227281476,0.13398555224086436,0.21398555224086438,0.047790352272814716,0.047790352272814716,0.0477903522728147,0.05398555224086434,0.20000000000000004,0.0,1.0,0.16000000000000003
0.2,1/5,mono_retain_0,0.6,actual_decoder,0.3023283809636431,0.40232838096364315,0.29017990843579045,0.37017990843579046,0.2023283809636431,0.20232838096364314,0.20232838096364308,0.21017990843579043,0.20000000000000004,0.0,1.0,0.16000000000000003
0.2,1/5,mono_retain_0,0.6,centered_midpoint,0.3023283809636431,0.40232838096364315,0.29017990843579045,0.37017990843579046,0.2023283809636431,0.20232838096364314,0.20232838096364308,0.21017990843579043,0.20000000000000004,0.0,1.0,0.16000000000000003
0.2,1/5,mono_retain_1,0.0,actual_decoder,0.20000000000000004,0.20000000000000004,0.16000000000000003,0.16000000000000003,0.20000000000000004,0.0,1.0,0.16000000000000003,0.0,0.0,0.0,0.0
0.2,1/5,mono_retain_1,0.0,centered_midpoint,0.20000000000000004,0.20000000000000004,0.16000000000000003,0.16000000000000003,0.20000000000000004,0.0,1.0,0.16000000000000003,0.0,0.0,0.0,0.0
0.2,1/5,mono_retain_1,0.05,actual_decoder,0.20000000000000004,0.20000000000000004,0.16075000000000003,0.16150000000000003,0.20000000000000004,0.0,1.0,0.16000000000000003,7.619853024160471e-24,7.619853024160473e-24,7.61985302416047e-24,0.0014999999999999898
0.2,1/5,mono_retain_1,0.05,centered_midpoint,0.20000000000000004,0.20000000000000004,0.16075000000000003,0.16150000000000003,0.20000000000000004,0.0,1.0,0.16000000000000003,7.619853024160471e-24,7.619853024160473e-24,7.61985302416047e-24,0.0014999999999999898
0.2,1/5,mono_retain_1,0.15,actual_decoder,0.20021453016659846,0.20042906033319688,0.16674999999994233,0.17349999999988466,0.20000000000000004,0.0,1.0,0.16000000000000003,0.0004290603331968372,0.00042906033319683724,0.00042906033319683713,0.013499999999884622
0.2,1/5,mono_retain_1,0.15,centered_midpoint,0.20021453016659846,0.20042906033319688,0.16674999999994233,0.17349999999988466,0.20000000000000004,0.0,1.0,0.16000000000000003,0.0004290603331968372,0.00042906033319683724,0.00042906033319683713,0.013499999999884622
0.2,1/5,mono_retain_1,0.3,actual_decoder,0.2238951761364074,0.24779035227281476,0.1869927761204322,0.21398555224086438,0.20000000000000004,0.0,1.0,0.16000000000000003,0.047790352272814716,0.047790352272814716,0.0477903522728147,0.05398555224086435
0.2,1/5,mono_retain_1,0.3,centered_midpoint,0.2238951761364074,0.24779035227281476,0.1869927761204322,0.21398555224086438,0.20000000000000004,0.0,1.0,0.16000000000000003,0.047790352272814716,0.047790352272814716,0.0477903522728147,0.05398555224086435
0.2,1/5,mono_retain_1,0.6,actual_decoder,0.3011641904818216,0.40232838096364315,0.2650899542178953,0.37017990843579046,0.20000000000000004,0.0,1.0,0.16000000000000003,0.2023283809636431,0.20232838096364314,0.20232838096364308,0.21017990843579043
0.2,1/5,mono_retain_1,0.6,centered_midpoint,0.3011641904818216,0.40232838096364315,0.2650899542178953,0.37017990843579046,0.20000000000000004,0.0,1.0,0.16000000000000003,0.2023283809636431,0.20232838096364314,0.20232838096364308,0.21017990843579043
0.35,7/20,clean_selected,0.0,actual_decoder,0.175,0.35,0.11374058219085721,0.22719538647005047,0.0,0.0,0.0,0.0002857779116639523,0.35,0.0,1.0,0.22690960855838652
0.35,7/20,clean_selected,0.0,centered_midpoint,0.2725,0.545,0.11374058219085721,0.22719538647005047,0.0,0.0,0.0,0.0002857779116639523,0.545,0.65,0.35,0.22690960855838652
0.35,7/20,clean_selected,0.05,actual_decoder,0.175,0.35,0.11534290891233918,0.2288009571005523,4.3201790363572646e-21,2.775185242384473e-23,1.2291829520805044e-20,0.0018848607241260858,0.35,0.0,1.0,0.2269160963764262
0.35,7/20,clean_selected,0.05,centered_midpoint,0.27249999999041047,0.5449999999808209,0.11534290891233918,0.2288009571005523,8.070012252894829e-22,1.9333356206654959e-22,1.946669742703502e-21,0.0018848607241260858,0.5449999999808209,0.6499999999704826,0.3500000000000207,0.2269160963764262
0.35,7/20,clean_selected,0.15,actual_decoder,0.17548211842394407,0.35048211842394406,0.12841745980867553,0.2419014592690475,0.00048211842394406764,0.00039467577986772675,0.0006445119058001293,0.01493346034830355,0.35,1.9383071642234e-68,1.0,0.22696799892074393
0.35,7/20,clean_selected,0.15,centered_midpoint,0.2704628908082606,0.5404221132187194,0.12841745980867553,0.2419014592690475,0.0005036683978018835,0.0004986570463675938,0.0005129751933227072,0.01493346034830355,0.5399184448209174,0.6400125516202858,0.35402938933637623,0.22696799892074393
0.35,7/20,clean_selected,0.3,actual_decoder,0.222646129133744,0.397646129133744,0.17326109615964128,0.2868326811635493,0.04764612913374401,0.04532516499204464,0.051956491111185686,0.05968951115573326,0.35,9.938034957270851e-19,1.0,0.22714317000781603
0.35,7/20,clean_selected,0.3,centered_midpoint,0.30372901751724324,0.5589100111735424,0.17326109615964128,0.2868326811635493,0.04854802386094405,0.04854115035439752,0.048560788944530454,0.05968951115573326,0.5103619873125984,0.5632820483312552,0.41208187399223617,0.22714317000781603
0.35,7/20,clean_selected,0.6,actual_decoder,0.3764655557132732,0.5514658504777356,0.34345669757967134,0.4573786247577236,0.2014652609488109,0.19821624493057144,0.20749914783982706,0.22953477040161907,0.35000058952892465,4.332001751377378e-06,0.9999936392222466,0.22784385435610452
0.35,7/20,clean_selected,0.6,centered_midpoint,0.4490479531078603,0.6952697007625287,0.34345669757967134,0.4573786247577236,0.2028262054531919,0.20282662828722656,0.2028254201899847,0.22953477040161907,0.4924434953093368,0.5041879110534949,0.47063243749875755,0.22784385435610452
0.35,7/20,mono_retain_0,0.0,actual_decoder,0.175,0.35,0.11374999999999999,0.22749999999999998,0.0,0.0,0.0,0.0,0.35,0.0,1.0,0.22749999999999998
0.35,7/20,mono_retain_0,0.0,centered_midpoint,0.175,0.35,0.11374999999999999,0.22749999999999998,0.0,0.0,0.0,0.0,0.35,0.0,1.0,0.22749999999999998
0.35,7/20,mono_retain_0,0.05,actual_decoder,0.175,0.35,0.11543749999999997,0.22918749999999996,7.619853024160468e-24,7.61985302416047e-24,7.619853024160468e-24,0.0016874999999999815,0.35,0.0,1.0,0.22749999999999998
0.35,7/20,mono_retain_0,0.05,centered_midpoint,0.175,0.35,0.11543749999999997,0.22918749999999996,7.619853024160468e-24,7.61985302416047e-24,7.619853024160468e-24,0.0016874999999999815,0.35,0.0,1.0,0.22749999999999998
0.35,7/20,mono_retain_0,0.15,actual_decoder,0.17542906033319683,0.3504290603331968,0.12893749999979806,0.24268749999979805,0.0004290603331968372,0.00042906033319683713,0.0004290603331968372,0.015187499999798081,0.35,0.0,1.0,0.22749999999999998
0.35,7/20,mono_retain_0,0.15,centered_midpoint,0.17542906033319683,0.3504290603331968,0.12893749999979806,0.24268749999979805,0.0004290603331968372,0.00042906033319683713,0.0004290603331968372,0.015187499999798081,0.35,0.0,1.0,0.22749999999999998
0.35,7/20,mono_retain_0,0.3,actual_decoder,0.22279035227281468,0.3977903522728147,0.17447471642151258,0.28822471642151254,0.04779035227281471,0.0477903522728147,0.04779035227281471,0.06072471642151257,0.35,0.0,1.0,0.22749999999999998
0.35,7/20,mono_retain_0,0.3,centered_midpoint,0.22279035227281468,0.3977903522728147,0.17447471642151258,0.28822471642151254,0.04779035227281471,0.0477903522728147,0.04779035227281471,0.06072471642151257,0.35,0.0,1.0,0.22749999999999998
0.35,7/20,mono_retain_0,0.6,actual_decoder,0.3773283809636431,0.552328380963643,0.3465648397626332,0.46031483976263315,0.20232838096364308,0.2023283809636431,0.20232838096364308,0.23281483976263317,0.35,0.0,1.0,0.22749999999999998
0.35,7/20,mono_retain_0,0.6,centered_midpoint,0.3773283809636431,0.552328380963643,0.3465648397626332,0.46031483976263315,0.20232838096364308,0.2023283809636431,0.20232838096364308,0.23281483976263317,0.35,0.0,1.0,0.22749999999999998
0.35,7/20,mono_retain_1,0.0,actual_decoder,0.35,0.35,0.22749999999999998,0.22749999999999998,0.35,0.0,1.0,0.22749999999999998,0.0,0.0,0.0,0.0
0.35,7/20,mono_retain_1,0.0,centered_midpoint,0.35,0.35,0.22749999999999998,0.22749999999999998,0.35,0.0,1.0,0.22749999999999998,0.0,0.0,0.0,0.0
0.35,7/20,mono_retain_1,0.05,actual_decoder,0.35,0.35,0.22834374999999998,0.22918749999999996,0.35,0.0,1.0,0.22749999999999998,7.619853024160468e-24,7.61985302416047e-24,7.619853024160468e-24,0.0016874999999999815
0.35,7/20,mono_retain_1,0.05,centered_midpoint,0.35,0.35,0.22834374999999998,0.22918749999999996,0.35,0.0,1.0,0.22749999999999998,7.619853024160468e-24,7.61985302416047e-24,7.619853024160468e-24,0.0016874999999999815
0.35,7/20,mono_retain_1,0.15,actual_decoder,0.35021453016659837,0.3504290603331968,0.23509374999989902,0.24268749999979805,0.35,0.0,1.0,0.22749999999999998,0.0004290603331968372,0.00042906033319683713,0.0004290603331968372,0.015187499999798081
0.35,7/20,mono_retain_1,0.15,centered_midpoint,0.35021453016659837,0.3504290603331968,0.23509374999989902,0.24268749999979805,0.35,0.0,1.0,0.22749999999999998,0.0004290603331968372,0.00042906033319683713,0.0004290603331968372,0.015187499999798081
0.35,7/20,mono_retain_1,0.3,actual_decoder,0.3738951761364073,0.3977903522728147,0.25786235821075626,0.28822471642151254,0.35,0.0,1.0,0.22749999999999998,0.04779035227281471,0.0477903522728147,0.04779035227281471,0.06072471642151257
0.35,7/20,mono_retain_1,0.3,centered_midpoint,0.3738951761364073,0.3977903522728147,0.25786235821075626,0.28822471642151254,0.35,0.0,1.0,0.22749999999999998,0.04779035227281471,0.0477903522728147,0.04779035227281471,0.06072471642151257
0.35,7/20,mono_retain_1,0.6,actual_decoder,0.45116419048182155,0.552328380963643,0.34390741988131657,0.46031483976263315,0.35,0.0,1.0,0.22749999999999998,0.20232838096364308,0.2023283809636431,0.20232838096364308,0.23281483976263317
0.35,7/20,mono_retain_1,0.6,centered_midpoint,0.45116419048182155,0.552328380963643,0.34390741988131657,0.46031483976263315,0.35,0.0,1.0,0.22749999999999998,0.20232838096364308,0.2023283809636431,0.20232838096364308,0.23281483976263317
0.375,3/8,clean_selected,0.0,actual_decoder,0.1875,0.375,0.11718740271766201,0.23436065648844168,0.0,0.0,0.0,1.414894688234258e-05,0.375,0.0,1.0,0.23434650754155933
0.375,3/8,clean_selected,0.0,centered_midpoint,0.265625,0.53125,0.11718740271766201,0.23436065648844168,0.0,0.0,0.0,1.414894688234258e-05,0.53125,0.625,0.375,0.23434650754155933
0.375,3/8,clean_selected,0.05,actual_decoder,0.1875,0.375,0.11886307113546696,0.23603647686602494,1.2518038146390033e-23,7.664589187726786e-24,2.060711974416211e-23,0.0016896654049089563,0.375,0.0,1.0,0.234346811461116
0.375,3/8,clean_selected,0.05,centered_midpoint,0.2656249999999872,0.5312499999999744,0.11886307113546696,0.23603647686602494,1.2393952029740243e-23,1.1714875467846702e-23,1.3525746299562814e-23,0.0016896654049089563,0.5312499999999744,0.6249999999999538,0.3750000000000086,0.234346811461116
0.375,3/8,clean_selected,0.15,actual_decoder,0.18792766673036757,0.3754276667303676,0.13251068990528952,0.24968531131407434,0.00042766673036757035,0.0004112235434785702,0.0004550720418492373,0.015336068496504703,0.375,0.0,1.0,0.23434924281756964
0.375,3/8,clean_selected,0.15,centered_midpoint,0.2653686011007862,0.5303045838153213,0.13251068990528952,0.24968531131407434,0.00043261838625110896,0.0004325729627155781,0.00043269409214366045,0.015336068496504703,0.5298719654290702,0.6207004586918271,0.3784911433244755,0.23434924281756964
0.375,3/8,clean_selected,0.3,actual_decoder,0.2351557014798899,0.4226557014798899,0.1787342597258137,0.295912984048614,0.0476557014798899,0.04713046105484129,0.048531102188304254,0.06155553540301343,0.375,4.7997963748391583e-293,1.0,0.23435744864560054
0.375,3/8,clean_selected,0.3,centered_midpoint,0.30486104956676374,0.5618954428460479,0.1787342597258137,0.295912984048614,0.047826656287479646,0.04782659199429801,0.04782676344278238,0.06155553540301343,0.5140687865585682,0.5635111910085995,0.4316647791418496,0.23435744864560054
0.375,3/8,clean_selected,0.6,actual_decoder,0.3896054678923123,0.5771054678923123,0.35306535866142985,0.47026049464029196,0.2021054678923123,0.2013616378044012,0.20334518470549745,0.23587022268256772,0.375,3.9401882790398056e-75,1.0,0.23439027195772422
0.375,3/8,clean_selected,0.6,centered_midpoint,0.452828773275264,0.703305587426672,0.35306535866142985,0.47026049464029196,0.202351959123856,0.20235196304024744,0.2023519525965369,0.23587022268256772,0.500953628302816,0.5118652606757675,0.4827675743478969,0.23439027195772422
0.375,3/8,mono_retain_0,0.0,actual_decoder,0.1875,0.375,0.1171875,0.234375,0.0,0.0,0.0,0.0,0.375,0.0,1.0,0.234375
0.375,3/8,mono_retain_0,0.0,centered_midpoint,0.1875,0.375,0.1171875,0.234375,0.0,0.0,0.0,0.0,0.375,0.0,1.0,0.234375
0.375,3/8,mono_retain_0,0.05,actual_decoder,0.1875,0.375,0.11890624999999998,0.23609375,7.61985302416047e-24,7.61985302416047e-24,7.61985302416047e-24,0.0017187499999999803,0.375,0.0,1.0,0.234375
0.375,3/8,mono_retain_0,0.05,centered_midpoint,0.1875,0.375,0.11890624999999998,0.23609375,7.61985302416047e-24,7.61985302416047e-24,7.61985302416047e-24,0.0017187499999999803,0.375,0.0,1.0,0.234375
0.375,3/8,mono_retain_0,0.15,actual_decoder,0.18792906033319684,0.37542906033319684,0.13265624999978365,0.24984374999978365,0.0004290603331968372,0.0004290603331968372,0.00042906033319683713,0.015468749999783659,0.375,0.0,1.0,0.234375
0.375,3/8,mono_retain_0,0.15,centered_midpoint,0.18792906033319684,0.37542906033319684,0.13265624999978365,0.24984374999978365,0.0004290603331968372,0.0004290603331968372,0.00042906033319683713,0.015468749999783659,0.375,0.0,1.0,0.234375
0.375,3/8,mono_retain_0,0.3,actual_decoder,0.2352903522728147,0.4227903522728147,0.17903541045162064,0.29622291045162064,0.04779035227281471,0.04779035227281471,0.0477903522728147,0.06184791045162062,0.375,0.0,1.0,0.234375
0.375,3/8,mono_retain_0,0.3,centered_midpoint,0.2352903522728147,0.4227903522728147,0.17903541045162064,0.29622291045162064,0.04779035227281471,0.04779035227281471,0.0477903522728147,0.06184791045162062,0.375,0.0,1.0,0.234375
0.375,3/8,mono_retain_0,0.6,actual_decoder,0.3898283809636431,0.5773283809636431,0.353774828317107,0.470962328317107,0.20232838096364308,0.20232838096364308,0.2023283809636431,0.236587328317107,0.375,0.0,1.0,0.234375
0.375,3/8,mono_retain_0,0.6,centered_midpoint,0.3898283809636431,0.5773283809636431,0.353774828317107,0.470962328317107,0.20232838096364308,0.20232838096364308,0.2023283809636431,0.236587328317107,0.375,0.0,1.0,0.234375
0.375,3/8,mono_retain_1,0.0,actual_decoder,0.375,0.375,0.234375,0.234375,0.375,0.0,1.0,0.234375,0.0,0.0,0.0,0.0
0.375,3/8,mono_retain_1,0.0,centered_midpoint,0.375,0.375,0.234375,0.234375,0.375,0.0,1.0,0.234375,0.0,0.0,0.0,0.0
0.375,3/8,mono_retain_1,0.05,actual_decoder,0.375,0.375,0.235234375,0.23609375,0.375,0.0,1.0,0.234375,7.61985302416047e-24,7.61985302416047e-24,7.61985302416047e-24,0.00171874999999998
0.375,3/8,mono_retain_1,0.05,centered_midpoint,0.375,0.375,0.235234375,0.23609375,0.375,0.0,1.0,0.234375,7.61985302416047e-24,7.61985302416047e-24,7.61985302416047e-24,0.00171874999999998
0.375,3/8,mono_retain_1,0.15,actual_decoder,0.3752145301665984,0.37542906033319684,0.24210937499989182,0.24984374999978365,0.375,0.0,1.0,0.234375,0.0004290603331968372,0.0004290603331968372,0.00042906033319683713,0.015468749999783659
0.375,3/8,mono_retain_1,0.15,centered_midpoint,0.3752145301665984,0.37542906033319684,0.24210937499989182,0.24984374999978365,0.375,0.0,1.0,0.234375,0.0004290603331968372,0.0004290603331968372,0.00042906033319683713,0.015468749999783659
0.375,3/8,mono_retain_1,0.3,actual_decoder,0.39889517613640735,0.4227903522728147,0.2652989552258103,0.29622291045162064,0.375,0.0,1.0,0.234375,0.04779035227281471,0.04779035227281471,0.0477903522728147,0.06184791045162062
0.375,3/8,mono_retain_1,0.3,centered_midpoint,0.39889517613640735,0.4227903522728147,0.2652989552258103,0.29622291045162064,0.375,0.0,1.0,0.234375,0.04779035227281471,0.04779035227281471,0.0477903522728147,0.06184791045162062
0.375,3/8,mono_retain_1,0.6,actual_decoder,0.47616419048182157,0.5773283809636431,0.3526686641585535,0.47096232831710705,0.375,0.0,1.0,0.234375,0.20232838096364308,0.20232838096364308,0.2023283809636431,0.23658732831710702
0.375,3/8,mono_retain_1,0.6,centered_midpoint,0.47616419048182157,0.5773283809636431,0.3526686641585535,0.47096232831710705,0.375,0.0,1.0,0.234375,0.20232838096364308,0.20232838096364308,0.2023283809636431,0.23658732831710702
0.4,2/5,clean_selected,0.0,actual_decoder,0.2,0.4,0.12000000000000002,0.24000000000000005,0.0,0.0,0.0,0.0,0.4,0.0,1.0,0.24000000000000005
0.4,2/5,clean_selected,0.0,centered_midpoint,0.2,0.4,0.12000000000000002,0.24000000000000005,0.0,0.0,0.0,0.0,0.4,0.0,1.0,0.24000000000000005
0.4,2/5,clean_selected,0.05,actual_decoder,0.2,0.4,0.12175,0.24175000000000002,7.61985302416047e-24,7.61985302416047e-24,7.61985302416047e-24,0.001749999999999979,0.4,0.0,1.0,0.24000000000000005
0.4,2/5,clean_selected,0.05,centered_midpoint,0.2,0.4,0.12175,0.24175000000000002,7.61985302416047e-24,7.61985302416047e-24,7.61985302416047e-24,0.001749999999999979,0.4,0.0,1.0,0.24000000000000005
0.4,2/5,clean_selected,0.15,actual_decoder,0.20042906033319685,0.40042906033319686,0.13574999999976925,0.2557499999997693,0.0004290603331968372,0.0004290603331968372,0.0004290603331968372,0.015749999999769237,0.4,0.0,1.0,0.24000000000000005
0.4,2/5,clean_selected,0.15,centered_midpoint,0.20042906033319685,0.40042906033319686,0.13574999999976925,0.2557499999997693,0.0004290603331968372,0.0004290603331968372,0.0004290603331968372,0.015749999999769237,0.4,0.0,1.0,0.24000000000000005
0.4,2/5,clean_selected,0.3,actual_decoder,0.2477903522728147,0.4477903522728147,0.18297110448172868,0.3029711044817287,0.0477903522728147,0.0477903522728147,0.0477903522728147,0.06297110448172866,0.4,0.0,1.0,0.24000000000000005
0.4,2/5,clean_selected,0.3,centered_midpoint,0.2477903522728147,0.4477903522728147,0.18297110448172868,0.3029711044817287,0.0477903522728147,0.0477903522728147,0.0477903522728147,0.06297110448172866,0.4,0.0,1.0,0.24000000000000005
0.4,2/5,clean_selected,0.6,actual_decoder,0.4023283809636431,0.602328380963643,0.3603598168715808,0.4803598168715808,0.20232838096364308,0.20232838096364308,0.20232838096364308,0.24035981687158078,0.4,0.0,1.0,0.24000000000000005
0.4,2/5,clean_selected,0.6,centered_midpoint,0.4023283809636431,0.602328380963643,0.3603598168715808,0.4803598168715808,0.20232838096364308,0.20232838096364308,0.20232838096364308,0.24035981687158078,0.4,0.0,1.0,0.24000000000000005
0.4,2/5,mono_retain_0,0.0,actual_decoder,0.2,0.4,0.12000000000000002,0.24000000000000005,0.0,0.0,0.0,0.0,0.4,0.0,1.0,0.24000000000000005
0.4,2/5,mono_retain_0,0.0,centered_midpoint,0.2,0.4,0.12000000000000002,0.24000000000000005,0.0,0.0,0.0,0.0,0.4,0.0,1.0,0.24000000000000005
0.4,2/5,mono_retain_0,0.05,actual_decoder,0.2,0.4,0.12175,0.24175000000000002,7.61985302416047e-24,7.61985302416047e-24,7.61985302416047e-24,0.001749999999999979,0.4,0.0,1.0,0.24000000000000005
0.4,2/5,mono_retain_0,0.05,centered_midpoint,0.2,0.4,0.12175,0.24175000000000002,7.61985302416047e-24,7.61985302416047e-24,7.61985302416047e-24,0.001749999999999979,0.4,0.0,1.0,0.24000000000000005
0.4,2/5,mono_retain_0,0.15,actual_decoder,0.20042906033319685,0.40042906033319686,0.13574999999976925,0.2557499999997693,0.0004290603331968372,0.0004290603331968372,0.0004290603331968372,0.015749999999769237,0.4,0.0,1.0,0.24000000000000005
0.4,2/5,mono_retain_0,0.15,centered_midpoint,0.20042906033319685,0.40042906033319686,0.13574999999976925,0.2557499999997693,0.0004290603331968372,0.0004290603331968372,0.0004290603331968372,0.015749999999769237,0.4,0.0,1.0,0.24000000000000005
0.4,2/5,mono_retain_0,0.3,actual_decoder,0.2477903522728147,0.4477903522728147,0.18297110448172868,0.3029711044817287,0.0477903522728147,0.0477903522728147,0.0477903522728147,0.06297110448172866,0.4,0.0,1.0,0.24000000000000005
0.4,2/5,mono_retain_0,0.3,centered_midpoint,0.2477903522728147,0.4477903522728147,0.18297110448172868,0.3029711044817287,0.0477903522728147,0.0477903522728147,0.0477903522728147,0.06297110448172866,0.4,0.0,1.0,0.24000000000000005
0.4,2/5,mono_retain_0,0.6,actual_decoder,0.4023283809636431,0.602328380963643,0.3603598168715808,0.4803598168715808,0.20232838096364308,0.20232838096364308,0.20232838096364308,0.24035981687158078,0.4,0.0,1.0,0.24000000000000005
0.4,2/5,mono_retain_0,0.6,centered_midpoint,0.4023283809636431,0.602328380963643,0.3603598168715808,0.4803598168715808,0.20232838096364308,0.20232838096364308,0.20232838096364308,0.24035981687158078,0.4,0.0,1.0,0.24000000000000005
0.4,2/5,mono_retain_1,0.0,actual_decoder,0.4,0.4,0.24000000000000005,0.24000000000000005,0.4,0.0,1.0,0.24000000000000005,0.0,0.0,0.0,0.0
0.4,2/5,mono_retain_1,0.0,centered_midpoint,0.4,0.4,0.24000000000000005,0.24000000000000005,0.4,0.0,1.0,0.24000000000000005,0.0,0.0,0.0,0.0
0.4,2/5,mono_retain_1,0.05,actual_decoder,0.4,0.4,0.24087500000000003,0.24175000000000002,0.4,0.0,1.0,0.24000000000000005,7.61985302416047e-24,7.61985302416047e-24,7.61985302416047e-24,0.0017499999999999788
0.4,2/5,mono_retain_1,0.05,centered_midpoint,0.4,0.4,0.24087500000000003,0.24175000000000002,0.4,0.0,1.0,0.24000000000000005,7.61985302416047e-24,7.61985302416047e-24,7.61985302416047e-24,0.0017499999999999788
0.4,2/5,mono_retain_1,0.15,actual_decoder,0.4002145301665984,0.40042906033319686,0.24787499999988466,0.2557499999997693,0.4,0.0,1.0,0.24000000000000005,0.0004290603331968372,0.0004290603331968372,0.0004290603331968372,0.015749999999769237
0.4,2/5,mono_retain_1,0.15,centered_midpoint,0.4002145301665984,0.40042906033319686,0.24787499999988466,0.2557499999997693,0.4,0.0,1.0,0.24000000000000005,0.0004290603331968372,0.0004290603331968372,0.0004290603331968372,0.015749999999769237
0.4,2/5,mono_retain_1,0.3,actual_decoder,0.42389517613640737,0.4477903522728147,0.27148555224086435,0.3029711044817287,0.4,0.0,1.0,0.24000000000000005,0.0477903522728147,0.0477903522728147,0.0477903522728147,0.06297110448172866
0.4,2/5,mono_retain_1,0.3,centered_midpoint,0.42389517613640737,0.4477903522728147,0.27148555224086435,0.3029711044817287,0.4,0.0,1.0,0.24000000000000005,0.0477903522728147,0.0477903522728147,0.0477903522728147,0.06297110448172866
0.4,2/5,mono_retain_1,0.6,actual_decoder,0.5011641904818216,0.602328380963643,0.36017990843579045,0.48035981687158086,0.4,0.0,1.0,0.24000000000000005,0.20232838096364308,0.20232838096364308,0.20232838096364308,0.2403598168715808
0.4,2/5,mono_retain_1,0.6,centered_midpoint,0.5011641904818216,0.602328380963643,0.36017990843579045,0.48035981687158086,0.4,0.0,1.0,0.24000000000000005,0.20232838096364308,0.20232838096364308,0.20232838096364308,0.2403598168715808
