label,sigma,frozen_clean_bias_0,frozen_clean_bias_1,calibrated_bias_0,calibrated_bias_1,frozen_sum_mse,calibrated_sum_mse,calibrated_global_lower,calibrated_global_upper,calibrated_sum_gap,resolved,frozen_mse_0,calibrated_mse_0,frozen_mse_1,calibrated_mse_1
shared_same_sign,0.0,-0.13807118745769834,0.24999999999999994,-0.13807118745769834,0.24999999999999994,0.24642556509887897,0.24642556509887897,0.24642556509887897,0.24642556509887897,0.0,True,0.03303721745056055,0.03303721745056055,0.21338834764831843,0.21338834764831843
shared_same_sign,0.3,-0.13807118745769834,0.24999999999999994,-0.16989511387554806,0.24977794465112163,0.31868281868245574,0.3179305136707885,0.31793050224893493,0.3179305136727885,1.1423853571446152e-08,True,0.09212955846267468,0.09137730246341336,0.22655326021978103,0.22655321120737515
shared_same_sign,0.6,-0.13807118745769834,0.24999999999999994,-0.3416961547429261,0.23130270510108447,0.5129938089678424,0.49113473370400085,0.49113472016039095,0.49113473370600075,1.3545609772736e-08,True,0.24985852901192676,0.22829286684498537,0.2631352799559157,0.26284186685901545
shared_opposite_sign,0.0,0.21548220313557545,0.6035533905932737,0.21548220313557545,0.6035533905932737,0.24642556509887897,0.24642556509887897,0.24642556509887897,0.24642556509887897,0.0,True,0.03303721745056054,0.03303721745056054,0.21338834764831843,0.21338834764831843
shared_opposite_sign,0.3,0.21548220313557545,0.6035533905932737,0.18365827923926803,0.6033313283014674,0.31868281868245574,0.3179305136707884,0.31793050224893493,0.31793051367278835,1.1423853446546062e-08,True,0.09212955846267468,0.09137730246341322,0.2265532602197811,0.22655321120737515
shared_opposite_sign,0.6,0.21548220313557545,0.6035533905932737,0.01185721353758844,0.584856102543357,0.5129938089678423,0.49113473370400085,0.49113472016039106,0.4911347337060008,1.3545609772736e-08,True,0.24985852901192668,0.22829286684498545,0.2631352799559157,0.2628418668590154
mono_retain_0,0.0,-0.0,0.5,-0.0,0.5,0.25,0.25,0.25,0.25,0.0,True,0.0,0.0,0.25,0.25
mono_retain_0,0.3,-0.0,0.5,-0.08368774031049175,0.5,0.3174638806021608,0.31250541096332785,0.3125054039771417,0.3125054109643279,6.987186149109981e-09,True,0.06746388060216083,0.06250541096332787,0.25,0.25
mono_retain_0,0.6,-0.0,0.5,-0.2728966960348526,0.5,0.505449771089476,0.4670928069991759,0.4670927970689127,0.46709280700017586,9.931263172946458e-09,True,0.255449771089476,0.21709280699917588,0.25,0.25
