p,detector,sigma,mean_exact_false_positive_rate,mean_exact_false_negative_rate
0.05,matched,0.0,0.0,0.05000000000000012
0.05,matched,0.05,9.908261715367443e-11,0.049999999994759375
0.05,matched,0.15,0.016112354764597017,0.05367989975742147
0.05,matched,0.3,0.13722550838777783,0.1353408644502639
0.05,matched,0.6,0.2852335748770562,0.28061741621732966
0.05,decoder,0.0,0.0,0.05000000000000012
0.05,decoder,0.05,7.126388127116854e-41,0.25746895562699706
0.05,decoder,0.15,4.01839818215417e-06,0.4275792373024198
0.05,decoder,0.3,0.012328322195698052,0.4752167954140634
0.05,decoder,0.6,0.1266602039504651,0.4937416605645375
0.15,matched,0.0,0.0,0.14999999999999988
0.15,matched,0.05,4.926455448635178e-07,0.14999991228828377
0.15,matched,0.15,0.04229730157533957,0.14347854075786662
0.15,matched,0.3,0.17418708327114762,0.1726892826422665
0.15,matched,0.6,0.2973833604472332,0.2875743615419352
0.15,decoder,0.0,0.0,0.14999999999999988
0.15,decoder,0.05,1.1142292499035087e-28,0.1525669062477201
0.15,decoder,0.15,6.788525122902468e-05,0.2996814156551395
0.15,decoder,0.3,0.02496591302076243,0.4181586532643337
0.15,decoder,0.6,0.148927350608952,0.4708600860835063
0.3,matched,0.0,0.0,0.2999999999999999
0.3,matched,0.05,0.00330133636975619,0.2985813798412225
0.3,matched,0.15,0.12259288603621987,0.2475283229622416
0.3,matched,0.3,0.22410763671516645,0.22535977441504126
0.3,matched,0.6,0.3085219984780606,0.29913646872586835
0.3,decoder,0.0,0.0,0.2999999999999999
0.3,decoder,0.05,4.062375365925614e-11,0.3000000023743671
0.3,decoder,0.15,0.006286974001608767,0.30503184025206304
0.3,decoder,0.3,0.08182509854718133,0.35133001232869926
0.3,decoder,0.6,0.20421158837355924,0.4138720240792999
0.5,matched,0.0,0.16829427083333334,0.16829427083333334
0.5,matched,0.05,0.1712470720146696,0.17124707201466957
0.5,matched,0.15,0.18833104754237526,0.1883310475423752
0.5,matched,0.3,0.23091587506325398,0.23091587506325398
0.5,matched,0.6,0.3120788683126972,0.3120788683126972
0.5,decoder,0.0,0.16048177083333334,0.17740885416666666
0.5,decoder,0.05,0.16296476605781454,0.1806655670976632
0.5,decoder,0.15,0.17927827562480306,0.19823456270282533
0.5,decoder,0.3,0.22142688903867305,0.24095750699481044
0.5,decoder,0.6,0.30401080062513874,0.32033220699105364
