case,seed,direct_float64_relu_weighted_error,algebraic_threshold_weighted_error,maximum_per_feature_difference
p_0.05_importance_1.00,0,0.005000000000000001,0.005000000000000001,0.0
p_0.05_importance_1.00,1,0.0475,0.0475,0.0
p_0.05_importance_1.00,2,0.005000000000000001,0.005000000000000001,0.0
p_0.05_importance_1.00,3,0.005000000000000001,0.005000000000000001,0.0
p_0.05_importance_1.00,4,0.095,0.095,0.0
p_0.05_importance_1.00,5,0.095,0.095,0.0
p_0.05_importance_0.50,0,0.0037500000000000007,0.0037500000000000007,0.0
p_0.05_importance_0.50,1,0.0037500000000000007,0.0037500000000000007,0.0
p_0.05_importance_0.50,2,0.0037500000000000007,0.0037500000000000007,0.0
p_0.05_importance_0.50,3,0.0037500000000000007,0.0037500000000000007,0.0
p_0.05_importance_0.50,4,0.0037500000000000007,0.0037500000000000007,0.0
p_0.05_importance_0.50,5,0.0037500000000000007,0.0037500000000000007,0.0
p_0.20_importance_1.00,0,0.08000000000000002,0.08000000000000002,0.0
p_0.20_importance_1.00,1,0.32000000000000006,0.32000000000000006,0.0
p_0.20_importance_1.00,2,0.08000000000000002,0.08000000000000002,0.0
p_0.20_importance_1.00,3,0.08000000000000002,0.08000000000000002,0.0
p_0.20_importance_1.00,4,0.32000000000000006,0.32000000000000006,0.0
p_0.20_importance_1.00,5,0.32000000000000006,0.32000000000000006,0.0
p_0.20_importance_0.50,0,0.06000000000000001,0.06000000000000001,0.0
p_0.20_importance_0.50,1,0.06000000000000001,0.06000000000000001,0.0
p_0.20_importance_0.50,2,0.06000000000000001,0.06000000000000001,0.0
p_0.20_importance_0.50,3,0.06000000000000001,0.06000000000000001,0.0
p_0.20_importance_0.50,4,0.06000000000000001,0.06000000000000001,0.0
p_0.20_importance_0.50,5,0.06000000000000001,0.06000000000000001,0.0
p_0.50_importance_1.00,0,0.5,0.5,0.0
p_0.50_importance_1.00,1,0.5,0.5,0.0
p_0.50_importance_1.00,2,0.5,0.5,0.0
p_0.50_importance_1.00,3,0.5,0.5,0.0
p_0.50_importance_1.00,4,0.5,0.5,0.0
p_0.50_importance_1.00,5,0.5,0.5,0.0
p_0.50_importance_0.50,0,0.25,0.25,0.0
p_0.50_importance_0.50,1,0.25,0.125,0.25
p_0.50_importance_0.50,2,0.25,0.25,0.0
p_0.50_importance_0.50,3,0.25,0.25,0.0
p_0.50_importance_0.50,4,0.25,0.125,0.25
p_0.50_importance_0.50,5,0.25,0.25,0.0
