iteration,halvings,step,theta,loss,armijo_rhs,accepted,near_kink_count
0,0,0.1,-0.7762553062545912,0.093460372989023,0.09428563069387756,True,0
1,0,0.1,-0.7673445541053958,0.09267658823849378,0.09346029358751914,True,0
2,0,0.1,-0.7586640519013346,0.09193293969436014,0.09267651288737527,True,0
3,0,0.1,-0.7502113298595856,0.09122793490049103,0.09193286824585023,True,0
4,0,0.1,-0.7419833835455033,0.09056003262482346,0.09122786720139048,True,0
5,0,0.1,-0.7339767490916667,0.08992766332783134,0.09055996851862817,True,0
6,0,0.1,-0.7261875731768923,0.08932924686413393,0.0899276026565699,True,0
7,0,0.1,-0.71861167756101,0.08876320757238773,0.08932918946993955,True,0
8,0,0.1,-0.711244618114682,0.088227986942542,0.08876315329882284,True,0
9,0,0.1,-0.7040817383997952,0.08772205406995201,0.08822793563569618,True,0
10,0,0.1,-0.6971182179473258,0.08724391411528126,0.08772200557933492,True,0
11,0,0.1,-0.6903491154488258,0.08679211498993555,0.08724386829453262,True,0
12,0,0.1,-0.6837694071277117,0.08636525248107738,0.08679207169737396,True,0
13,0,0.1,-0.6773740205902427,0.08596197401988338,0.08636521158010842,True,0
14,0,0.1,-0.6711578644762147,0.08558098128316134,0.08596193537928655,True,0
15,0,0.1,-0.6651158542384984,0.0852210318029749,0.08558094477727363,True,0
16,0,0.1,-0.6592429343808944,0.0848809397425144,0.08522099731178724,True,0
17,0,0.1,-0.6535340974773638,0.08455957597985317,0.0848809071516956,True,0
18,0,0.1,-0.6479844002842076,0.08425586762498793,0.08455954518071424,True,0
19,0,0.1,-0.6425889772416795,0.08396879708007987,0.08425583851439812,True,0
20,0,0.1,-0.6373430516439852,0.08369740073833414,0.08396876956034449,True,0
21,0,0.1,-0.6322419447376245,0.0834407674036465,0.08369737471704246,True,0
22,0,0.1,-0.627281082988334,0.08319803650106915,0.08344074279349721,True,0
23,0,0.1,-0.6224560037370711,0.08296839613732312,0.08319801321967937,True,0
24,0,0.1,-0.6177623594460147,0.08275108106098014,0.0829683741070264,True,0
25,0,0.1,-0.6131959207167496,0.08254537056349115,0.08275106020861747,True,0
26,0,0.1,-0.6087525782449094,0.08235058635487859,0.08254535082019883,True,0
27,0,0.1,-0.6044283438587034,0.08216609044154058,0.08235056765587556,True,0
28,0,0.1,-0.600219350773062,0.08199128302814647,0.08216607272591779,True,0
29,0,0.1,-0.5961218531766225,0.0818256004609412,0.08199126623865992,True,0
30,0,0.1,-0.5921322252554629,0.08166851322582772,0.08182558454381025,True,0
31,0,0.1,-0.5882469597453452,0.08151952401127742,0.08166849813053963,True,0
32,0,0.1,-0.5844626660932085,0.08137816584334831,0.08151950969039898,True,0
33,0,0.1,-0.5807760682987044,0.08124400029779502,0.08137815225234502,True,0
34,0,0.1,-0.5771840024976208,0.0811166157923693,0.0812439873948583,True,0
35,0,0.1,-0.5736834143410314,0.08099562596087556,0.08111660353825186,True,0
36,0,0.1,-0.5702713562168613,0.08088066810930877,0.08099561431873492,True,0
37,0,0.1,-0.566944984354201,0.08077140175341854,0.080880657044559,True,0
38,0,0.1,-0.5637015558450684,0.08066750723627283,0.08077139123359005,True,0
39,0,0.1,-0.5605384256133332,0.08056868442380097,0.08066749723087997,True,0
40,0,0.1,-0.5574530433561281,0.08046120642483634,0.08056867490421729,True,0
41,0,0.1,-0.553357253109042,0.08029627964379141,0.08046118964933859,True,0
42,0,0.1,-0.5493994344997281,0.0801422621529016,0.08029626397946327,True,0
43,0,0.1,-0.5455741770386779,0.07999837486497026,0.08014224752030695,True,0
44,0,0.1,-0.5418762985541445,0.07986389745165072,0.07999836119066497,True,0
45,0,0.1,-0.5383008371848026,0.07973816386481841,0.07986388466772672,True,0
46,0,0.1,-0.5348430432469785,0.0796205581715747,0.0797381519084795,True,0
47,0,0.1,-0.5314983710648239,0.07951051068881426,0.0796205469847427,True,0
48,0,0.1,-0.5282624708354487,0.07940749440200529,0.07951050021776397,True,0
49,0,0.1,-0.5251311805871035,0.07931102165212739,0.07940748459702666,True,0
50,0,0.1,-0.5221005182766765,0.07922064107445076,0.07931101246721335,True,0
51,0,0.1,-0.5191666740627849,0.07913593477291704,0.07922063246700889,True,0
52,0,0.1,-0.5163260027823285,0.07905651571420899,0.07913592670350372,True,0
53,0,0.1,-0.5135750166513249,0.07898202532610492,0.0790565081462843,True,0
54,0,0.1,-0.5109103782049663,0.07891213128534832,0.07898201822580687,True,0
55,0,0.1,-0.5083288934869566,0.07884652548098287,0.07891212462128498,True,0
56,0,0.1,-0.5058275054941558,0.07878492213986937,0.07884651922404097,True,0
57,0,0.1,-0.5034032878792591,0.07872705610189566,0.07878491626303832,True,0
58,0,0.1,-0.5010534389115513,0.07867268123318474,0.07872705058010548,True,0
59,0,0.1,-0.49877527569360514,0.078621568966394,0.0786726760431571,True,0
60,0,0.1,-0.49656622863007405,0.07857350695796156,0.07862156408650507,True,0
61,0,0.1,-0.49442383614336516,0.07852829785289267,0.07857350236811599,True,0
62,0,0.1,-0.4923457396299363,0.07848575814838016,0.07852829353440755,True,0
63,0,0.1,-0.4903296786501699,0.07844571714821816,0.07848575408387828,True,0
64,0,0.1,-0.48837348634420497,0.07840801600059384,0.07844571332152982,True,0
65,0,0.1,-0.4864750850657125,0.07837250681242841,0.07840801239666642,True,0
66,0,0.1,-0.48463248222535354,0.0783390518339861,0.07837250341724318,True,0
67,0,0.1,-0.4828437663355292,0.07830752270797837,0.07833904863448156,True,0
68,0,0.1,-0.4811071032480045,0.07827779977786323,0.0783075196919797,True,0
69,0,0.1,-0.4794207325760342,0.07824977145047494,0.07827779693401718,True,0
70,0,0.1,-0.47778296429273365,0.07822333360852406,0.07824976876819,True,0
71,0,0.1,-0.47619217549759535,0.07819838906887733,0.07822333107791507,True,0
72,0,0.1,-0.4746468073432541,0.07817484708287029,0.07819838668071459,True,0
73,0,0.1,-0.4731453621148309,0.07815262287521806,0.07817484482853251,True,0
74,0,0.1,-0.47168640045443516,0.07813163721837929,0.07815262074664893,True,0
75,0,0.1,-0.4702685387236696,0.07811181603949124,0.0781316352080474,True,0
76,0,0.1,-0.46889044649725525,0.07809309005723762,0.07811181414035306,True,0
77,0,0.1,-0.4675508441811747,0.07807539444623127,0.07809308826270325,True,0
78,0,0.1,-0.4662485007490097,0.0780586685266983,0.07807539275013285,True,0
79,0,0.1,-0.4649822315904316,0.07804285547743463,0.07805866692326072,True,0
80,0,0.1,-0.46375089646607776,0.07802790207017707,0.07804285396124844,True,0
81,0,0.1,-0.46255339756331776,0.07801375842368602,0.07802790063617344,True,0
82,0,0.1,-0.4613886776476791,0.0780003777759786,0.07801375706711354,True,0
83,0,0.1,-0.46025571830495726,0.07798771627328183,0.07800037649238173,True,0
84,0,0.1,-0.4591535382692849,0.07797573277439357,0.077987715058481,True,0
85,0,0.1,-0.4580811918326737,0.07796438866924776,0.0779757316244667,True,0
86,0,0.1,-0.4570377673317727,0.07795364771057978,0.07796438758051308,True,0
87,0,0.1,-0.45602238570780845,0.07794347585767866,0.07795364667957994,True,0
88,0,0.1,-0.45503419913588306,0.07793384113129535,0.07794347488116596,True,0
89,0,0.1,-0.45407238972000846,0.07792471347885324,0.077933840206218,True,0
90,0,0.1,-0.4531361682504472,0.07791606464917512,0.0779247126023426,True,0
91,0,0.1,-0.4522247730201143,0.07790786807600572,0.07791606381853386,True,0
92,0,0.1,-0.4513374686969674,0.07790009876966623,0.07790786728869675,True,0
93,0,0.1,-0.45047354524947986,0.07789273321623055,0.07790009802330251,True,0
94,0,0.1,-0.4496323169224472,0.0778857492836624,0.07789273250856546,True,0
95,0,0.1,-0.4488131212605263,0.07787912613439597,0.07788574861258087,True,0
96,0,0.1,-0.4480153181770487,0.0778728441438848,0.07787912549790621,True,0
97,0,0.1,-0.4472382890657823,0.07786688482468028,0.07787284354011056,True,0
98,0,0.1,-0.44648143595344203,0.07786123075563602,0.07786688425185365,True,0
99,0,0.1,-0.4457441806908706,0.07785586551586544,0.0778612302120907,True,0
100,0,0.1,-0.44502596418092183,0.07785077362310949,0.07785586500003049,True,0
101,0,0.1,-0.4443262456411884,0.07784594047619692,0.07785077313350346,True,0
102,0,0.1,-0.44364450189981364,0.07784135230130507,0.0778459400114224,True,0
103,0,0.1,-0.4429802267227257,0.07783699610175088,0.07784135186004355,True,0
104,0,0.1,-0.44233293017071945,0.07783285961106222,0.07783699568275805,True,0
105,0,0.1,-0.44170213798489893,0.07782893124909904,0.07783285921316344,True,0
106,0,0.1,-0.4410873909990718,0.07782520008101103,0.07782893087118518,True,0
107,0,0.1,-0.4404882445777637,0.07782165577883414,0.0778251997220346,True,0
108,0,0.1,-0.43990426807859206,0.0778182885855439,0.07782165543780559,True,0
109,0,0.1,-0.4393350443378061,0.07781508928139572,0.07781828826152824,True,0
110,0,0.1,-0.4387801691778634,0.07781204915239619,0.07781508897350928,True,0
111,0,0.1,-0.4382392509359739,0.07780915996076003,0.07781204885980364,True,0
112,0,0.1,-0.43771191001259907,0.07780641391721799,0.07780915968267157,True,0
113,0,0.1,-0.4371977784389466,0.07780380365505149,0.07780641365288671,True,0
114,0,0.1,-0.4366964994625527,0.07780132220573764,0.07780380340377088,True,0
115,0,0.1,-0.4362077271500914,0.07779896297609777,0.07780132196683927,True,0
116,0,0.1,-0.43573112600659475,0.0777967197268496,0.07779896274894912,True,0
117,0,0.1,-0.4352663706103115,0.0777945865524701,0.07779671951085201,True,0
118,0,0.1,-0.4348131452624707,0.0777925578622837,0.07779458634705688,True,0
119,0,0.1,-0.4343711436512562,0.07779062836269512,0.07779255766691828,True,0
120,0,0.1,-0.43394006852933154,0.0777887930404929,0.07779062817686937,True,0
121,0,0.1,-0.43351963140429184,0.0777870471471541,0.07778879286372552,True,0
122,0,0.1,-0.4331095522414478,0.07778538618408623,0.07778704697898918,True,0
123,0,0.1,-0.4327095591783798,0.07778380588874596,0.07778538602409178,True,0
124,0,0.1,-0.43231938825072663,0.07778230222157882,0.07778380573651261,True,0
125,0,0.1,-0.4319387831287032,0.07778087135372838,0.07778230207671856,True,0
126,0,0.1,-0.43156749486386276,0.07777950965546573,0.0777808712158734,True,0
127,0,0.1,-0.4312052816456482,0.0777782136852945,0.07777950952426732,True,0
128,0,0.1,-0.43085190856729577,0.07777698017968895,0.07777821356042197,True,0
129,0,0.1,-0.4305071474006789,0.0777758060434262,0.07777698006082868,True,0
130,0,0.1,-0.4301707763796985,0.07777468834047527,0.07777580593028073,True,0
131,0,0.1,-0.4298425799918463,0.07777362428540918,0.0777746882327624,True,0
132,0,0.1,-0.4295223487775859,0.07777261123530772,0.07777362418286116,True,0
133,0,0.1,-0.42920987913721403,0.07777164668212125,0.07777261113767045,True,0
134,0,0.1,-0.42890497314487924,0.07777072824546719,0.07777164658915359,True,0
135,0,0.1,-0.42860743836945286,0.07776985366583347,0.07777072815694025,True,0
136,0,0.1,-0.4283170877019608,0.07776902079816395,0.07776985358152996,True,0
137,0,0.1,-0.4280337391892983,0.07776822760580346,0.07776902071787757,True,0
138,0,0.1,-0.4277572158739638,0.07776747215478078,0.07776822752933832,True,0
139,0,0.1,-0.4274873456395599,0.07776675260840912,0.07776747208195084,True,0
140,0,0.1,-0.42722396106182203,0.07776606722218643,0.07776675253903768,True,0
141,0,0.1,-0.42696689926494574,0.07776541433897619,0.07776606715610566,True,0
142,0,0.1,-0.4267160017829951,0.07776479238445425,0.07776541427602664,True,0
143,0,0.1,-0.4264711144261843,0.0777641998628043,0.07776479232448442,True,0
144,0,0.1,-0.42623208715183397,0.07776363535264895,0.07776419980567027,True,0
145,0,0.1,-0.425998773939814,0.07776309750320196,0.0777636352982139,True,0
146,0,0.1,-0.4257710326722915,0.07776258503062923,0.07776309745133587,True,0
147,0,0.1,-0.4255487250176123,0.0777620967146063,0.07776258498120854,True,0
148,0,0.1,-0.4253317163181519,0.07776163139506154,0.07776209666751352,True,0
149,0,0.1,-0.42511987548197794,0.07776118796909409,0.077761631350185,True,0
150,0,0.1,-0.4249130748781755,0.07776076538805665,0.07776118792632761,True,0
151,0,0.1,-0.42471119023569104,0.07776036265479401,0.07776076534729924,True,0
152,0,0.1,-0.42451410054555905,0.0777599788210284,0.07776036261594967,True,0
153,0,0.1,-0.42432168796637976,0.07775961298488361,0.0777599787840058,True,0
154,0,0.1,-0.4241338377329235,0.07775926428853966,0.07775961294959591,True,0
155,0,0.1,-0.42395043806774224,0.07775893191601144,0.07775926425490422,True,0
156,0,0.1,-0.4237713800956731,0.07775861509104381,0.07775893188394968,True,0
157,0,0.1,-0.423596557761126,0.07775831307511712,0.07775861506048097,True,0
158,0,0.1,-0.4234258677480489,0.07775802516555688,0.07775831304598203,True,0
159,0,0.1,-0.42325920940247247,0.07775775069374202,0.07775802513778188,True,0
160,0,0.1,-0.42309648465753646,0.077757489023406,0.07775775066726268,True,0
161,0,0.1,-0.4229375979609074,0.07775723954902629,0.07775748899816101,True,0
162,0,0.1,-0.42278245620449895,0.07775700169429682,0.07775723952495732,True,0
163,0,0.1,-0.42263096865641053,0.0777567749106792,0.07775700167134834,True,0
164,0,0.1,-0.4224830468950045,0.07775655867602865,0.07775677488879836,True,0
165,0,0.1,-0.42233860474504314,0.07775635249329,0.07775655865516512,True,0
166,0,0.1,-0.42219755821581284,0.07775615588926083,0.07775635247339588,True,0
167,0,0.1,-0.42205982544116283,0.07775596841341735,0.07775615587029051,True,0
168,0,0.1,-0.42192532662139165,0.07775578963680035,0.07775596839532742,True,0
169,0,0.1,-0.4217939839669151,0.07775561915095748,0.07775578961954946,True,0
170,0,0.1,-0.4216657216436533,0.07775545656693933,0.07775561913450625,True,0
171,0,0.1,-0.42154046572007675,0.07775530151434612,0.07775545655125028,True,0
172,0,0.1,-0.42141814411585315,0.07775515364042253,0.07775530149938355,True,0
173,0,0.1,-0.42129868655204006,0.07775501260919813,0.07775515362615242,True,0
174,0,0.1,-0.4211820245027696,0.07775487810067093,0.0777550125955881,True,0
175,0,0.1,-0.42106809114837457,0.0777547498100317,0.07775487808769012,True,0
176,0,0.1,-0.4209568213299065,0.07775462744692752,0.07775474979765074,True,0
177,0,0.1,-0.4208481515049985,0.0777545107347615,0.07775462743511838,True,0
178,0,0.1,-0.42074201970502706,0.07775439941002785,0.07775451072349754,True,0
179,0,0.1,-0.4206383654935304,0.0777542932216798,0.07775439939928365,True,0
180,0,0.1,-0.42053712992584,0.07775419193052889,0.07775429321143117,True,0
181,0,0.1,-0.42043825550988595,0.07775409530867396,0.07775419192075274,True,0
182,0,0.1,-0.4203416861681366,0.07775400313895856,0.07775409529934832,True,0
183,0,0.1,-0.4202473672006361,0.07775391521445492,0.07775400313006249,True,0
184,0,0.1,-0.4201552452491029,0.07775383133797335,0.07775391520596847,True,0
185,0,0.1,-0.42006526826205537,0.07775375132159598,0.0777538313298775,True,0
186,0,0.1,-0.41997738546093083,0.07775367498623302,0.07775375131387259,True,0
187,0,0.1,-0.4198915473071663,0.07775360216120113,0.07775367497886483,True,0
188,0,0.1,-0.41980770547021,0.0777535326838221,0.07775360215417167,True,0
189,0,0.1,-0.4197258127964334,0.07775346639904143,0.07775353267711568,True,0
190,0,0.1,-0.41964582327891614,0.0777534031590651,0.0777534663926431,True,0
191,0,0.1,-0.4195676920280755,0.07775334282301455,0.0777534031529606,True,0
192,0,0.1,-0.4194913752431137,0.07775328525659793,0.07775334281719029,True,0
193,0,0.1,-0.4194168301842585,0.07775323033179755,0.07775328525104096,True,0
194,0,0.1,-0.4193440151457709,0.07775317792657249,0.07775323032649552,True,0
195,0,0.1,-0.4192728894296971,0.07775312792457556,0.07775317792151362,True,0
196,0,0.1,-0.4192034133203416,0.07775308021488385,0.07775312791974863,True,0
197,0,0.1,-0.4191355480594391,0.07775303469174234,0.07775308021027816,True,0
198,0,0.1,-0.41906925582200344,0.07775299125431999,0.07775303468734768,True,0
199,0,0.1,-0.4190044996928342,0.07775294980647736,0.07775299125012664,True,0
200,0,0.1,-0.41894124364365926,0.07775291025654547,0.07775294980247603,True,0
201,0,0.1,-0.4188794525108956,0.0777528725171154,0.07775291025272733,True,0
202,0,0.1,-0.41881909197400896,0.07775283650483775,0.07775287251347202,True,0
203,0,0.1,-0.41876012853445477,0.07775280214023186,0.07775283650136106,True,0
204,0,0.1,-0.4187025294951826,0.07775276934750414,0.07775280213691421,True,0
205,0,0.1,-0.4186462629406881,0.07775273805437496,0.07775276934433821,True,0
206,0,0.1,-0.4185912977175954,0.07775270819191399,0.07775273805135378,True,0
207,0,0.1,-0.4185376034157553,0.07775267969438318,0.0777527081890309,True,0
208,0,0.1,-0.418485150349843,0.07775265249908735,0.07775267969163185,True,0
209,0,0.1,-0.4184339095414421,0.07775262654623193,0.07775265249646172,True,0
210,0,0.1,-0.4183838527015994,0.07775260177878715,0.07775262654372624,True,0
211,0,0.1,-0.41833495221383793,0.07775257814235909,0.0777526017763959,True,0
212,0,0.1,-0.4182871811176144,0.07775255558506655,0.07775257814007701,True,0
213,0,0.1,-0.41824051309220855,0.07775253405742391,0.07775255558288864,True,0
214,0,0.1,-0.4181949224410316,0.07775251351222941,0.07775253405534541,True,0
215,0,0.1,-0.418150384076343,0.07775249390445871,0.07775251351024574,True,0
216,0,0.1,-0.418106873504362,0.07775247519116361,0.07775249390256554,True,0
217,0,0.1,-0.418064366810765,0.07775245733137548,0.0777524751893568,True,0
218,0,0.1,-0.41802284064655587,0.07775244028601312,0.07775245732965105,True,0
219,0,0.1,-0.4179822722143004,0.07775242401779518,0.07775244028436733,True,0
220,0,0.1,-0.41794263925471326,0.07775240849115644,0.07775242401622441,True,0
221,0,0.1,-0.4179039200335888,0.0777523936721683,0.07775240848965727,True,0
222,0,0.1,-0.4178660933290653,0.07775237952846276,0.07775239367073744,True,0
223,0,0.1,-0.41782913841921426,0.07775236602916019,0.07775237952709708,True,0
224,0,0.1,-0.41779303506994436,0.0777523531448002,0.07775236602785673,True,0
225,0,0.1,-0.4177577635232135,0.07775234084727614,0.07775235314355611,True,0
226,0,0.1,-0.41772330448553824,0.0777523291097722,0.07775234084608872,True,0
227,0,0.1,-0.41768963911679446,0.0777523179067039,0.07775232910863884,True,0
228,0,0.1,-0.4176567490192997,0.07775230721366103,0.07775231790562213,True,0
229,0,0.1,-0.41762461622717095,0.07775229700735349,0.0777523072126285,True,0
230,0,0.1,-0.41759322319594894,0.07775228726555942,0.07775229700636797,True,0
231,0,0.1,-0.41756255279248344,0.07775227796707598,0.07775228726461875,True,0
232,0,0.1,-0.4175325882850709,0.07775226909167231,0.07775227796617812,True,0
233,0,0.1,-0.4175033133338389,0.07775226062004462,0.07775226909081528,True,0
234,0,0.1,-0.41747471198136993,0.07775225253377352,0.07775226061922658,True,0
235,0,0.1,-0.4174467686435589,0.0777522448152833,0.07775225253299269,True,0
236,0,0.1,-0.41741946810069747,0.07775223744780291,0.07775224481453798,True,0
237,0,0.1,-0.41739279548877967,0.07775223041532907,0.07775223744709148,True,0
238,0,0.1,-0.41736673629102267,0.07775222370259079,0.07775223041464999,True,0
239,0,0.1,-0.4173412763295971,0.07775221729501582,0.07775222370194258,True,0
240,0,0.1,-0.41731640175756174,0.07775221117869834,0.07775221729439707,True,0
241,0,0.1,-0.41729209905099635,0.07775220534036846,0.07775221117810771,True,0
242,0,0.1,-0.41726835500132875,0.07775219976736297,0.07775220533980468,True,0
243,0,0.1,-0.41724515670784973,0.0777521944475974,0.0777521997668248,True,0
244,0,0.1,-0.417222491570412,0.07775218936953944,0.07775219444708369,True,0
245,0,0.1,-0.41720034728230765,0.07775218452218371,0.07775218936904907,True,0
246,0,0.1,-0.4171787118233198,0.07775217989502742,0.07775218452171562,True,0
247,0,0.1,-0.4171575734529441,0.07775217547804744,0.07775217989458058,True,0
248,0,0.1,-0.41713692070377545,0.07775217126167813,0.07775217547762091,True,0
249,0,0.1,-0.41711674237505586,0.0777521672367906,0.07775217126127097,True,0
250,0,0.1,-0.4170970275263789,0.07775216339467246,0.07775216723640192,True,0
251,0,0.1,-0.4170777654715474,0.07775215972700894,0.07775216339430144,True,0
252,0,0.1,-0.41705894577258,0.07775215622586444,0.07775215972665477,True,0
253,0,0.1,-0.41704055823386316,0.0777521528836654,0.07775215622552634,True,0
254,0,0.1,-0.4170225928964441,0.07775214969318353,0.07775215288334264,True,0
255,0,0.1,-0.41700504003246236,0.07775214664752016,0.07775214969287543,True,0
256,0,0.1,-0.4169878901397152,0.07775214374009103,0.07775214664722604,True,0
257,0,0.1,-0.4169711339363546,0.077752140964612,0.07775214373981025,True,0
258,0,0.1,-0.4169547623557113,0.07775213831508528,0.07775214096434398,True,0
259,0,0.1,-0.41693876654124395,0.07775213578578632,0.07775213831482941,True,0
260,0,0.1,-0.4169231378416096,0.07775213337125139,0.07775213578554206,True,0
261,0,0.1,-0.4169078678058521,0.07775213106626552,0.07775213337101822,True,0
262,0,0.1,-0.4168929481787062,0.07775212886585134,0.07775213106604292,True,0
263,0,0.1,-0.41687837089601426,0.07775212676525797,0.07775212886563884,True,0
264,0,0.1,-0.4168641280802523,0.07775212475995097,0.07775212676505512,True,0
265,0,0.1,-0.41685021203616335,0.07775212284560216,0.07775212475975732,True,0
266,0,0.1,-0.41683661524649496,0.07775212101808043,0.0777521228454173,True,0
267,0,0.1,-0.41682333036783836,0.07775211927344261,0.07775212101790395,True,0
268,0,0.1,-0.4168103502265671,0.07775211760792498,0.07775211927327412,True,0
269,0,0.1,-0.41679766781487204,0.07775211601793504,0.07775211760776414,True,0
270,0,0.1,-0.416785276286891,0.07775211450004366,0.0777521160177815,True,0
271,0,0.1,-0.4167731689549304,0.0777521130509777,0.07775211449989707,True,0
272,0,0.1,-0.4167613392857766,0.07775211166761291,0.07775211305083776,True,0
273,0,0.1,-0.41674978089709475,0.07775211034696707,0.0777521116674793,True,0
274,0,0.1,-0.4167384875539133,0.07775210908619348,0.07775211034683953,True,0
275,0,0.1,-0.41672745316519155,0.07775210788257497,0.07775210908607172,True,0
276,0,0.1,-0.41671667178046873,0.07775210673351782,0.07775210788245873,True,0
277,0,0.1,-0.4167061375865922,0.07775210563654619,0.07775210673340685,True,0
278,0,0.1,-0.4166958449045231,0.07775210458929674,0.07775210563644025,True,0
279,0,0.1,-0.41668578818621754,0.07775210358951354,0.0777521045891956,True,0
280,0,0.1,-0.41667596201158136,0.07775210263504322,0.07775210358941699,True,0
281,0,0.1,-0.41666636108549665,0.0777521017238301,0.07775210263495104,True,0
282,0,0.1,-0.4166569802349186,0.07775210085391203,0.0777521017237421,True,0
283,0,0.1,-0.4166478144060407,0.07775210002341588,0.07775210085382801,True,0
284,0,0.1,-0.4166388586615266,0.07775209923055368,0.07775210002333569,True,0
285,0,0.1,-0.4166301081778072,0.07775209847361857,0.0777520992304771,True,0
286,0,0.1,-0.4166215582424413,0.07775209775098123,0.07775209847354546,True,0
287,0,0.1,-0.4166132042515382,0.07775209706108635,0.07775209775091144,True,0
288,0,0.1,-0.4166050417072411,0.07775209640244919,0.07775209706101972,True,0
289,0,0.1,-0.4165970662152693,0.07775209577365251,0.07775209640238559,True,0
290,0,0.1,-0.4165892734825183,0.07775209517334325,0.07775209577359178,True,0
291,0,0.1,-0.41658165931471575,0.07775209460022989,0.07775209517328527,True,0
292,0,0.1,-0.41657421961413316,0.07775209405307948,0.07775209460017454,True,0
293,0,0.1,-0.41656695037735025,0.07775209353071505,0.07775209405302663,True,0
294,0,0.1,-0.41655984769307247,0.07775209303201297,0.0777520935306646,True,0
295,0,0.1,-0.4165529077399989,0.0777520925559007,0.0777520930319648,True,0
296,0,0.1,-0.4165461267847407,0.07775209210135431,0.07775209255585472,True,0
297,0,0.1,-0.4165395011797874,0.0777520916673963,0.07775209210131041,True,0
298,0,0.1,-0.41653302736152176,0.07775209125309361,0.07775209166735439,True,0
299,0,0.1,-0.41652670184828006,0.07775209085755538,0.0777520912530536,True,0
300,0,0.1,-0.416520521238458,0.07775209047993127,0.07775209085751718,True,0
301,0,0.1,-0.41651448220866105,0.07775209011940949,0.0777520904798948,True,0
302,0,0.1,-0.4165085815118975,0.07775208977521497,0.07775209011937467,True,0
303,0,0.1,-0.41650281597581407,0.07775208944660794,0.07775208977518173,True,0
304,0,0.1,-0.4164971825009723,0.0777520891328821,0.0777520894465762,True,0
305,0,0.1,-0.4164916780591651,0.07775208883336317,0.07775208913285181,True,0
306,0,0.1,-0.416486299691773,0.07775208854740745,0.07775208883333425,True,0
307,0,0.1,-0.4164810445081578,0.07775208827440047,0.07775208854737983,True,0
308,0,0.1,-0.4164759096840946,0.0777520880137556,0.0777520882743741,True,0
309,0,0.1,-0.41647089246023916,0.07775208776491274,0.07775208801373043,True,0
310,0,0.1,-0.41646599014063207,0.07775208752733731,0.0777520877648887,True,0
311,0,0.1,-0.41646120009123677,0.07775208730051886,0.07775208752731437,True,0
312,0,0.1,-0.41645651973851205,0.0777520870839701,0.07775208730049696,True,0
313,0,0.1,-0.4164519465680175,0.07775208687722586,0.07775208708394919,True,0
314,0,0.1,-0.41644747812305133,0.07775208667984206,0.07775208687720589,True,0
315,0,0.1,-0.41644311200331996,0.07775208649139465,0.07775208667982299,True,0
316,0,0.1,-0.41643884586363833,0.07775208631147895,0.07775208649137645,True,0
317,0,0.1,-0.4164346774126604,0.07775208613970852,0.07775208631146158,True,0
318,0,0.1,-0.416430604411639,0.07775208597571445,0.07775208613969194,True,0
319,0,0.1,-0.4164266246732146,0.07775208581914453,0.07775208597569862,True,0
320,0,0.1,-0.4164227360602322,0.0777520856696626,0.0777520858191294,True,0
321,0,0.1,-0.41641893648458533,0.07775208552694761,0.07775208566964817,True,0
322,0,0.1,-0.4164152239060869,0.07775208539069314,0.07775208552693383,True,0
323,0,0.1,-0.41641159633136643,0.0777520852606066,0.07775208539067999,True,0
324,0,0.1,-0.4164080518127927,0.07775208513640876,0.07775208526059404,True,0
325,0,0.1,-0.4164045884474213,0.07775208501783287,0.07775208513639677,True,0
326,0,0.1,-0.4164012043759663,0.07775208490462444,0.07775208501782142,True,0
327,0,0.1,-0.4163978977817961,0.07775208479654036,0.07775208490461351,True,0
328,0,0.1,-0.41639466688995236,0.07775208469334867,0.07775208479652992,True,0
329,0,0.1,-0.41639150996619156,0.07775208459482781,0.0777520846933387,True,0
330,0,0.1,-0.41638842531604864,0.07775208450076632,0.07775208459481829,True,0
331,0,0.1,-0.4163854112839224,0.07775208441096226,0.07775208450075723,True,0
332,0,0.1,-0.4163824662521822,0.0777520843252229,0.07775208441095359,True,0
333,0,0.1,-0.4163795886402948,0.07775208424336422,0.07775208432521462,True,0
334,0,0.1,-0.41637677690397173,0.07775208416521051,0.0777520842433563,True,0
335,0,0.1,-0.41637402953433644,0.07775208409059407,0.07775208416520296,True,0
336,0,0.1,-0.4163713450571104,0.07775208401935471,0.07775208409058687,True,0
337,0,0.1,-0.416368722031818,0.0777520839513396,0.07775208401934783,True,0
338,0,0.1,-0.41636615905101015,0.07775208388640274,0.07775208395133304,True,0
339,0,0.1,-0.41636365473950526,0.07775208382440478,0.07775208388639647,True,0
340,0,0.1,-0.41636120775364804,0.07775208376521271,0.0777520838243988,True,0
341,0,0.1,-0.41635881678058556,0.07775208370869947,0.077752083765207,True,0
342,0,0.1,-0.4163564805375595,0.07775208365474383,0.07775208370869402,True,0
343,0,0.1,-0.41635419777121535,0.07775208360323002,0.07775208365473862,True,0
344,0,0.1,-0.4163519672569268,0.07775208355404747,0.07775208360322504,True,0
345,0,0.1,-0.4163497877981364,0.0777520835070907,0.07775208355404273,True,0
346,0,0.1,-0.41634765822571096,0.07775208346225893,0.07775208350708616,True,0
347,0,0.1,-0.416345577397312,0.07775208341945598,0.0777520834622546,True,0
348,0,0.1,-0.41634354419678055,0.07775208337859005,0.07775208341945185,True,0
349,0,0.1,-0.41634155753353635,0.07775208333957342,0.0777520833785861,True,0
350,0,0.1,-0.4163396163419907,0.07775208330232239,0.07775208333956965,True,0
351,0,0.1,-0.41633771958097276,0.07775208326675712,0.0777520833023188,True,0
352,0,0.1,-0.41633586623316937,0.07775208323280121,0.07775208326675367,True,0
353,0,0.1,-0.4163340553045774,0.0777520832003819,0.07775208323279793,True,0
354,0,0.1,-0.416332285823969,0.07775208316942958,0.07775208320037877,True,0
355,0,0.1,-0.41633055684236886,0.0777520831398779,0.0777520831694266,True,0
356,0,0.1,-0.4163288674325439,0.07775208311166346,0.07775208313987504,True,0
357,0,0.1,-0.4163272166885042,0.07775208308472574,0.07775208311166074,True,0
358,0,0.1,-0.4163256037250159,0.07775208305900694,0.07775208308472314,True,0
359,0,0.1,-0.416324027677125,0.07775208303445191,0.07775208305900445,True,0
360,0,0.1,-0.41632248769969205,0.07775208301100799,0.07775208303444954,True,0
361,0,0.1,-0.41632098296693787,0.07775208298862489,0.07775208301100572,True,0
362,0,0.1,-0.4163195126719994,0.07775208296725458,0.07775208298862273,True,0
363,0,0.1,-0.41631807602649595,0.07775208294685125,0.07775208296725251,True,0
364,0,0.1,-0.4163166722601054,0.07775208292737115,0.07775208294684928,True,0
365,0,0.1,-0.4163153006201498,0.07775208290877247,0.07775208292736926,True,0
366,0,0.1,-0.41631396037119134,0.07775208289101533,0.07775208290877068,True,0
367,0,0.1,-0.41631265079463636,0.07775208287406168,0.07775208289101361,True,0
368,0,0.1,-0.41631137118834977,0.07775208285787512,0.07775208287406005,True,0
369,0,0.1,-0.41631012086627733,0.07775208284242094,0.07775208285787355,True,0
370,0,0.1,-0.4163088991580771,0.07775208282766602,0.07775208284241944,True,0
371,0,0.1,-0.41630770540875933,0.07775208281357872,0.07775208282766459,True,0
372,0,0.1,-0.4163065389783343,0.0777520828001288,0.07775208281357736,True,0
373,0,0.1,-0.4163053992414687,0.07775208278728743,0.07775208280012749,True,0
374,0,0.1,-0.4163042855871496,0.07775208277502708,0.0777520827872862,True,0
375,0,0.1,-0.41630319741835625,0.07775208276332148,0.0777520827750259,True,0
376,0,0.1,-0.4163021341517393,0.07775208275214546,0.07775208276332035,True,0
377,0,0.1,-0.4163010952173075,0.0777520827414751,0.07775208275214437,True,0
378,0,0.1,-0.41630008005812175,0.07775208273128753,0.07775208274147408,True,0
379,0,0.1,-0.4162990881299956,0.07775208272156092,0.07775208273128655,True,0
380,0,0.1,-0.4162981189012034,0.07775208271227434,0.07775208272155998,True,0
381,0,0.1,-0.4162971718521944,0.07775208270340796,0.07775208271227343,True,0
382,0,0.1,-0.4162962464753141,0.07775208269494273,0.0777520827034071,True,0
383,0,0.1,-0.41629534227453147,0.07775208268686047,0.07775208269494191,True,0
384,0,0.1,-0.4162944587651726,0.0777520826791439,0.0777520826868597,True,0
385,0,0.1,-0.4162935954736607,0.07775208267177647,0.07775208267914314,True,0
386,0,0.1,-0.41629275193726145,0.07775208266474232,0.07775208267177576,True,0
387,0,0.1,-0.41629192770383505,0.07775208265802645,0.07775208266474164,True,0
388,0,0.1,-0.4162911223315932,0.07775208265161442,0.0777520826580258,True,0
389,0,0.1,-0.41629033538886207,0.07775208264549248,0.07775208265161379,True,0
390,0,0.1,-0.4162895664538505,0.07775208263964752,0.07775208264549188,True,0
391,0,0.1,-0.4162888151144237,0.077752082634067,0.07775208263964695,True,0
392,0,0.1,-0.4162880809678821,0.07775208262873895,0.07775208263406645,True,0
393,0,0.1,-0.416287363620745,0.07775208262365196,0.07775208262873844,True,0
394,0,0.1,-0.4162866626885396,0.07775208261879513,0.07775208262365148,True,0
395,0,0.1,-0.41628597779559456,0.077752082614158,0.07775208261879465,True,0
396,0,0.1,-0.4162853085748386,0.07775208260973068,0.07775208261415756,True,0
397,0,0.1,-0.4162846546676032,0.07775208260550366,0.07775208260973025,True,0
398,0,0.1,-0.4162840157234305,0.07775208260146788,0.07775208260550326,True,0
399,0,0.1,-0.4162833913998848,0.07775208259761464,0.07775208260146749,True,0
400,0,0.1,-0.41628278136236935,0.07775208259393579,0.07775208259761426,True,0
401,0,0.1,-0.4162821852839465,0.07775208259042335,0.07775208259393543,True,0
402,0,0.1,-0.41628160284516236,0.07775208258706978,0.07775208259042302,True,0
403,0,0.1,-0.41628103373387537,0.07775208258386798,0.07775208258706946,True,0
404,0,0.1,-0.4162804776450889,0.07775208258081101,0.07775208258386768,True,0
405,0,0.1,-0.41627993428078774,0.07775208257789236,0.07775208258081072,True,0
406,0,0.1,-0.416279403349778,0.07775208257510571,0.07775208257789208,True,0
407,0,0.1,-0.416278884567531,0.07775208257244515,0.07775208257510545,True,0
408,0,0.1,-0.4162783776560307,0.07775208256990496,0.07775208257244488,True,0
409,0,0.1,-0.4162778823436246,0.0777520825674797,0.0777520825699047,True,0
410,0,0.1,-0.41627739836487787,0.07775208256516414,0.07775208256747947,True,0
411,0,0.1,-0.4162769254604311,0.07775208256295334,0.07775208256516392,True,0
412,0,0.1,-0.4162764633768612,0.07775208256084254,0.07775208256295313,True,0
413,0,0.1,-0.4162760118665454,0.07775208255882725,0.07775208256084233,True,0
414,0,0.1,-0.41627557068752846,0.07775208255690312,0.07775208255882705,True,0
415,0,0.1,-0.416275139603393,0.07775208255506606,0.07775208255690294,True,0
416,0,0.1,-0.4162747183831326,0.07775208255331208,0.07775208255506588,True,0
417,0,0.1,-0.416274306801028,0.07775208255163749,0.07775208255331191,True,0
418,0,0.1,-0.41627390463652597,0.0777520825500386,0.07775208255163732,True,0
419,0,0.1,-0.4162735116741211,0.0777520825485121,0.07775208255003845,True,0
420,0,0.1,-0.4162731277032401,0.07775208254705462,0.07775208254851194,True,0
421,0,0.1,-0.4162727525181292,0.0777520825456631,0.07775208254705449,True,0
422,0,0.1,-0.41627238591774335,0.07775208254433451,0.07775208254566296,True,0
423,0,0.1,-0.4162720277056389,0.07775208254306604,0.07775208254433438,True,0
424,0,0.1,-0.41627167768986806,0.07775208254185494,0.07775208254306591,True,0
425,0,0.1,-0.4162713356828757,0.07775208254069862,0.07775208254185483,True,0
426,0,0.1,-0.41627100150139934,0.07775208253959462,0.07775208254069851,True,0
427,0,0.1,-0.4162706749663704,0.07775208253854057,0.07775208253959451,True,0
428,0,0.1,-0.41627035590281847,0.07775208253753421,0.07775208253854048,True,0
429,0,0.1,-0.4162700441397774,0.07775208253657337,0.07775208253753411,True,0
430,0,0.1,-0.4162697395101937,0.077752082535656,0.07775208253657327,True,0
431,0,0.1,-0.41626944185083686,0.07775208253478011,0.07775208253565592,True,0
432,0,0.1,-0.41626915100221196,0.07775208253394386,0.07775208253478003,True,0
433,0,0.1,-0.4162688668084741,0.07775208253314544,0.07775208253394378,True,0
434,0,0.1,-0.41626858911734477,0.07775208253238315,0.07775208253314536,True,0
435,0,0.1,-0.4162683177800305,0.0777520825316553,0.07775208253238308,True,0
436,0,0.1,-0.41626805265114275,0.07775208253096044,0.07775208253165523,True,0
437,0,0.1,-0.41626779358862015,0.07775208253029697,0.07775208253096037,True,0
438,0,0.1,-0.41626754045365233,0.07775208252966354,0.0777520825302969,True,0
439,0,0.1,-0.4162672931106055,0.07775208252905874,0.07775208252966348,True,0
440,0,0.1,-0.4162670514269497,0.07775208252848133,0.07775208252905869,True,0
441,0,0.1,-0.41626681527318776,0.07775208252793002,0.07775208252848127,True,0
442,0,0.1,-0.41626658452278603,0.07775208252740368,0.07775208252792996,True,0
443,0,0.1,-0.41626635905210635,0.07775208252690109,0.07775208252740362,True,0
444,0,0.1,-0.41626613874033985,0.07775208252642128,0.07775208252690105,True,0
445,0,0.1,-0.4162659234694423,0.07775208252596316,0.07775208252642124,True,0
446,0,0.1,-0.4162657131240706,0.07775208252552578,0.07775208252596312,True,0
447,0,0.1,-0.41626550759152126,0.07775208252510817,0.07775208252552573,True,0
448,0,0.1,-0.41626530676166973,0.07775208252470944,0.07775208252510812,True,0
449,0,0.1,-0.41626511052691145,0.07775208252432879,0.0777520825247094,True,0
450,0,0.1,-0.4162649187821043,0.07775208252396532,0.07775208252432875,True,0
451,0,0.1,-0.41626473142451204,0.07775208252361832,0.07775208252396527,True,0
452,0,0.1,-0.4162645483537494,0.077752082523287,0.07775208252361829,True,0
453,0,0.1,-0.4162643694717282,0.07775208252297068,0.07775208252328697,True,0
454,0,0.1,-0.4162641946826048,0.07775208252266864,0.07775208252297065,True,0
455,0,0.1,-0.41626402389272876,0.0777520825223803,0.07775208252266862,True,0
456,0,0.1,-0.41626385701059265,0.077752082522105,0.07775208252238028,True,0
457,0,0.1,-0.4162636939467829,0.07775208252184211,0.07775208252210497,True,0
458,0,0.1,-0.416263534613932,0.07775208252159116,0.07775208252184208,True,0
459,0,0.1,-0.41626337892667165,0.07775208252135156,0.07775208252159113,True,0
460,0,0.1,-0.4162632268015869,0.07775208252112277,0.07775208252135153,True,0
461,0,0.1,-0.41626307815717156,0.07775208252090435,0.07775208252112274,True,0
462,0,0.1,-0.4162629329137846,0.07775208252069582,0.07775208252090432,True,0
463,0,0.1,-0.4162627909936072,0.0777520825204967,0.0777520825206958,True,0
464,0,0.1,-0.41626265232060133,0.0777520825203066,0.07775208252049669,True,0
465,0,0.1,-0.4162625168204689,0.07775208252012511,0.07775208252030659,True,0
466,0,0.1,-0.41626238442061175,0.07775208251995182,0.0777520825201251,True,0
467,0,0.1,-0.41626225505009307,0.07775208251978635,0.0777520825199518,True,0
468,0,0.1,-0.41626212863959916,0.0777520825196284,0.07775208251978634,True,0
469,0,0.1,-0.4162620051214024,0.07775208251947757,0.07775208251962838,True,0
470,0,0.1,-0.41626188442932477,0.07775208251933356,0.07775208251947756,True,0
471,0,0.1,-0.4162617664987027,0.07775208251919608,0.07775208251933355,True,0
472,0,0.1,-0.4162616512663522,0.07775208251906482,0.07775208251919606,True,0
473,0,0.1,-0.41626153867053484,0.0777520825189395,0.0777520825190648,True,0
474,0,0.1,-0.4162614286509252,0.07775208251881985,0.07775208251893949,True,0
475,0,0.1,-0.41626132114857795,0.07775208251870558,0.07775208251881983,True,0
476,0,0.1,-0.4162612161058966,0.07775208251859651,0.07775208251870556,True,0
477,0,0.1,-0.4162611134666026,0.07775208251849236,0.0777520825185965,True,0
478,0,0.1,-0.4162610131757051,0.07775208251839294,0.07775208251849235,True,0
479,0,0.1,-0.41626091517947145,0.07775208251829799,0.07775208251839293,True,0
480,0,0.1,-0.41626081942539866,0.07775208251820734,0.07775208251829797,True,0
481,0,0.1,-0.41626072586218493,0.07775208251812082,0.07775208251820732,True,0
482,0,0.1,-0.41626063443970235,0.0777520825180382,0.07775208251812081,True,0
483,0,0.1,-0.41626054510897004,0.07775208251795931,0.07775208251803818,True,0
484,0,0.1,-0.4162604578221278,0.07775208251788399,0.0777520825179593,True,0
485,0,0.1,-0.41626037253241055,0.0777520825178121,0.07775208251788397,True,0
486,0,0.1,-0.4162602891941233,0.0777520825177434,0.07775208251781209,True,0
487,0,0.1,-0.4162602077626166,0.07775208251767787,0.0777520825177434,True,0
488,0,0.1,-0.4162601281942625,0.07775208251761528,0.07775208251767787,True,0
489,0,0.1,-0.41626005044643155,0.07775208251755553,0.07775208251761528,True,0
490,0,0.1,-0.4162599744774695,0.07775208251749846,0.07775208251755553,True,0
491,0,0.1,-0.41625990024667525,0.077752082517444,0.07775208251749846,True,0
492,0,0.1,-0.41625982771427905,0.07775208251739199,0.077752082517444,True,0
493,0,0.1,-0.41625975684142097,0.07775208251734234,0.07775208251739199,True,0
494,0,0.1,-0.4162596875901304,0.07775208251729494,0.07775208251734234,True,0
495,0,0.1,-0.4162596199233054,0.07775208251724966,0.07775208251729494,True,0
496,0,0.1,-0.4162595538046931,0.07775208251720644,0.07775208251724966,True,0
497,0,0.1,-0.41625948919886996,0.07775208251716519,0.07775208251720644,True,0
498,0,0.1,-0.41625942607122307,0.0777520825171258,0.07775208251716519,True,0
499,0,0.1,-0.41625936438793143,0.07775208251708818,0.0777520825171258,True,0
500,0,0.1,-0.4162593041159479,0.07775208251705225,0.07775208251708818,True,0
501,0,0.1,-0.4162592452229816,0.07775208251701798,0.07775208251705225,True,0
502,0,0.1,-0.41625918767748027,0.07775208251698523,0.07775208251701798,True,0
503,0,0.1,-0.41625913144861376,0.07775208251695398,0.07775208251698523,True,0
504,0,0.1,-0.41625907650625726,0.07775208251692414,0.07775208251695398,True,0
505,0,0.1,-0.41625902282097527,0.07775208251689564,0.07775208251692414,True,0
506,0,0.1,-0.4162589703640058,0.07775208251686845,0.07775208251689564,True,0
507,0,0.1,-0.41625891910724483,0.07775208251684249,0.07775208251686845,True,0
508,0,0.1,-0.41625886902323156,0.07775208251681769,0.07775208251684249,True,0
509,0,0.1,-0.41625882008513343,0.07775208251679401,0.07775208251681769,True,0
510,0,0.1,-0.41625877226673175,0.0777520825167714,0.07775208251679401,True,0
511,0,0.1,-0.41625872554240784,0.07775208251674981,0.0777520825167714,True,0
512,0,0.1,-0.4162586798871291,0.07775208251672923,0.07775208251674981,True,0
513,0,0.1,-0.4162586352764358,0.07775208251670956,0.07775208251672923,True,0
514,0,0.1,-0.4162585916864277,0.07775208251669076,0.07775208251670956,True,0
515,0,0.1,-0.41625854909375154,0.07775208251667283,0.07775208251669076,True,0
516,0,0.1,-0.41625850747558835,0.07775208251665569,0.07775208251667283,True,0
517,0,0.1,-0.41625846680964124,0.07775208251663937,0.07775208251665569,True,0
518,0,0.1,-0.4162584270741235,0.07775208251662374,0.07775208251663937,True,0
519,0,0.1,-0.416258388247747,0.07775208251660885,0.07775208251662374,True,0
520,0,0.1,-0.41625835030971053,0.0777520825165946,0.07775208251660885,True,0
521,0,0.1,-0.41625831323968887,0.07775208251658104,0.0777520825165946,True,0
522,0,0.1,-0.41625827701782186,0.07775208251656805,0.07775208251658104,True,0
523,0,0.1,-0.4162582416247038,0.07775208251655566,0.07775208251656805,True,0
524,0,0.1,-0.41625820704137295,0.07775208251654385,0.07775208251655566,True,0
525,0,0.1,-0.4162581732493014,0.07775208251653258,0.07775208251654385,True,0
526,0,0.1,-0.41625814023038527,0.0777520825165218,0.07775208251653258,True,0
527,0,0.1,-0.4162581079669347,0.0777520825165115,0.0777520825165218,True,0
528,0,0.1,-0.41625807644166474,0.07775208251650169,0.0777520825165115,True,0
529,0,0.1,-0.41625804563768587,0.0777520825164923,0.07775208251650169,True,0
530,0,0.1,-0.416258015538495,0.07775208251648334,0.0777520825164923,True,0
531,0,0.1,-0.41625798612796666,0.0777520825164748,0.07775208251648334,True,0
532,0,0.1,-0.4162579573903443,0.07775208251646663,0.0777520825164748,True,0
533,0,0.1,-0.416257929310232,0.07775208251645883,0.07775208251646663,True,0
534,0,0.1,-0.4162579018725859,0.07775208251645138,0.07775208251645883,True,0
535,0,0.1,-0.41625787506270645,0.07775208251644426,0.07775208251645138,True,0
536,0,0.1,-0.41625784886623046,0.07775208251643749,0.07775208251644426,True,0
537,0,0.1,-0.41625782326912336,0.07775208251643102,0.07775208251643749,True,0
538,0,0.1,-0.4162577982576716,0.07775208251642483,0.07775208251643102,True,0
539,0,0.1,-0.41625777381847556,0.07775208251641891,0.07775208251642483,True,0
540,0,0.1,-0.41625774993844206,0.0777520825164133,0.07775208251641891,True,0
541,0,0.1,-0.41625772660477756,0.0777520825164079,0.0777520825164133,True,0
542,0,0.1,-0.41625770380498117,0.0777520825164028,0.0777520825164079,True,0
543,0,0.1,-0.4162576815268381,0.07775208251639786,0.0777520825164028,True,0
544,0,0.1,-0.41625765975841306,0.07775208251639319,0.07775208251639786,True,0
545,0,0.1,-0.41625763848804376,0.07775208251638871,0.07775208251639319,True,0
546,0,0.1,-0.4162576177043347,0.07775208251638445,0.07775208251638871,True,0
547,0,0.1,-0.4162575973961513,0.07775208251638034,0.07775208251638445,True,0
548,0,0.1,-0.41625757755261356,0.07775208251637647,0.07775208251638034,True,0
549,0,0.1,-0.41625755816309046,0.07775208251637275,0.07775208251637647,True,0
550,0,0.1,-0.4162575392171942,0.07775208251636921,0.07775208251637275,True,0
551,0,0.1,-0.4162575207047748,0.07775208251636581,0.07775208251636921,True,0
552,0,0.1,-0.41625750261591427,0.07775208251636256,0.07775208251636581,True,0
553,0,0.1,-0.41625748494092174,0.07775208251635948,0.07775208251636256,True,0
554,0,0.1,-0.416257467670328,0.07775208251635654,0.07775208251635948,True,0
555,0,0.1,-0.41625745079488047,0.07775208251635371,0.07775208251635654,True,0
556,0,0.1,-0.4162574343055383,0.07775208251635103,0.07775208251635371,True,0
557,0,0.1,-0.41625741819346745,0.07775208251634848,0.07775208251635103,True,0
558,0,0.1,-0.41625740245003606,0.07775208251634602,0.07775208251634848,True,0
559,0,0.1,-0.41625738706680976,0.07775208251634368,0.07775208251634602,True,0
560,0,0.1,-0.4162573720355471,0.07775208251634146,0.07775208251634368,True,0
561,0,0.1,-0.41625735734819524,0.0777520825163393,0.07775208251634146,True,0
562,0,0.1,-0.4162573429968856,0.07775208251633728,0.0777520825163393,True,0
563,0,0.1,-0.4162573289739296,0.07775208251633534,0.07775208251633728,True,0
564,0,0.1,-0.4162573152718146,0.07775208251633349,0.07775208251633534,True,0
565,0,0.1,-0.4162573018831998,0.07775208251633171,0.07775208251633349,True,0
566,0,0.1,-0.41625728880091245,0.07775208251633002,0.07775208251633171,True,0
567,0,0.1,-0.41625727601794377,0.07775208251632841,0.07775208251633002,True,0
568,0,0.1,-0.4162572635274455,0.07775208251632687,0.07775208251632841,True,0
569,0,0.1,-0.416257251322726,0.0777520825163254,0.07775208251632687,True,0
570,0,0.1,-0.4162572393972467,0.07775208251632398,0.0777520825163254,True,0
571,0,0.1,-0.4162572277446186,0.07775208251632264,0.07775208251632398,True,0
572,0,0.1,-0.41625721635859897,0.07775208251632135,0.07775208251632264,True,0
573,0,0.1,-0.4162572052330879,0.07775208251632014,0.07775208251632135,True,0
574,0,0.1,-0.416257194362125,0.07775208251631896,0.07775208251632014,True,0
575,0,0.1,-0.4162571837398863,0.07775208251631785,0.07775208251631896,True,0
576,0,0.1,-0.416257173360681,0.0777520825163168,0.07775208251631785,True,0
577,0,0.1,-0.4162571632189487,0.07775208251631575,0.0777520825163168,True,0
578,0,0.1,-0.41625715330925595,0.07775208251631478,0.07775208251631575,True,0
579,0,0.1,-0.4162571436262938,0.07775208251631387,0.07775208251631478,True,0
580,0,0.1,-0.4162571341648747,0.07775208251631299,0.07775208251631387,True,0
581,0,0.1,-0.41625712491992983,0.07775208251631213,0.07775208251631299,True,0
582,0,0.1,-0.41625711588650627,0.07775208251631133,0.07775208251631213,True,0
583,0,0.1,-0.41625710705976454,0.07775208251631056,0.07775208251631133,True,0
584,0,0.1,-0.41625709843497577,0.07775208251630983,0.07775208251631056,True,0
585,0,0.1,-0.41625709000751937,0.07775208251630912,0.07775208251630983,True,0
586,0,0.1,-0.4162570817728804,0.07775208251630847,0.07775208251630912,True,0
587,0,0.1,-0.4162570737266473,0.07775208251630783,0.07775208251630847,True,0
588,0,0.1,-0.4162570658645093,0.0777520825163072,0.07775208251630783,True,0
589,0,0.1,-0.41625705818225445,0.07775208251630661,0.0777520825163072,True,0
590,0,0.1,-0.41625705067576707,0.07775208251630607,0.07775208251630661,True,0
591,0,0.1,-0.4162570433410256,0.07775208251630554,0.07775208251630607,True,0
592,0,0.1,-0.4162570361741006,0.07775208251630501,0.07775208251630554,True,0
593,0,0.1,-0.4162570291711524,0.07775208251630455,0.07775208251630501,True,0
594,0,0.1,-0.41625702232842937,0.07775208251630407,0.07775208251630455,True,0
595,0,0.1,-0.4162570156422655,0.07775208251630362,0.07775208251630407,True,0
596,0,0.1,-0.41625700910907887,0.07775208251630322,0.07775208251630362,True,0
597,0,0.1,-0.41625700272536936,0.07775208251630282,0.07775208251630322,True,0
598,0,0.1,-0.41625699648771697,0.07775208251630245,0.07775208251630282,True,0
599,0,0.1,-0.41625699039277997,0.07775208251630206,0.07775208251630245,True,0
600,0,0.1,-0.41625698443729303,0.07775208251630171,0.07775208251630206,True,0
601,0,0.1,-0.41625697861806565,0.07775208251630136,0.07775208251630171,True,0
602,0,0.1,-0.4162569729319802,0.07775208251630107,0.07775208251630136,True,0
603,0,0.1,-0.4162569673759905,0.07775208251630074,0.07775208251630107,True,0
604,0,0.1,-0.4162569619471199,0.07775208251630046,0.07775208251630074,True,0
605,0,0.1,-0.41625695664246004,0.07775208251630018,0.07775208251630046,True,0
606,0,0.1,-0.41625695145916897,0.0777520825162999,0.07775208251630018,True,0
607,0,0.1,-0.4162569463944698,0.07775208251629967,0.0777520825162999,True,0
608,0,0.1,-0.41625694144564923,0.07775208251629942,0.07775208251629967,True,0
609,0,0.1,-0.41625693661005597,0.07775208251629918,0.07775208251629942,True,0
610,0,0.1,-0.41625693188509943,0.07775208251629898,0.07775208251629918,True,0
611,0,0.1,-0.41625692726824826,0.07775208251629877,0.07775208251629898,True,0
612,0,0.1,-0.4162569227570291,0.07775208251629855,0.07775208251629877,True,0
613,0,0.1,-0.416256918349025,0.07775208251629837,0.07775208251629855,True,0
614,0,0.1,-0.4162569140418746,0.07775208251629817,0.07775208251629837,True,0
615,0,0.1,-0.4162569098332703,0.07775208251629799,0.07775208251629817,True,0
616,0,0.1,-0.41625690572095736,0.07775208251629784,0.07775208251629799,True,0
617,0,0.1,-0.4162569017027327,0.07775208251629766,0.07775208251629784,True,0
618,0,0.1,-0.4162568977764437,0.07775208251629753,0.07775208251629766,True,0
619,0,0.1,-0.41625689393998677,0.07775208251629738,0.07775208251629753,True,0
620,0,0.1,-0.4162568901913067,0.07775208251629723,0.07775208251629738,True,0
621,0,0.1,-0.41625688652839504,0.07775208251629712,0.07775208251629723,True,0
622,0,0.1,-0.4162568829492896,0.07775208251629698,0.07775208251629712,True,0
623,0,0.1,-0.4162568794520728,0.07775208251629687,0.07775208251629698,True,0
624,0,0.1,-0.4162568760348711,0.07775208251629676,0.07775208251629687,True,0
625,0,0.1,-0.41625687269585376,0.07775208251629663,0.07775208251629676,True,0
626,0,0.1,-0.416256869433232,0.07775208251629653,0.07775208251629663,True,0
627,0,0.1,-0.4162568662452579,0.07775208251629644,0.07775208251629653,True,0
628,0,0.1,-0.4162568631302235,0.07775208251629633,0.07775208251629644,True,0
629,0,0.1,-0.41625686008645996,0.07775208251629626,0.07775208251629633,True,0
630,0,0.1,-0.4162568571123367,0.07775208251629617,0.07775208251629626,True,0
631,0,0.1,-0.4162568542062603,0.07775208251629606,0.07775208251629617,True,0
632,0,0.1,-0.41625685136667395,0.07775208251629598,0.07775208251629606,True,0
633,0,0.1,-0.4162568485920563,0.07775208251629592,0.07775208251629598,True,0
634,0,0.1,-0.41625684588092093,0.07775208251629585,0.07775208251629592,True,0
635,0,0.1,-0.4162568432318154,0.07775208251629578,0.07775208251629585,True,0
636,0,0.1,-0.41625684064332047,0.0777520825162957,0.07775208251629578,True,0
637,0,0.1,-0.4162568381140494,0.07775208251629563,0.0777520825162957,True,0
638,0,0.1,-0.41625683564264715,0.07775208251629556,0.07775208251629563,True,0
639,0,0.1,-0.4162568332277897,0.07775208251629553,0.07775208251629556,True,0
640,0,0.1,-0.4162568308681834,0.07775208251629548,0.07775208251629553,True,0
641,0,0.1,-0.41625682856256396,0.07775208251629541,0.07775208251629548,True,0
642,0,0.1,-0.4162568263096963,0.07775208251629537,0.07775208251629541,True,0
643,0,0.1,-0.41625682410837345,0.07775208251629533,0.07775208251629537,True,0
644,0,0.1,-0.4162568219574161,0.07775208251629527,0.07775208251629533,True,0
645,0,0.1,-0.41625681985567187,0.07775208251629526,0.07775208251629527,True,0
646,0,0.1,-0.4162568178020148,0.07775208251629519,0.07775208251629526,True,0
647,0,0.1,-0.4162568157953447,0.07775208251629515,0.07775208251629519,True,0
648,0,0.1,-0.41625681383458646,0.07775208251629513,0.07775208251629515,True,0
649,0,0.1,-0.4162568119186897,0.07775208251629509,0.07775208251629513,True,0
650,0,0.1,-0.41625681004662796,0.07775208251629503,0.07775208251629509,True,0
651,0,0.1,-0.4162568082173983,0.077752082516295,0.07775208251629503,True,0
652,0,0.1,-0.4162568064300208,0.07775208251629498,0.077752082516295,True,0
653,0,0.1,-0.4162568046835378,0.07775208251629495,0.07775208251629498,True,0
654,0,0.1,-0.4162568029770138,0.07775208251629492,0.07775208251629495,True,0
655,0,0.1,-0.4162568013095344,0.0777520825162949,0.07775208251629492,True,0
656,0,0.1,-0.41625679968020635,0.07775208251629487,0.0777520825162949,True,0
657,0,0.1,-0.41625679808815674,0.07775208251629485,0.07775208251629487,True,0
658,0,0.1,-0.41625679653253267,0.07775208251629481,0.07775208251629485,True,0
659,0,0.1,-0.4162567950125007,0.07775208251629478,0.07775208251629481,True,0
660,0,0.1,-0.4162567935272465,0.07775208251629476,0.07775208251629478,True,0
661,0,0.1,-0.4162567920759744,0.07775208251629476,0.07775208251629476,True,0
662,0,0.1,-0.4162567906579069,0.07775208251629473,0.07775208251629476,True,0
663,0,0.1,-0.41625678927228427,0.0777520825162947,0.07775208251629473,True,0
664,0,0.1,-0.4162567879183642,0.07775208251629469,0.0777520825162947,True,0
665,0,0.1,-0.4162567865954213,0.07775208251629467,0.07775208251629469,True,0
666,0,0.1,-0.4162567853027469,0.07775208251629466,0.07775208251629467,True,0
667,0,0.1,-0.4162567840396484,0.07775208251629465,0.07775208251629466,True,0
668,0,0.1,-0.41625678280544914,0.07775208251629463,0.07775208251629465,True,0
669,0,0.1,-0.4162567815994879,0.0777520825162946,0.07775208251629463,True,0
670,0,0.1,-0.4162567804211187,0.07775208251629459,0.0777520825162946,True,0
671,0,0.1,-0.4162567792697101,0.07775208251629459,0.07775208251629459,True,0
672,0,0.1,-0.41625677814464535,0.07775208251629458,0.07775208251629459,True,0
673,0,0.1,-0.41625677704532166,0.07775208251629456,0.07775208251629458,True,0
674,0,0.1,-0.4162567759711501,0.07775208251629455,0.07775208251629456,True,0
675,0,0.1,-0.41625677492155516,0.07775208251629455,0.07775208251629455,True,0
676,0,0.1,-0.4162567738959746,0.07775208251629454,0.07775208251629455,True,0
677,0,0.1,-0.41625677289385893,0.07775208251629454,0.07775208251629454,True,0
