p,initialization_seed,test_seed,model,detector,sigma,feature,test_samples,active_samples,inactive_samples,error_count,exact_error,measured_error,mc_minus_exact,wilson95_low,wilson95_high,mc_standardized_residual,familywise_hoeffding_tolerance,within_familywise_tolerance,exact_false_positive_rate,measured_false_positive_rate,exact_false_negative_rate,measured_false_negative_rate,gram_diagonal,interference_variance,largest_overlap,alignment_M,threshold,decoder_bias,matched_bound,exact_reconstruction_mse,measured_reconstruction_mse
0.05,0,610000,learned,matched,0.0,0,50000,2496,47504,126,0.002499999999999999,0.00252,2.000000000000092e-05,0.0021171200815424253,0.0029993160033008844,0.08955473256793313,0.012695706223349026,True,0.0,0.0,0.05000000000000012,0.05048076923076923,0.5005683556763787,0.011856129387978096,0.49943333133902656,0.7077892509258428,0.2252780677536635,0.027561311695905425,0.5569997203935165,0.013628214265314735,0.013622998141366228
0.05,0,610000,learned,matched,0.0,1,50000,2529,47471,127,0.0024999999999999996,0.00254,4.000000000000054e-05,0.0021353892432223543,0.0030210437686899894,0.17910946513586043,0.012695706223349026,True,0.0,0.0,0.050000000000000135,0.05021747726374061,0.5011453120198278,0.012013252217947041,0.5027855891467389,0.7058684359842875,0.2252538607074866,0.02768576702533569,0.55918688900741,0.013613516445443428,0.01377287430835142
0.05,0,610000,learned,matched,0.0,2,50000,2469,47531,127,0.0024999999999999996,0.00254,4.000000000000054e-05,0.0021353892432223543,0.0030210437686899894,0.17910946513586043,0.012695706223349026,True,0.0,0.0,0.050000000000000135,0.051437829080599434,0.5044368429217442,0.012012079162887762,0.5027855891467389,0.7082004804175418,0.2272595095818377,0.02715309079951825,0.5565755027343839,0.013449491915047442,0.013341052669965776
0.05,0,610000,learned,matched,0.0,3,50000,2476,47524,139,0.002499999999999999,0.00278,0.00028000000000000073,0.002355127799881428,0.0032812683368593255,1.2537662559510094,0.012695706223349026,True,0.0,0.0,0.05000000000000012,0.0561389337641357,0.5005313804818794,0.011879398424878895,0.499958391620157,0.7074167915241517,0.2254633063958766,0.027330156755389644,0.5574372331498515,0.01363102490785983,0.013722952029140497
0.05,0,610000,learned,matched,0.0,4,50000,2481,47519,126,0.002499999999999999,0.00252,2.000000000000092e-05,0.0021171200815424253,0.0029993160033008844,0.08955473256793313,0.012695706223349026,True,0.0,0.0,0.050000000000000114,0.05078597339782346,0.49833050398618295,0.011856917015161318,0.49943333133902656,0.7061931024790621,0.2242290029371721,0.027609788140240146,0.5587870441748977,0.013740395119411372,0.013674347459733872
0.05,0,610000,learned,matched,0.0,5,50000,2439,47561,135,0.002499999999999999,0.0027,0.00020000000000000096,0.002281780769930756,0.0031946276585338614,0.8955473256792944,0.012695706223349026,True,0.0,0.0,0.05000000000000012,0.055350553505535055,0.4983809125543028,0.011778728631612207,0.4977946790632495,0.7073989759858356,0.22429674288159146,0.02763880197729631,0.5574365149690421,0.013729370004454958,0.013602614614482995
0.05,0,610000,learned,matched,0.0,6,50000,2465,47535,135,0.002499999999999999,0.0027,0.00020000000000000096,0.002281780769930756,0.0031946276585338614,0.8955473256792944,0.012695706223349026,True,0.0,0.0,0.05000000000000012,0.05476673427991886,0.497216107231615,0.011777682900214456,0.4977946790632495,0.7065872564786274,0.2237231719153482,0.02769455300992768,0.5583609733472882,0.013786546920264842,0.013775115332993176
0.05,0,610000,learned,matched,0.0,7,50000,2487,47513,139,0.002499999999999999,0.00278,0.00028000000000000073,0.002355127799881428,0.0032812683368593255,1.2537662559510094,0.012695706223349026,True,0.0,0.0,0.05000000000000012,0.055890631282669884,0.4993905851280689,0.011877288190672936,0.499958391620157,0.7066413843136142,0.22450119076708766,0.027787139738618658,0.5583321315983705,0.01368576670682866,0.013832672650257066
0.05,0,610000,learned,decoder,0.0,0,50000,2496,47504,126,0.002499999999999999,0.00252,2.000000000000092e-05,0.0021171200815424253,0.0029993160033008844,0.08955473256793313,0.012695706223349026,True,0.0,0.0,0.05000000000000012,0.05048076923076923,0.5005683556763787,0.011856129387978096,0.49943333133902656,0.7077892509258428,0.4724386883040946,0.027561311695905425,,0.013628214265314735,0.013622998141366228
0.05,0,610000,learned,decoder,0.0,1,50000,2529,47471,127,0.0024999999999999996,0.00254,4.000000000000054e-05,0.0021353892432223543,0.0030210437686899894,0.17910946513586043,0.012695706223349026,True,0.0,0.0,0.050000000000000135,0.05021747726374061,0.5011453120198278,0.012013252217947041,0.5027855891467389,0.7058684359842875,0.4723142329746643,0.02768576702533569,,0.013613516445443428,0.01377287430835142
0.05,0,610000,learned,decoder,0.0,2,50000,2469,47531,127,0.0024999999999999996,0.00254,4.000000000000054e-05,0.0021353892432223543,0.0030210437686899894,0.17910946513586043,0.012695706223349026,True,0.0,0.0,0.050000000000000135,0.051437829080599434,0.5044368429217442,0.012012079162887762,0.5027855891467389,0.7082004804175418,0.4728469092004817,0.02715309079951825,,0.013449491915047442,0.013341052669965776
0.05,0,610000,learned,decoder,0.0,3,50000,2476,47524,139,0.002499999999999999,0.00278,0.00028000000000000073,0.002355127799881428,0.0032812683368593255,1.2537662559510094,0.012695706223349026,True,0.0,0.0,0.05000000000000012,0.0561389337641357,0.5005313804818794,0.011879398424878895,0.499958391620157,0.7074167915241517,0.47266984324461037,0.027330156755389644,,0.01363102490785983,0.013722952029140497
0.05,0,610000,learned,decoder,0.0,4,50000,2481,47519,126,0.002499999999999999,0.00252,2.000000000000092e-05,0.0021171200815424253,0.0029993160033008844,0.08955473256793313,0.012695706223349026,True,0.0,0.0,0.050000000000000114,0.05078597339782346,0.49833050398618295,0.011856917015161318,0.49943333133902656,0.7061931024790621,0.4723902118597599,0.027609788140240146,,0.013740395119411372,0.013674347459733872
0.05,0,610000,learned,decoder,0.0,5,50000,2439,47561,135,0.002499999999999999,0.0027,0.00020000000000000096,0.002281780769930756,0.0031946276585338614,0.8955473256792944,0.012695706223349026,True,0.0,0.0,0.05000000000000012,0.055350553505535055,0.4983809125543028,0.011778728631612207,0.4977946790632495,0.7073989759858356,0.4723611980227037,0.02763880197729631,,0.013729370004454958,0.013602614614482995
0.05,0,610000,learned,decoder,0.0,6,50000,2465,47535,135,0.002499999999999999,0.0027,0.00020000000000000096,0.002281780769930756,0.0031946276585338614,0.8955473256792944,0.012695706223349026,True,0.0,0.0,0.05000000000000012,0.05476673427991886,0.497216107231615,0.011777682900214456,0.4977946790632495,0.7065872564786274,0.4723054469900723,0.02769455300992768,,0.013786546920264842,0.013775115332993176
0.05,0,610000,learned,decoder,0.0,7,50000,2487,47513,139,0.002499999999999999,0.00278,0.00028000000000000073,0.002355127799881428,0.0032812683368593255,1.2537662559510094,0.012695706223349026,True,0.0,0.0,0.05000000000000012,0.055890631282669884,0.4993905851280689,0.011877288190672936,0.499958391620157,0.7066413843136142,0.4722128602613813,0.027787139738618658,,0.01368576670682866,0.013832672650257066
0.05,0,610000,learned,matched,0.05,0,50000,2496,47504,126,0.0025000000986336287,0.00252,1.9999901366371444e-05,0.0021171200815424253,0.0029993160033008844,0.08955428915033234,0.012695706223349026,True,1.0417964693090985e-10,0.0,0.049999999993259395,0.05048076923076923,0.5005683556763787,0.011856129387978096,0.49943333133902656,0.7077892509258428,0.2252780677536635,0.027561311695905425,0.5644966813799428,0.014660476829612605,0.014662052621449801
0.05,0,610000,learned,matched,0.05,1,50000,2529,47471,127,0.0025000000953516502,0.00254,3.999990464834992e-05,0.0021353892432223543,0.0030210437686899894,0.17910903476917403,0.012695706223349026,True,1.0057606113829595e-10,0.0,0.04999999999608787,0.05021747726374061,0.5011453120198278,0.012013252217947041,0.5027855891467389,0.7058684359842875,0.2252538607074866,0.02768576702533569,0.5666048861119756,0.014644086569057956,0.014778699154534747
0.05,0,610000,learned,matched,0.05,2,50000,2469,47531,127,0.002500000078018964,0.00254,3.9999921981035986e-05,0.0021353892432223543,0.0030210437686899894,0.1791091129997081,0.012695706223349026,True,8.243396258207787e-11,0.0,0.04999999999413404,0.051437829080599434,0.5044368429217442,0.012012079162887762,0.5027855891467389,0.7082004804175418,0.2272595095818377,0.02715309079951825,0.5640295133435902,0.014488427974321557,0.014343068996144298
0.05,0,610000,learned,matched,0.05,3,50000,2476,47524,139,0.0025000000974422436,0.00278,0.00027999990255775636,0.002355127799881428,0.0032812683368593255,1.2537657952575902,0.012695706223349026,True,1.0288705635241858e-10,0.0,0.049999999993990796,0.0561389337641357,0.5005313804818794,0.011879398424878895,0.499958391620157,0.7074167915241517,0.2254633063958766,0.027330156755389644,0.5649206028811866,0.014663005618498332,0.014727881448167024
0.05,0,610000,learned,matched,0.05,4,50000,2481,47519,126,0.0025000001132436485,0.00252,1.9999886756351653e-05,0.0021171200815424253,0.0029993160033008844,0.08955422346949092,0.012695706223349026,True,1.1947405063633182e-10,0.0,0.04999999999486604,0.05078597339782346,0.49833050398618295,0.011856917015161318,0.49943333133902656,0.7061931024790621,0.2242290029371721,0.027609788140240146,0.5662591923580225,0.014766991715719094,0.01470707340569553
0.05,0,610000,learned,matched,0.05,5,50000,2439,47561,135,0.0025000001097243043,0.0027,0.0001999998902756958,0.002281780769930756,0.0031946276585338614,0.8955468147593588,0.012695706223349026,True,1.1585619056593122e-10,0.0,0.049999999993218476,0.055350553505535055,0.4983809125543028,0.011778728631612207,0.4977946790632495,0.7073989759858356,0.22429674288159146,0.02763880197729631,0.5649516698543261,0.014757968683456852,0.01453662186605801
0.05,0,610000,learned,matched,0.05,6,50000,2465,47535,135,0.002500000113877041,0.0027,0.00019999988612295905,0.002281780769930756,0.0031946276585338614,0.895546795422568,0.012695706223349026,True,1.2016970717484528e-10,0.0,0.04999999999431646,0.05476673427991886,0.497216107231615,0.011777682900214456,0.4977946790632495,0.7065872564786274,0.2237231719153482,0.02769455300992768,0.5658634174380159,0.014812521741953922,0.014800903786171864
0.05,0,610000,learned,matched,0.05,7,50000,2487,47513,139,0.002500000097546873,0.00278,0.00027999990245312694,0.002355127799881428,0.0032812683368593255,1.2537657947629168,0.012695706223349026,True,1.0293758146960756e-10,0.0,0.049999999995123445,0.055890631282669884,0.4993905851280689,0.011877288190672936,0.499958391620157,0.7066413843136142,0.22450119076708766,0.027787139738618658,0.5658033725889029,0.01471539044996881,0.014849072462515165
0.05,0,610000,learned,decoder,0.05,0,50000,2496,47504,634,0.012677867814380227,0.01268,2.1321856197731998e-06,0.01173602585432255,0.013698849181590134,0.004261450678043621,0.012695706223349026,True,1.1404490225214802e-40,0.0,0.2535573562876051,0.25400641025641024,0.5005683556763787,0.011856129387978096,0.49943333133902656,0.7077892509258428,0.4724386883040946,0.027561311695905425,,0.014660476829612605,0.014662052621449801
0.05,0,610000,learned,decoder,0.05,1,50000,2529,47471,632,0.0124579149780842,0.01264,0.000182085021915801,0.011697555924583176,0.01365732525719144,0.3670783216277415,0.012695706223349026,True,1.042883930628259e-40,0.0,0.24915829956168462,0.24990114669829971,0.5011453120198278,0.012013252217947041,0.5027855891467389,0.7058684359842875,0.4723142329746643,0.02768576702533569,,0.014644086569057956,0.014778699154534747
0.05,0,610000,learned,decoder,0.05,2,50000,2469,47531,553,0.011330450858420268,0.01106,-0.00027045085842026736,0.010180131312536008,0.012014992630784907,-0.5713788907054262,0.012695706223349026,True,1.3750370667380972e-40,0.0,0.22660901716840587,0.22397731875253138,0.5044368429217442,0.012012079162887762,0.5027855891467389,0.7082004804175418,0.4728469092004817,0.02715309079951825,,0.014488427974321557,0.014343068996144298
0.05,0,610000,learned,decoder,0.05,3,50000,2476,47524,609,0.012685561277128839,0.01218,-0.0005055612771288388,0.011255335083724304,0.013179616775462526,-1.0101275509938867,0.012695706223349026,True,1.0418050341454353e-40,0.0,0.25371122554257725,0.24596122778675283,0.5005313804818794,0.011879398424878895,0.499958391620157,0.7074167915241517,0.47266984324461037,0.027330156755389644,,0.014663005618498332,0.014727881448167024
0.05,0,610000,learned,decoder,0.05,4,50000,2481,47519,681,0.013504428825149887,0.01362,0.00011557117485011363,0.01264076405263957,0.01467396655551772,0.22389729683676288,0.012695706223349026,True,9.467151056664027e-41,0.0,0.27008857650299817,0.27448609431680776,0.49833050398618295,0.011856917015161318,0.49943333133902656,0.7061931024790621,0.4723902118597599,0.027609788140240146,,0.014766991715719094,0.01470707340569553
0.05,0,610000,learned,decoder,0.05,5,50000,2439,47561,634,0.013486054993839628,0.01268,-0.0008060549938396274,0.01173602585432255,0.013698849181590134,-1.5626279844087212,0.012695706223349026,True,8.831439622489759e-41,0.0,0.2697210998767929,0.25994259942599424,0.4983809125543028,0.011778728631612207,0.4977946790632495,0.7073989759858356,0.4723611980227037,0.02763880197729631,,0.014757968683456852,0.01453662186605801
0.05,0,610000,learned,decoder,0.05,6,50000,2465,47535,669,0.013924199954516905,0.01338,-0.0005441999545169052,0.01240964383889136,0.014425123644437519,-1.0384921723827916,0.012695706223349026,True,6.378157782933369e-41,0.0,0.27848399909033866,0.2713995943204868,0.497216107231615,0.011777682900214456,0.4977946790632495,0.7065872564786274,0.4723054469900723,0.02769455300992768,,0.014812521741953922,0.014800903786171864
0.05,0,610000,learned,decoder,0.05,7,50000,2487,47513,676,0.013089191092317862,0.01352,0.00043080890768213906,0.012544454011589695,0.014570291961222427,0.8475675478128538,0.012695706223349026,True,5.837510786907585e-41,0.0,0.2617838218463579,0.27181342983514273,0.4993905851280689,0.011877288190672936,0.499958391620157,0.7066413843136142,0.4722128602613813,0.027787139738618658,,0.01471539044996881,0.014849072462515165
0.05,0,610000,learned,matched,0.15,0,50000,2496,47504,892,0.017940449846513037,0.01784,-0.00010044984651303573,0.01671624437953948,0.01903783784018403,-0.16921883613905203,0.012695706223349026,True,0.01606074834573755,0.01601970360390704,0.05365477836124734,0.05248397435897436,0.5005683556763787,0.011856129387978096,0.49943333133902656,0.7077892509258428,0.2252780677536635,0.027561311695905425,0.6166479631266247,0.02089924642571388,0.020910511377969395
0.05,0,610000,learned,matched,0.15,1,50000,2529,47471,886,0.017935741616112395,0.01772,-0.00021574161611239567,0.016600089326918404,0.018914011330390893,-0.3634873554261849,0.012695706223349026,True,0.01605503828721186,0.015756988477175538,0.05366910486522269,0.054567022538552785,0.5011453120198278,0.012013252217947041,0.5027855891467389,0.7058684359842875,0.2252538607074866,0.02768576702533569,0.6182423547207554,0.020885931514666722,0.020963900058073463
0.05,0,610000,learned,matched,0.15,2,50000,2469,47531,897,0.01760524330278958,0.01794,0.0003347566972104199,0.016813050638227887,0.019141016216840796,0.569180801543504,0.012695706223349026,True,0.015714411382446777,0.016073720308851066,0.053531049789302926,0.05386796273795059,0.5044368429217442,0.012012079162887762,0.5027855891467389,0.7082004804175418,0.2272595095818377,0.02715309079951825,0.6159289353705878,0.020762787118354147,0.02052372917039454
0.05,0,610000,learned,matched,0.15,3,50000,2476,47524,925,0.01794810917833924,0.0185,0.0005518908216607596,0.017355336440113243,0.019718644372888387,0.9295261331466542,0.012695706223349026,True,0.016068495187858314,0.016391717868866257,0.053660774997476866,0.05896607431340872,0.5005313804818794,0.011879398424878895,0.499958391620157,0.7074167915241517,0.2254633063958766,0.027330156755389644,0.6169824145545265,0.020900940883028882,0.020920407048917504
0.05,0,610000,learned,matched,0.15,4,50000,2481,47519,844,0.018169544355554172,0.01688,-0.001289544355554173,0.015787395962916274,0.01804683375749359,-2.1588925072552803,0.012695706223349026,True,0.016296841799901967,0.01477303815315979,0.05375089291294585,0.05723498589278517,0.49833050398618295,0.011856917015161318,0.49943333133902656,0.7061931024790621,0.2242290029371721,0.027609788140240146,0.6182301100595907,0.020983620346528873,0.020851532853159955
0.05,0,610000,learned,matched,0.15,5,50000,2439,47561,902,0.01813157731630716,0.01804,-9.157731630715996e-05,0.016909866252194528,0.01924418523821932,-0.15347176041368585,0.012695706223349026,True,0.01625811740338468,0.015958453354639305,0.05372731566183433,0.058630586305863056,0.4983809125543028,0.011778728631612207,0.4977946790632495,0.7073989759858356,0.22429674288159146,0.02763880197729631,0.6172050135642151,0.020976493962068365,0.020532131790677498
0.05,0,610000,learned,matched,0.15,6,50000,2465,47535,913,0.018246394223148717,0.01826,1.3605776851281087e-05,0.017122893159621903,0.019471124528551317,0.02273100128753769,0.012695706223349026,True,0.01637641326412978,0.016135479120647944,0.05377603244450852,0.05922920892494929,0.497216107231615,0.011777682900214456,0.4977946790632495,0.7065872564786274,0.2237231719153482,0.02769455300992768,0.6180241906802014,0.02101987423645463,0.020935630748485288
0.05,0,610000,learned,matched,0.15,7,50000,2487,47513,907,0.018054896803724917,0.01814,8.510319627508256e-05,0.01700669114525828,0.019347344980500742,0.14291893261753583,0.012695706223349026,True,0.016178496363980954,0.01589038789383958,0.05370650515886,0.0611178126256534,0.4993905851280689,0.011877288190672936,0.499958391620157,0.7066413843136142,0.22450119076708766,0.027787139738618658,0.6177766612116306,0.020942690408602124,0.021051737589509227
0.05,0,610000,learned,decoder,0.15,0,50000,2496,47504,1071,0.021296915177564664,0.02142,0.00012308482243533758,0.02018725495658204,0.022726277208498593,0.19063633341310812,0.012695706223349026,True,4.071166549679357e-06,0.0,0.4258609513868505,0.42908653846153844,0.5005683556763787,0.011856129387978096,0.49943333133902656,0.7077892509258428,0.4724386883040946,0.027561311695905425,,0.02089924642571388,0.020910511377969395
0.05,0,610000,learned,decoder,0.15,1,50000,2529,47471,1069,0.021203456736559847,0.02138,0.00017654326344015286,0.020148416950687413,0.022685121360255148,0.2740227401537955,0.012695706223349026,True,4.107430264934079e-06,0.0,0.42399109355616427,0.42269671807038356,0.5011453120198278,0.012013252217947041,0.5027855891467389,0.7058684359842875,0.4723142329746643,0.02768576702533569,,0.020885931514666722,0.020963900058073463
0.05,0,610000,learned,decoder,0.15,2,50000,2469,47531,1030,0.020686754820520785,0.0206,-8.675482052078465e-05,0.019391311071440716,0.02188234708380951,-0.13629239398962936,0.012695706223349026,True,4.356289352694908e-06,2.1038900927815533e-05,0.41365232691271514,0.41676792223572295,0.5044368429217442,0.012012079162887762,0.5027855891467389,0.7082004804175418,0.4728469092004817,0.02715309079951825,,0.020762787118354147,0.02052372917039454
0.05,0,610000,learned,decoder,0.15,3,50000,2476,47524,1038,0.021302985192091884,0.02076,-0.0005429851920918834,0.019546577794084422,0.022047055777718077,-0.8408695455640692,0.012695706223349026,True,4.062314658800357e-06,0.0,0.4259825198633206,0.41922455573505657,0.5005313804818794,0.011879398424878895,0.499958391620157,0.7074167915241517,0.47266984324461037,0.027330156755389644,,0.020900940883028882,0.020920407048917504
0.05,0,610000,learned,decoder,0.15,4,50000,2481,47519,1100,0.021653107829293337,0.022,0.00034689217070666203,0.02075053412154787,0.023322908928534745,0.5329334083266742,0.012695706223349026,True,3.909869054200458e-06,0.0,0.4329878690738371,0.4433696090286175,0.49833050398618295,0.011856917015161318,0.49943333133902656,0.7061931024790621,0.4723902118597599,0.027609788140240146,,0.020983620346528873,0.020851532853159955
0.05,0,610000,learned,decoder,0.15,5,50000,2439,47561,1018,0.021646261110230037,0.02036,-0.0012862611102300373,0.019158447709062904,0.02163524732135891,-1.9763995223818214,0.012695706223349026,True,3.9099032262954935e-06,0.0,0.43285093404330083,0.4173841738417384,0.4983809125543028,0.011778728631612207,0.4977946790632495,0.7073989759858356,0.4723611980227037,0.02763880197729631,,0.020976493962068365,0.020532131790677498
0.05,0,610000,learned,decoder,0.15,6,50000,2465,47535,1076,0.021832107609854486,0.02152,-0.0003121076098544853,0.020284355011987287,0.022829161788438513,-0.47756756893252145,0.012695706223349026,True,3.8229062863783014e-06,0.0,0.43656951697764934,0.43651115618661257,0.497216107231615,0.011777682900214456,0.4977946790632495,0.7065872564786274,0.4723054469900723,0.02769455300992768,,0.02101987423645463,0.020935630748485288
0.05,0,610000,learned,decoder,0.15,7,50000,2487,47513,1098,0.02148274869720577,0.02196,0.00047725130279422864,0.0207116796891541,0.02328176950679045,0.7360426111570127,0.012695706223349026,True,3.970023924415886e-06,0.0,0.4295795434895524,0.44149577804583834,0.4993905851280689,0.011877288190672936,0.499958391620157,0.7066413843136142,0.4722128602613813,0.027787139738618658,,0.020942690408602124,0.021051737589509227
0.05,0,610000,learned,matched,0.3,0,50000,2496,47504,6882,0.13695834469980092,0.13764,0.000681655300199091,0.1346480146468635,0.1406876607163749,0.4433428308230998,0.012695706223349026,True,0.1370496766154648,0.13765156618390031,0.13522303830218627,0.1374198717948718,0.5005683556763787,0.011856129387978096,0.49943333133902656,0.7077892509258428,0.2252780677536635,0.027561311695905425,0.7277907274586138,0.03964479001599601,0.039713763930881725
0.05,0,610000,learned,matched,0.3,1,50000,2529,47471,6807,0.13695590820309564,0.13614,-0.0008159082030956277,0.13316201684052326,0.13917388899253758,-0.5306637524176703,0.012695706223349026,True,0.13705166652315645,0.13631480272166166,0.13513650012194053,0.132858837485172,0.5011453120198278,0.012013252217947041,0.5027855891467389,0.7058684359842875,0.2252538607074866,0.02768576702533569,0.7285136996778058,0.039649180616274246,0.03964360603581837
0.05,0,610000,learned,matched,0.3,2,50000,2469,47531,6738,0.13604815527561898,0.13476,-0.0012881552756189851,0.13179500676482184,0.13778111110047556,-0.8401602338528407,0.012695706223349026,True,0.13613279887918076,0.1350276661547201,0.1344399268079466,0.12960712839206157,0.5044368429217442,0.012012079162887762,0.5027855891467389,0.7082004804175418,0.2272595095818377,0.02715309079951825,0.7268134904750756,0.039632732104697595,0.039217747838605266
0.05,0,610000,learned,matched,0.3,3,50000,2476,47524,6869,0.13698992818152292,0.13738,0.0003900718184770835,0.13439043301104264,0.14042528230029827,0.25367479964502543,0.012695706223349026,True,0.13708235774931662,0.13727800690177594,0.13523376639344345,0.13933764135702748,0.5005313804818794,0.011879398424878895,0.499958391620157,0.7074167915241517,0.2254633063958766,0.027330156755389644,0.7279671191093634,0.039644819837577686,0.039675006825715946
0.05,0,610000,learned,matched,0.3,4,50000,2481,47519,6781,0.1375799495414501,0.13562,-0.0019599495414500956,0.13264689937695812,0.13864908635230777,-1.2723098735663803,0.012695706223349026,True,0.13767885517064857,0.1354826490456449,0.1357007425866783,0.13825070536074163,0.49833050398618295,0.011856917015161318,0.49943333133902656,0.7061931024790621,0.2242290029371721,0.027609788140240146,0.7289516050805364,0.03965659605203819,0.03915176347569235
0.05,0,610000,learned,matched,0.3,5,50000,2439,47561,6834,0.13748439973364088,0.13668,-0.0008043997336408815,0.13369696205946882,0.13971886080445586,-0.5223321163976741,0.012695706223349026,True,0.13757996841869444,0.13679275036269212,0.1356685947176192,0.13448134481344814,0.4983809125543028,0.011778728631612207,0.4977946790632495,0.7073989759858356,0.22429674288159146,0.02763880197729631,0.7284215703902778,0.03965144968140614,0.038808605937906644
0.05,0,610000,learned,matched,0.3,6,50000,2465,47535,6854,0.13780538663575292,0.13708,-0.0007253866357529171,0.13409322794269654,0.14012253346260886,-0.47056411242804813,0.012695706223349026,True,0.13790487775691254,0.13712001682970443,0.13591505533371737,0.13630831643002028,0.497216107231615,0.011777682900214456,0.4977946790632495,0.7065872564786274,0.2237231719153482,0.02769455300992768,0.7290236546450789,0.039657332667001936,0.039354118842978146
0.05,0,610000,learned,matched,0.3,7,50000,2487,47513,6904,0.1373000759601664,0.13808,0.000779924039833596,0.13508393027632062,0.14113167748243652,0.5067246605800976,0.012695706223349026,True,0.13739632168777757,0.1379411950413571,0.13547140713555322,0.1407318053880177,0.4993905851280689,0.011877288190672936,0.499958391620157,0.7066413843136142,0.22450119076708766,0.027787139738618658,0.7285526217104407,0.03965008704455884,0.03969754362794168
0.05,0,610000,learned,decoder,0.3,0,50000,2496,47504,1770,0.03546137391500903,0.0354,-6.137391500903033e-05,0.03381564703946705,0.03705573714686849,-0.07420467011504613,0.012695706223349026,True,0.012363321103646038,0.012335803300774672,0.47432437733090577,0.47435897435897434,0.5005683556763787,0.011856129387978096,0.49943333133902656,0.7077892509258428,0.4724386883040946,0.027561311695905425,,0.03964479001599601,0.039713763930881725
0.05,0,610000,learned,decoder,0.3,1,50000,2529,47471,1767,0.0354485775160772,0.03534,-0.00010857751607719346,0.03375697406500845,0.03699441934011999,-0.13129941923374752,0.012695706223349026,True,0.012399146682215822,0.012112658254513282,0.4733877633594444,0.47133254250691975,0.5011453120198278,0.012013252217947041,0.5027855891467389,0.7058684359842875,0.4723142329746643,0.02768576702533569,,0.039649180616274246,0.03964360603581837
0.05,0,610000,learned,decoder,0.3,2,50000,2469,47531,1753,0.03537668850831606,0.03506,-0.0003166885083160584,0.03348318345775736,0.03670825296840459,-0.38333620691282244,0.012695706223349026,True,0.012605779298821654,0.012854768466895289,0.4680239634887101,0.4625354394491697,0.5044368429217442,0.012012079162887762,0.5027855891467389,0.7082004804175418,0.4728469092004817,0.02715309079951825,,0.039632732104697595,0.039217747838605266
0.05,0,610000,learned,decoder,0.3,3,50000,2476,47524,1764,0.03546099174656866,0.03528,-0.00018099174656865946,0.03369830234276173,0.0369331002811596,-0.2188307940871985,0.012695706223349026,True,0.012359257604556736,0.012772493897820049,0.47439394044479577,0.4672859450726979,0.5005313804818794,0.011879398424878895,0.499958391620157,0.7074167915241517,0.47266984324461037,0.027330156755389644,,0.039644819837577686,0.039675006825715946
0.05,0,610000,learned,decoder,0.3,4,50000,2481,47519,1734,0.035512393394088654,0.03468,-0.0008323933940886513,0.033111654675379645,0.03631984013647066,-1.0057159317025701,0.012695706223349026,True,0.01222355966232335,0.010690460657842127,0.4780002342976312,0.494155582426441,0.49833050398618295,0.011856917015161318,0.49943333133902656,0.7061931024790621,0.4723902118597599,0.027609788140240146,,0.03965659605203819,0.03915176347569235
0.05,0,610000,learned,decoder,0.3,5,50000,2439,47561,1719,0.035509755715047324,0.03438,-0.001129755715047323,0.03281837889827528,0.03601316200753951,-1.3650444301000735,0.012695706223349026,True,0.012225117334569274,0.012321019322554194,0.47791788494413084,0.46453464534645345,0.4983809125543028,0.011778728631612207,0.4977946790632495,0.7073989759858356,0.4723611980227037,0.02763880197729631,,0.03965144968140614,0.038808605937906644
0.05,0,610000,learned,decoder,0.3,6,50000,2465,47535,1749,0.03553587793859109,0.03498,-0.00055587793859109,0.033404962622856256,0.036626486095029546,-0.6714101114782237,0.012695706223349026,True,0.012151819534232507,0.011801830230356579,0.479832987621404,0.481947261663286,0.497216107231615,0.011777682900214456,0.4977946790632495,0.7065872564786274,0.4723054469900723,0.02769455300992768,,0.039657332667001936,0.039354118842978146
0.05,0,610000,learned,decoder,0.3,7,50000,2487,47513,1809,0.03548511232846194,0.03618,0.0006948876715380595,0.034578508281939445,0.037852756060088415,0.8398893007602674,0.012695706223349026,True,0.012286682952765608,0.012796497800601941,0.4762552704666932,0.4829111379171693,0.4993905851280689,0.011877288190672936,0.499958391620157,0.7066413843136142,0.4722128602613813,0.027787139738618658,,0.03965008704455884,0.03969754362794168
0.05,0,610000,learned,matched,0.6,0,50000,2496,47504,14199,0.28487004376413,0.28398,-0.0008900437641299885,0.28004423360392006,0.2879489571234415,-0.44094100482240417,0.012695706223349026,True,0.28509960121120337,0.2841444930953183,0.2805084522697294,0.280849358974359,0.5005683556763787,0.011856129387978096,0.49943333133902656,0.7077892509258428,0.2252780677536635,0.027561311695905425,0.8745840736439363,0.10911925347858904,0.10927977626603894
0.05,0,610000,learned,matched,0.6,1,50000,2529,47471,14252,0.2848387113521073,0.28504,0.00020128864789270562,0.2810997151445904,0.2890133127174299,0.09972470941231283,0.012695706223349026,True,0.2850720691951004,0.28520570453540056,0.28040491233523535,0.2819296164491894,0.5011453120198278,0.012013252217947041,0.5027855891467389,0.7058684359842875,0.2252538607074866,0.02768576702533569,0.8746609438916687,0.10919298005684322,0.10896143615831055
0.05,0,610000,learned,matched,0.6,2,50000,2469,47531,14033,0.28414913610770487,0.28066,-0.003489136107704849,0.276738559922488,0.2846151409114139,-1.7298899142925466,0.012695706223349026,True,0.28437945687561306,0.28101659969283205,0.27977304151744414,0.27379505872823007,0.5044368429217442,0.012012079162887762,0.5027855891467389,0.7082004804175418,0.2272595095818377,0.02715309079951825,0.8738519566150337,0.10962243463331342,0.10896323425218715
0.05,0,610000,learned,matched,0.6,3,50000,2476,47524,14377,0.28489118751445713,0.28754,0.002648812485542884,0.2835891642203719,0.29152347952527774,1.3122320605692546,0.012695706223349026,True,0.285121455957536,0.2885699856914401,0.28051608709595155,0.26777059773828754,0.5005313804818794,0.011879398424878895,0.499958391620157,0.7074167915241517,0.2254633063958766,0.027330156755389644,0.8746267929405865,0.10911214830430739,0.10977277524311665
0.05,0,610000,learned,matched,0.6,4,50000,2481,47519,14082,0.2853408402231838,0.28164,-0.003700840223183788,0.27771430350394527,0.28559924675633924,-1.832541792051585,0.012695706223349026,True,0.2855724601202796,0.28178202403249225,0.28094006217836226,0.2789197904070939,0.49833050398618295,0.011856917015161318,0.49943333133902656,0.7061931024790621,0.2242290029371721,0.027609788140240146,0.8751351723591645,0.1088278773193469,0.10660826393654921
0.05,0,610000,learned,matched,0.6,5,50000,2439,47561,14084,0.285285428446022,0.28168,-0.0036054284460220187,0.2777541302642285,0.28563941385019403,-1.7854009845437944,0.012695706223349026,True,0.28551488310965456,0.28252139357877254,0.28092578983700955,0.2652726527265273,0.4983809125543028,0.011778728631612207,0.4977946790632495,0.7073989759858356,0.22429674288159146,0.02763880197729631,0.875015194990132,0.10883346534048621,0.10703324487952516
0.05,0,610000,learned,matched,0.6,6,50000,2465,47535,14282,0.28553025045569796,0.28564,0.0001097495443020402,0.2816971693920196,0.28961576628207175,0.0543337577232388,0.012695706223349026,True,0.2857607799855247,0.2862101609340486,0.2811501893889904,0.2746450304259635,0.497216107231615,0.011777682900214456,0.4977946790632495,0.7065872564786274,0.2237231719153482,0.02769455300992768,0.8753015902525381,0.10868205303096412,0.10758615442934906
0.05,0,610000,learned,matched,0.6,7,50000,2487,47513,14229,0.285129765252952,0.28458,-0.000549765252952028,0.280641672693603,0.28855142584582955,-0.2722873116568132,0.012695706223349026,True,0.2853610889888814,0.2843853261212721,0.28073461427029495,0.2882991556091677,0.4993905851280689,0.011877288190672936,0.499958391620157,0.7066413843136142,0.22450119076708766,0.027787139738618658,0.8749063828307376,0.10896379756521213,0.10880182348406521
0.05,0,610000,learned,decoder,0.6,0,50000,2496,47504,7260,0.14509318136214588,0.1452,0.00010681863785411139,0.14213924553392548,0.14831526826140778,0.06781865080395433,0.012695706223349026,True,0.1267684076186474,0.12691562815762883,0.49326388248861686,0.4931891025641026,0.5005683556763787,0.011856129387978096,0.49943333133902656,0.7077892509258428,0.4724386883040946,0.027561311695905425,,0.10911925347858904,0.10927977626603894
0.05,0,610000,learned,decoder,0.6,1,50000,2529,47471,7236,0.14517659892225976,0.14472,-0.00045659892225977106,0.14166352467118395,0.14783106287449246,-0.28982335128491377,0.012695706223349026,True,0.12687817210235927,0.12616123528048703,0.49284670850036855,0.4930802688809806,0.5011453120198278,0.012013252217947041,0.5027855891467389,0.7058684359842875,0.4723142329746643,0.02768576702533569,,0.10919298005684322,0.10896143615831055
0.05,0,610000,learned,decoder,0.6,2,50000,2469,47531,7221,0.14567299606655582,0.14442,-0.0012529960665558226,0.1413662050151095,0.14752842862453142,-0.7942059138455071,0.012695706223349026,True,0.12754813881987237,0.12682249479287203,0.4900452837535419,0.48319157553665454,0.5044368429217442,0.012012079162887762,0.5027855891467389,0.7082004804175418,0.4728469092004817,0.02715309079951825,,0.10962243463331342,0.10896323425218715
0.05,0,610000,learned,decoder,0.6,3,50000,2476,47524,7208,0.14508423814101276,0.14416,-0.0009242381410127509,0.14110853165141418,0.14726614193632936,-0.5868094648992425,0.012695706223349026,True,0.12675648140363696,0.12623095699015235,0.4933116161511527,0.4882875605815832,0.5005313804818794,0.011879398424878895,0.499958391620157,0.7074167915241517,0.47266984324461037,0.027330156755389644,,0.10911214830430739,0.10977277524311665
0.05,0,610000,learned,decoder,0.6,4,50000,2481,47519,7197,0.14475376087493846,0.14394,-0.0008137608749384517,0.1408905030125566,0.14704420437742757,-0.5171556729491047,0.012695706223349026,True,0.12631023336795025,0.12479218838780277,0.49518078350771466,0.5106811769447803,0.49833050398618295,0.011856917015161318,0.49943333133902656,0.7061931024790621,0.4723902118597599,0.027609788140240146,,0.1088278773193469,0.10660826393654921
0.05,0,610000,learned,decoder,0.6,5,50000,2439,47561,7138,0.1447611204595149,0.14276,-0.0020011204595148935,0.1397211186298008,0.1458537700631103,-1.271711353306436,0.012695706223349026,True,0.12632206543973537,0.12558608944303107,0.49510316583532715,0.4776547765477655,0.4983809125543028,0.011778728631612207,0.4977946790632495,0.7073989759858356,0.4723611980227037,0.02763880197729631,,0.10883346534048621,0.10703324487952516
0.05,0,610000,learned,decoder,0.6,6,50000,2465,47535,7198,0.1445842034102253,0.14396,-0.000624203410225288,0.14091032369667894,0.14706438062037425,-0.39688262176840594,0.012695706223349026,True,0.12608329304472818,0.1255285579047018,0.4961015003546711,0.4993914807302231,0.497216107231615,0.011777682900214456,0.4977946790632495,0.7065872564786274,0.4723054469900723,0.02769455300992768,,0.10868205303096412,0.10758615442934906
0.05,0,610000,learned,decoder,0.6,7,50000,2487,47513,7282,0.14491189718635722,0.14564,0.0007281028136427725,0.1425753331332816,0.14875911305757042,0.4625090748064351,0.012695706223349026,True,0.12652393652324773,0.12724938437901206,0.49428314978543825,0.4969843184559711,0.4993905851280689,0.011877288190672936,0.499958391620157,0.7066413843136142,0.4722128602613813,0.027787139738618658,,0.10896379756521213,0.10880182348406521
0.05,0,610000,mono,matched,0.0,0,50000,2496,47504,0,0.0,0.0,0.0,0.0,7.682327414500052e-05,,0.012695706223349026,True,0.0,0.0,0.0,0.0,1.0,0.0,0.0,1.0,0.5,0.0,0.0,0.0,0.0
0.05,0,610000,mono,matched,0.0,1,50000,2529,47471,0,0.0,0.0,0.0,0.0,7.682327414500052e-05,,0.012695706223349026,True,0.0,0.0,0.0,0.0,1.0,0.0,0.0,1.0,0.5,0.0,0.0,0.0,0.0
0.05,0,610000,mono,matched,0.0,2,50000,2469,47531,0,0.0,0.0,0.0,0.0,7.682327414500052e-05,,0.012695706223349026,True,0.0,0.0,0.0,0.0,1.0,0.0,0.0,1.0,0.5,0.0,0.0,0.0,0.0
0.05,0,610000,mono,matched,0.0,3,50000,2476,47524,0,0.0,0.0,0.0,0.0,7.682327414500052e-05,,0.012695706223349026,True,0.0,0.0,0.0,0.0,1.0,0.0,0.0,1.0,0.5,0.0,0.0,0.0,0.0
0.05,0,610000,mono,matched,0.0,4,50000,2481,47519,2481,0.049999999999999954,0.04962,-0.00037999999999995676,0.047750914291534566,0.05155828504088428,-0.38987177379231436,0.012695706223349026,True,0.0,0.0,1.0000000000000009,1.0,0.0,0.0,0.0,,0.0,0.05,1.0,0.04750000000000001,0.0471580000000396
0.05,0,610000,mono,matched,0.0,5,50000,2439,47561,2439,0.04999999999999995,0.04878,-0.0012199999999999503,0.046926320788916544,0.050703007606602866,-1.2516935895438377,0.012695706223349026,True,0.0,0.0,1.0000000000000009,1.0,0.0,0.0,0.0,,0.0,0.05,1.0,0.04750000000000001,0.046402000000040015
0.05,0,610000,mono,matched,0.0,6,50000,2465,47535,2465,0.04999999999999995,0.0493,-0.0006999999999999507,0.04743676544183288,0.05123248305748142,-0.7181848464595576,0.012695706223349026,True,0.0,0.0,1.0000000000000009,1.0,0.0,0.0,0.0,,0.0,0.05,1.0,0.0475,0.04687000000003923
0.05,0,610000,mono,matched,0.0,7,50000,2487,47513,2487,0.04999999999999995,0.04974,-0.00025999999999994777,0.04786872576661237,0.051680455128220684,-0.2667543715420866,0.012695706223349026,True,0.0,0.0,1.0000000000000009,1.0,0.0,0.0,0.0,,0.0,0.05,1.0,0.04750000000000001,0.04726600000003973
0.05,0,610000,mono,decoder,0.0,0,50000,2496,47504,0,0.0,0.0,0.0,0.0,7.682327414500052e-05,,0.012695706223349026,True,0.0,0.0,0.0,0.0,1.0,0.0,0.0,1.0,0.5,0.0,,0.0,0.0
0.05,0,610000,mono,decoder,0.0,1,50000,2529,47471,0,0.0,0.0,0.0,0.0,7.682327414500052e-05,,0.012695706223349026,True,0.0,0.0,0.0,0.0,1.0,0.0,0.0,1.0,0.5,0.0,,0.0,0.0
0.05,0,610000,mono,decoder,0.0,2,50000,2469,47531,0,0.0,0.0,0.0,0.0,7.682327414500052e-05,,0.012695706223349026,True,0.0,0.0,0.0,0.0,1.0,0.0,0.0,1.0,0.5,0.0,,0.0,0.0
0.05,0,610000,mono,decoder,0.0,3,50000,2476,47524,0,0.0,0.0,0.0,0.0,7.682327414500052e-05,,0.012695706223349026,True,0.0,0.0,0.0,0.0,1.0,0.0,0.0,1.0,0.5,0.0,,0.0,0.0
0.05,0,610000,mono,decoder,0.0,4,50000,2481,47519,2481,0.049999999999999954,0.04962,-0.00037999999999995676,0.047750914291534566,0.05155828504088428,-0.38987177379231436,0.012695706223349026,True,0.0,0.0,1.0000000000000009,1.0,0.0,0.0,0.0,,0.45,0.05,,0.04750000000000001,0.0471580000000396
0.05,0,610000,mono,decoder,0.0,5,50000,2439,47561,2439,0.04999999999999995,0.04878,-0.0012199999999999503,0.046926320788916544,0.050703007606602866,-1.2516935895438377,0.012695706223349026,True,0.0,0.0,1.0000000000000009,1.0,0.0,0.0,0.0,,0.45,0.05,,0.04750000000000001,0.046402000000040015
0.05,0,610000,mono,decoder,0.0,6,50000,2465,47535,2465,0.04999999999999995,0.0493,-0.0006999999999999507,0.04743676544183288,0.05123248305748142,-0.7181848464595576,0.012695706223349026,True,0.0,0.0,1.0000000000000009,1.0,0.0,0.0,0.0,,0.45,0.05,,0.0475,0.04687000000003923
0.05,0,610000,mono,decoder,0.0,7,50000,2487,47513,2487,0.04999999999999995,0.04974,-0.00025999999999994777,0.04786872576661237,0.051680455128220684,-0.2667543715420866,0.012695706223349026,True,0.0,0.0,1.0000000000000009,1.0,0.0,0.0,0.0,,0.45,0.05,,0.04750000000000001,0.04726600000003973
0.05,0,610000,mono,matched,0.05,0,50000,2496,47504,0,7.619853024160475e-24,0.0,-7.619853024160475e-24,0.0,7.682327414500052e-05,-6.172460216218682e-10,0.012695706223349026,True,7.619853024160473e-24,0.0,7.619853024160456e-24,0.0,1.0,0.0,0.0,1.0,0.5,0.0,1.9287498479639315e-22,0.0013124999999999975,0.0012945721088172511
0.05,0,610000,mono,matched,0.05,1,50000,2529,47471,0,7.619853024160475e-24,0.0,-7.619853024160475e-24,0.0,7.682327414500052e-05,-6.172460216218682e-10,0.012695706223349026,True,7.619853024160473e-24,0.0,7.619853024160456e-24,0.0,1.0,0.0,0.0,1.0,0.5,0.0,1.9287498479639315e-22,0.0013124999999999975,0.001323608408528205
0.05,0,610000,mono,matched,0.05,2,50000,2469,47531,0,7.619853024160475e-24,0.0,-7.619853024160475e-24,0.0,7.682327414500052e-05,-6.172460216218682e-10,0.012695706223349026,True,7.619853024160473e-24,0.0,7.619853024160456e-24,0.0,1.0,0.0,0.0,1.0,0.5,0.0,1.9287498479639315e-22,0.0013124999999999975,0.0013052343410447577
0.05,0,610000,mono,matched,0.05,3,50000,2476,47524,0,7.619853024160475e-24,0.0,-7.619853024160475e-24,0.0,7.682327414500052e-05,-6.172460216218682e-10,0.012695706223349026,True,7.619853024160473e-24,0.0,7.619853024160456e-24,0.0,1.0,0.0,0.0,1.0,0.5,0.0,1.9287498479639315e-22,0.0013124999999999975,0.0013084956968553868
0.05,0,610000,mono,matched,0.05,4,50000,2481,47519,2481,0.049999999999999954,0.04962,-0.00037999999999995676,0.047750914291534566,0.05155828504088428,-0.38987177379231436,0.012695706223349026,True,0.0,0.0,1.0000000000000009,1.0,0.0,0.0,0.0,,0.0,0.05,1.0,0.04750000000000001,0.0471580000000396
0.05,0,610000,mono,matched,0.05,5,50000,2439,47561,2439,0.04999999999999995,0.04878,-0.0012199999999999503,0.046926320788916544,0.050703007606602866,-1.2516935895438377,0.012695706223349026,True,0.0,0.0,1.0000000000000009,1.0,0.0,0.0,0.0,,0.0,0.05,1.0,0.04750000000000001,0.046402000000040015
0.05,0,610000,mono,matched,0.05,6,50000,2465,47535,2465,0.04999999999999995,0.0493,-0.0006999999999999507,0.04743676544183288,0.05123248305748142,-0.7181848464595576,0.012695706223349026,True,0.0,0.0,1.0000000000000009,1.0,0.0,0.0,0.0,,0.0,0.05,1.0,0.0475,0.04687000000003923
0.05,0,610000,mono,matched,0.05,7,50000,2487,47513,2487,0.04999999999999995,0.04974,-0.00025999999999994777,0.04786872576661237,0.051680455128220684,-0.2667543715420866,0.012695706223349026,True,0.0,0.0,1.0000000000000009,1.0,0.0,0.0,0.0,,0.0,0.05,1.0,0.04750000000000001,0.04726600000003973
0.05,0,610000,mono,decoder,0.05,0,50000,2496,47504,0,7.619853024160475e-24,0.0,-7.619853024160475e-24,0.0,7.682327414500052e-05,-6.172460216218682e-10,0.012695706223349026,True,7.619853024160473e-24,0.0,7.619853024160456e-24,0.0,1.0,0.0,0.0,1.0,0.5,0.0,,0.0013124999999999975,0.0012945721088172511
0.05,0,610000,mono,decoder,0.05,1,50000,2529,47471,0,7.619853024160475e-24,0.0,-7.619853024160475e-24,0.0,7.682327414500052e-05,-6.172460216218682e-10,0.012695706223349026,True,7.619853024160473e-24,0.0,7.619853024160456e-24,0.0,1.0,0.0,0.0,1.0,0.5,0.0,,0.0013124999999999975,0.001323608408528205
0.05,0,610000,mono,decoder,0.05,2,50000,2469,47531,0,7.619853024160475e-24,0.0,-7.619853024160475e-24,0.0,7.682327414500052e-05,-6.172460216218682e-10,0.012695706223349026,True,7.619853024160473e-24,0.0,7.619853024160456e-24,0.0,1.0,0.0,0.0,1.0,0.5,0.0,,0.0013124999999999975,0.0013052343410447577
0.05,0,610000,mono,decoder,0.05,3,50000,2476,47524,0,7.619853024160475e-24,0.0,-7.619853024160475e-24,0.0,7.682327414500052e-05,-6.172460216218682e-10,0.012695706223349026,True,7.619853024160473e-24,0.0,7.619853024160456e-24,0.0,1.0,0.0,0.0,1.0,0.5,0.0,,0.0013124999999999975,0.0013084956968553868
0.05,0,610000,mono,decoder,0.05,4,50000,2481,47519,2481,0.049999999999999954,0.04962,-0.00037999999999995676,0.047750914291534566,0.05155828504088428,-0.38987177379231436,0.012695706223349026,True,0.0,0.0,1.0000000000000009,1.0,0.0,0.0,0.0,,0.45,0.05,,0.04750000000000001,0.0471580000000396
0.05,0,610000,mono,decoder,0.05,5,50000,2439,47561,2439,0.04999999999999995,0.04878,-0.0012199999999999503,0.046926320788916544,0.050703007606602866,-1.2516935895438377,0.012695706223349026,True,0.0,0.0,1.0000000000000009,1.0,0.0,0.0,0.0,,0.45,0.05,,0.04750000000000001,0.046402000000040015
0.05,0,610000,mono,decoder,0.05,6,50000,2465,47535,2465,0.04999999999999995,0.0493,-0.0006999999999999507,0.04743676544183288,0.05123248305748142,-0.7181848464595576,0.012695706223349026,True,0.0,0.0,1.0000000000000009,1.0,0.0,0.0,0.0,,0.45,0.05,,0.0475,0.04687000000003923
0.05,0,610000,mono,decoder,0.05,7,50000,2487,47513,2487,0.04999999999999995,0.04974,-0.00025999999999994777,0.04786872576661237,0.051680455128220684,-0.2667543715420866,0.012695706223349026,True,0.0,0.0,1.0000000000000009,1.0,0.0,0.0,0.0,,0.45,0.05,,0.04750000000000001,0.04726600000003973
0.05,0,610000,mono,matched,0.15,0,50000,2496,47504,21,0.00042906033319683675,0.00042,-9.060333196836737e-06,0.00027473515097850034,0.0006420235916162183,-0.097828000676466,0.012695706223349026,True,0.00042906033319683784,0.0003999663186257999,0.00042906033319683654,0.0008012820512820513,1.0,0.0,0.0,1.0,0.5,0.0,0.0038659201394728076,0.011812499999971138,0.01165114897935523
0.05,0,610000,mono,matched,0.15,1,50000,2529,47471,20,0.00042906033319683675,0.0004,-2.9060333196836736e-05,0.00025896487722254513,0.0006177969383031394,-0.3137759102094642,0.012695706223349026,True,0.00042906033319683784,0.0004002443597143519,0.00042906033319683654,0.00039541320680110717,1.0,0.0,0.0,1.0,0.5,0.0,0.0038659201394728076,0.011812499999971138,0.011912475676753808
0.05,0,610000,mono,matched,0.15,2,50000,2469,47531,24,0.00042906033319683675,0.00048,5.093966680316326e-05,0.000322594032874306,0.0007141554909275154,0.5500157279225285,0.012695706223349026,True,0.00042906033319683784,0.0005049336222675727,0.00042906033319683654,0.0,1.0,0.0,0.0,1.0,0.5,0.0,0.0038659201394728076,0.011812499999971138,0.011747109069402841
0.05,0,610000,mono,matched,0.15,3,50000,2476,47524,14,0.00042906033319683675,0.00028,-0.00014906033319683678,0.0001668041917435913,0.00046997606136788797,-1.6094633674074539,0.012695706223349026,True,0.00042906033319683784,0.000273545997811632,0.00042906033319683654,0.0004038772213247173,1.0,0.0,0.0,1.0,0.5,0.0,0.0038659201394728076,0.011812499999971138,0.011776461271698424
0.05,0,610000,mono,matched,0.15,4,50000,2481,47519,2481,0.049999999999999954,0.04962,-0.00037999999999995676,0.047750914291534566,0.05155828504088428,-0.38987177379231436,0.012695706223349026,True,0.0,0.0,1.0000000000000009,1.0,0.0,0.0,0.0,,0.0,0.05,1.0,0.04750000000000001,0.0471580000000396
0.05,0,610000,mono,matched,0.15,5,50000,2439,47561,2439,0.04999999999999995,0.04878,-0.0012199999999999503,0.046926320788916544,0.050703007606602866,-1.2516935895438377,0.012695706223349026,True,0.0,0.0,1.0000000000000009,1.0,0.0,0.0,0.0,,0.0,0.05,1.0,0.04750000000000001,0.046402000000040015
0.05,0,610000,mono,matched,0.15,6,50000,2465,47535,2465,0.04999999999999995,0.0493,-0.0006999999999999507,0.04743676544183288,0.05123248305748142,-0.7181848464595576,0.012695706223349026,True,0.0,0.0,1.0000000000000009,1.0,0.0,0.0,0.0,,0.0,0.05,1.0,0.0475,0.04687000000003923
0.05,0,610000,mono,matched,0.15,7,50000,2487,47513,2487,0.04999999999999995,0.04974,-0.00025999999999994777,0.04786872576661237,0.051680455128220684,-0.2667543715420866,0.012695706223349026,True,0.0,0.0,1.0000000000000009,1.0,0.0,0.0,0.0,,0.0,0.05,1.0,0.04750000000000001,0.04726600000003973
0.05,0,610000,mono,decoder,0.15,0,50000,2496,47504,21,0.00042906033319683675,0.00042,-9.060333196836737e-06,0.00027473515097850034,0.0006420235916162183,-0.097828000676466,0.012695706223349026,True,0.00042906033319683784,0.0003999663186257999,0.00042906033319683654,0.0008012820512820513,1.0,0.0,0.0,1.0,0.5,0.0,,0.011812499999971138,0.01165114897935523
0.05,0,610000,mono,decoder,0.15,1,50000,2529,47471,20,0.00042906033319683675,0.0004,-2.9060333196836736e-05,0.00025896487722254513,0.0006177969383031394,-0.3137759102094642,0.012695706223349026,True,0.00042906033319683784,0.0004002443597143519,0.00042906033319683654,0.00039541320680110717,1.0,0.0,0.0,1.0,0.5,0.0,,0.011812499999971138,0.011912475676753808
0.05,0,610000,mono,decoder,0.15,2,50000,2469,47531,24,0.00042906033319683675,0.00048,5.093966680316326e-05,0.000322594032874306,0.0007141554909275154,0.5500157279225285,0.012695706223349026,True,0.00042906033319683784,0.0005049336222675727,0.00042906033319683654,0.0,1.0,0.0,0.0,1.0,0.5,0.0,,0.011812499999971138,0.011747109069402841
0.05,0,610000,mono,decoder,0.15,3,50000,2476,47524,14,0.00042906033319683675,0.00028,-0.00014906033319683678,0.0001668041917435913,0.00046997606136788797,-1.6094633674074539,0.012695706223349026,True,0.00042906033319683784,0.000273545997811632,0.00042906033319683654,0.0004038772213247173,1.0,0.0,0.0,1.0,0.5,0.0,,0.011812499999971138,0.011776461271698424
0.05,0,610000,mono,decoder,0.15,4,50000,2481,47519,2481,0.049999999999999954,0.04962,-0.00037999999999995676,0.047750914291534566,0.05155828504088428,-0.38987177379231436,0.012695706223349026,True,0.0,0.0,1.0000000000000009,1.0,0.0,0.0,0.0,,0.45,0.05,,0.04750000000000001,0.0471580000000396
0.05,0,610000,mono,decoder,0.15,5,50000,2439,47561,2439,0.04999999999999995,0.04878,-0.0012199999999999503,0.046926320788916544,0.050703007606602866,-1.2516935895438377,0.012695706223349026,True,0.0,0.0,1.0000000000000009,1.0,0.0,0.0,0.0,,0.45,0.05,,0.04750000000000001,0.046402000000040015
0.05,0,610000,mono,decoder,0.15,6,50000,2465,47535,2465,0.04999999999999995,0.0493,-0.0006999999999999507,0.04743676544183288,0.05123248305748142,-0.7181848464595576,0.012695706223349026,True,0.0,0.0,1.0000000000000009,1.0,0.0,0.0,0.0,,0.45,0.05,,0.0475,0.04687000000003923
0.05,0,610000,mono,decoder,0.15,7,50000,2487,47513,2487,0.04999999999999995,0.04974,-0.00025999999999994777,0.04786872576661237,0.051680455128220684,-0.2667543715420866,0.012695706223349026,True,0.0,0.0,1.0000000000000009,1.0,0.0,0.0,0.0,,0.45,0.05,,0.04750000000000001,0.04726600000003973
0.05,0,610000,mono,matched,0.3,0,50000,2496,47504,2297,0.047790352272814696,0.04594,-0.001850352272814694,0.04413957756897046,0.04781018718274609,-1.939559091102747,0.012695706223349026,True,0.04779035227281467,0.045722465476591444,0.04779035227281513,0.05008012820512821,1.0,0.0,0.0,1.0,0.5,0.0,0.24935220877729622,0.04724638806021606,0.04660158281834958
0.05,0,610000,mono,matched,0.3,1,50000,2529,47471,2387,0.047790352272814696,0.04774,-5.035227281469795e-05,0.04590561013627559,0.049643878051654045,-0.05277979222133424,0.012695706223349026,True,0.04779035227281467,0.04790293021002296,0.04779035227281513,0.04468169236852511,1.0,0.0,0.0,1.0,0.5,0.0,0.24935220877729622,0.04724638806021606,0.047649875250444375
0.05,0,610000,mono,matched,0.3,2,50000,2469,47531,2415,0.047790352272814696,0.0483,0.000509647727185307,0.04645519367532788,0.05021420847053472,0.5342182118751118,0.012695706223349026,True,0.04779035227281467,0.048620900044181695,0.04779035227281513,0.042122316727420006,1.0,0.0,0.0,1.0,0.5,0.0,0.24935220877729622,0.04724638806021606,0.046988436277611366
0.05,0,610000,mono,matched,0.3,3,50000,2476,47524,2369,0.047790352272814696,0.04738,-0.00041035227281469716,0.0455523437731072,0.04927719972757981,-0.4301356519976168,0.012695706223349026,True,0.04779035227281467,0.0476390876188873,0.04779035227281513,0.04240710823909531,1.0,0.0,0.0,1.0,0.5,0.0,0.24935220877729622,0.04724638806021606,0.04710240259682914
0.05,0,610000,mono,matched,0.3,4,50000,2481,47519,2481,0.049999999999999954,0.04962,-0.00037999999999995676,0.047750914291534566,0.05155828504088428,-0.38987177379231436,0.012695706223349026,True,0.0,0.0,1.0000000000000009,1.0,0.0,0.0,0.0,,0.0,0.05,1.0,0.04750000000000001,0.0471580000000396
0.05,0,610000,mono,matched,0.3,5,50000,2439,47561,2439,0.04999999999999995,0.04878,-0.0012199999999999503,0.046926320788916544,0.050703007606602866,-1.2516935895438377,0.012695706223349026,True,0.0,0.0,1.0000000000000009,1.0,0.0,0.0,0.0,,0.0,0.05,1.0,0.04750000000000001,0.046402000000040015
0.05,0,610000,mono,matched,0.3,6,50000,2465,47535,2465,0.04999999999999995,0.0493,-0.0006999999999999507,0.04743676544183288,0.05123248305748142,-0.7181848464595576,0.012695706223349026,True,0.0,0.0,1.0000000000000009,1.0,0.0,0.0,0.0,,0.0,0.05,1.0,0.0475,0.04687000000003923
0.05,0,610000,mono,matched,0.3,7,50000,2487,47513,2487,0.04999999999999995,0.04974,-0.00025999999999994777,0.04786872576661237,0.051680455128220684,-0.2667543715420866,0.012695706223349026,True,0.0,0.0,1.0000000000000009,1.0,0.0,0.0,0.0,,0.0,0.05,1.0,0.04750000000000001,0.04726600000003973
0.05,0,610000,mono,decoder,0.3,0,50000,2496,47504,2297,0.047790352272814696,0.04594,-0.001850352272814694,0.04413957756897046,0.04781018718274609,-1.939559091102747,0.012695706223349026,True,0.04779035227281467,0.045722465476591444,0.04779035227281513,0.05008012820512821,1.0,0.0,0.0,1.0,0.5,0.0,,0.04724638806021606,0.04660158281834958
0.05,0,610000,mono,decoder,0.3,1,50000,2529,47471,2387,0.047790352272814696,0.04774,-5.035227281469795e-05,0.04590561013627559,0.049643878051654045,-0.05277979222133424,0.012695706223349026,True,0.04779035227281467,0.04790293021002296,0.04779035227281513,0.04468169236852511,1.0,0.0,0.0,1.0,0.5,0.0,,0.04724638806021606,0.047649875250444375
0.05,0,610000,mono,decoder,0.3,2,50000,2469,47531,2415,0.047790352272814696,0.0483,0.000509647727185307,0.04645519367532788,0.05021420847053472,0.5342182118751118,0.012695706223349026,True,0.04779035227281467,0.048620900044181695,0.04779035227281513,0.042122316727420006,1.0,0.0,0.0,1.0,0.5,0.0,,0.04724638806021606,0.046988436277611366
0.05,0,610000,mono,decoder,0.3,3,50000,2476,47524,2369,0.047790352272814696,0.04738,-0.00041035227281469716,0.0455523437731072,0.04927719972757981,-0.4301356519976168,0.012695706223349026,True,0.04779035227281467,0.0476390876188873,0.04779035227281513,0.04240710823909531,1.0,0.0,0.0,1.0,0.5,0.0,,0.04724638806021606,0.04710240259682914
0.05,0,610000,mono,decoder,0.3,4,50000,2481,47519,2481,0.049999999999999954,0.04962,-0.00037999999999995676,0.047750914291534566,0.05155828504088428,-0.38987177379231436,0.012695706223349026,True,0.0,0.0,1.0000000000000009,1.0,0.0,0.0,0.0,,0.45,0.05,,0.04750000000000001,0.0471580000000396
0.05,0,610000,mono,decoder,0.3,5,50000,2439,47561,2439,0.04999999999999995,0.04878,-0.0012199999999999503,0.046926320788916544,0.050703007606602866,-1.2516935895438377,0.012695706223349026,True,0.0,0.0,1.0000000000000009,1.0,0.0,0.0,0.0,,0.45,0.05,,0.04750000000000001,0.046402000000040015
0.05,0,610000,mono,decoder,0.3,6,50000,2465,47535,2465,0.04999999999999995,0.0493,-0.0006999999999999507,0.04743676544183288,0.05123248305748142,-0.7181848464595576,0.012695706223349026,True,0.0,0.0,1.0000000000000009,1.0,0.0,0.0,0.0,,0.45,0.05,,0.0475,0.04687000000003923
0.05,0,610000,mono,decoder,0.3,7,50000,2487,47513,2487,0.04999999999999995,0.04974,-0.00025999999999994777,0.04786872576661237,0.051680455128220684,-0.2667543715420866,0.012695706223349026,True,0.0,0.0,1.0000000000000009,1.0,0.0,0.0,0.0,,0.45,0.05,,0.04750000000000001,0.04726600000003973
0.05,0,610000,mono,matched,0.6,0,50000,2496,47504,10026,0.20232838096364306,0.20052,-0.0018083809636430526,0.19703356245196843,0.20405245161631344,-1.006547919664591,0.012695706223349026,True,0.20232838096364256,0.20063573593802628,0.20232838096364275,0.19831730769230768,1.0,0.0,0.0,1.0,0.5,0.0,0.7066482778577162,0.18754497710894738,0.18486788485392455
0.05,0,610000,mono,matched,0.6,1,50000,2529,47471,10154,0.20232838096364306,0.20308,0.0007516190363569542,0.19957669567609107,0.2066289250570272,0.41835243382639736,0.012695706223349026,True,0.20232838096364256,0.20307134882349223,0.20232838096364275,0.20324238829576907,1.0,0.0,0.0,1.0,0.5,0.0,0.7066482778577162,0.18754497710894738,0.1892717271250715
0.05,0,610000,mono,matched,0.6,2,50000,2469,47531,10029,0.20232838096364306,0.20058,-0.001748380963643048,0.19709316458934564,0.20411284026014334,-0.9731518176296436,0.012695706223349026,True,0.20232838096364256,0.20096358166249395,0.20232838096364275,0.19319562575941676,1.0,0.0,0.0,1.0,0.5,0.0,0.7066482778577162,0.18754497710894738,0.18656607129538907
0.05,0,610000,mono,matched,0.6,3,50000,2476,47524,10134,0.20232838096364306,0.20268,0.0003516190363569427,0.19917931649283258,0.20622636569890498,0.19571175359342463,0.012695706223349026,True,0.20232838096364256,0.2022557023819544,0.20232838096364275,0.21082390953150243,1.0,0.0,0.0,1.0,0.5,0.0,0.7066482778577162,0.18754497710894738,0.18706642469715054
0.05,0,610000,mono,matched,0.6,4,50000,2481,47519,2481,0.049999999999999954,0.04962,-0.00037999999999995676,0.047750914291534566,0.05155828504088428,-0.38987177379231436,0.012695706223349026,True,0.0,0.0,1.0000000000000009,1.0,0.0,0.0,0.0,,0.0,0.05,1.0,0.04750000000000001,0.0471580000000396
0.05,0,610000,mono,matched,0.6,5,50000,2439,47561,2439,0.04999999999999995,0.04878,-0.0012199999999999503,0.046926320788916544,0.050703007606602866,-1.2516935895438377,0.012695706223349026,True,0.0,0.0,1.0000000000000009,1.0,0.0,0.0,0.0,,0.0,0.05,1.0,0.04750000000000001,0.046402000000040015
0.05,0,610000,mono,matched,0.6,6,50000,2465,47535,2465,0.04999999999999995,0.0493,-0.0006999999999999507,0.04743676544183288,0.05123248305748142,-0.7181848464595576,0.012695706223349026,True,0.0,0.0,1.0000000000000009,1.0,0.0,0.0,0.0,,0.0,0.05,1.0,0.0475,0.04687000000003923
0.05,0,610000,mono,matched,0.6,7,50000,2487,47513,2487,0.04999999999999995,0.04974,-0.00025999999999994777,0.04786872576661237,0.051680455128220684,-0.2667543715420866,0.012695706223349026,True,0.0,0.0,1.0000000000000009,1.0,0.0,0.0,0.0,,0.0,0.05,1.0,0.04750000000000001,0.04726600000003973
0.05,0,610000,mono,decoder,0.6,0,50000,2496,47504,10026,0.20232838096364306,0.20052,-0.0018083809636430526,0.19703356245196843,0.20405245161631344,-1.006547919664591,0.012695706223349026,True,0.20232838096364256,0.20063573593802628,0.20232838096364275,0.19831730769230768,1.0,0.0,0.0,1.0,0.5,0.0,,0.18754497710894738,0.18486788485392455
0.05,0,610000,mono,decoder,0.6,1,50000,2529,47471,10154,0.20232838096364306,0.20308,0.0007516190363569542,0.19957669567609107,0.2066289250570272,0.41835243382639736,0.012695706223349026,True,0.20232838096364256,0.20307134882349223,0.20232838096364275,0.20324238829576907,1.0,0.0,0.0,1.0,0.5,0.0,,0.18754497710894738,0.1892717271250715
0.05,0,610000,mono,decoder,0.6,2,50000,2469,47531,10029,0.20232838096364306,0.20058,-0.001748380963643048,0.19709316458934564,0.20411284026014334,-0.9731518176296436,0.012695706223349026,True,0.20232838096364256,0.20096358166249395,0.20232838096364275,0.19319562575941676,1.0,0.0,0.0,1.0,0.5,0.0,,0.18754497710894738,0.18656607129538907
0.05,0,610000,mono,decoder,0.6,3,50000,2476,47524,10134,0.20232838096364306,0.20268,0.0003516190363569427,0.19917931649283258,0.20622636569890498,0.19571175359342463,0.012695706223349026,True,0.20232838096364256,0.2022557023819544,0.20232838096364275,0.21082390953150243,1.0,0.0,0.0,1.0,0.5,0.0,,0.18754497710894738,0.18706642469715054
0.05,0,610000,mono,decoder,0.6,4,50000,2481,47519,2481,0.049999999999999954,0.04962,-0.00037999999999995676,0.047750914291534566,0.05155828504088428,-0.38987177379231436,0.012695706223349026,True,0.0,0.0,1.0000000000000009,1.0,0.0,0.0,0.0,,0.45,0.05,,0.04750000000000001,0.0471580000000396
0.05,0,610000,mono,decoder,0.6,5,50000,2439,47561,2439,0.04999999999999995,0.04878,-0.0012199999999999503,0.046926320788916544,0.050703007606602866,-1.2516935895438377,0.012695706223349026,True,0.0,0.0,1.0000000000000009,1.0,0.0,0.0,0.0,,0.45,0.05,,0.04750000000000001,0.046402000000040015
0.05,0,610000,mono,decoder,0.6,6,50000,2465,47535,2465,0.04999999999999995,0.0493,-0.0006999999999999507,0.04743676544183288,0.05123248305748142,-0.7181848464595576,0.012695706223349026,True,0.0,0.0,1.0000000000000009,1.0,0.0,0.0,0.0,,0.45,0.05,,0.0475,0.04687000000003923
0.05,0,610000,mono,decoder,0.6,7,50000,2487,47513,2487,0.04999999999999995,0.04974,-0.00025999999999994777,0.04786872576661237,0.051680455128220684,-0.2667543715420866,0.012695706223349026,True,0.0,0.0,1.0000000000000009,1.0,0.0,0.0,0.0,,0.45,0.05,,0.04750000000000001,0.04726600000003973
