p,initialization_seed,test_seed,model,detector,sigma,exact_total_error,measured_total_error,measured_total_error_standard_error,exact_mean_feature_error,exact_total_reconstruction_mse,measured_total_reconstruction_mse,matched_total_bound
0.05,0,610000,learned,matched,0.0,0.019999999999999997,0.02108,0.0009169130201877012,0.0024999999999999996,0.10926432628462526,0.10934462720629104,4.46311600937476
0.05,0,610000,learned,decoder,0.0,0.019999999999999997,0.02108,0.0009169130201877012,0.0024999999999999996,0.10926432628462526,0.10934462720629104,
0.05,0,610000,learned,matched,0.05,0.020000000803838354,0.02108,0.0009169130201877012,0.0025000001004797942,0.11750886958258913,0.11740537374073645,4.522929335955963
0.05,0,610000,learned,decoder,0.05,0.1031556697938378,0.10176,0.0015515625011335826,0.012894458724229726,0.11750886958258913,0.11740537374073645,
0.05,0,610000,learned,matched,0.15,0.14403195664248922,0.14332,0.0017833819447956795,0.018003994580311152,0.16737158489541762,0.16668958063718686,4.939037643288132
0.05,0,610000,learned,decoder,0.15,0.1711043371733208,0.17,0.0019217892354463093,0.0213880421466651,0.16737158489541762,0.16668958063718686,
0.05,0,610000,learned,matched,0.3,1.0971221482310487,1.09338,0.004037713409170033,0.1371402685288811,0.31718698801955064,0.3152621565155401,5.826034488547192
0.05,0,610000,learned,decoder,0.3,0.28379077106215994,0.2813,0.002375272413509821,0.03547384638276999,0.31718698801955064,0.3152621565155401,
0.05,0,610000,learned,matched,0.6,2.280035363116255,2.27076,0.0045153724342255975,0.2850044203895319,0.8723540097290625,0.8670067086491419,6.998082107523798
0.05,0,610000,learned,decoder,0.6,1.16003799642301,1.1548,0.004130602914540292,0.14500474955287626,0.8723540097290625,0.8670067086491419,
0.05,0,610000,mono,matched,0.0,0.1999999999999998,0.19743999999999998,0.0019346378949239285,0.024999999999999974,0.19,0.18769600000015857,4.0
0.05,0,610000,mono,decoder,0.0,0.1999999999999998,0.19743999999999998,0.0019346378949239285,0.024999999999999974,0.19,0.18769600000015857,
0.05,0,610000,mono,matched,0.05,0.1999999999999998,0.19743999999999998,0.0019346378949239285,0.024999999999999974,0.19524999999999998,0.19292791055540418,4.0
0.05,0,610000,mono,decoder,0.05,0.1999999999999998,0.19743999999999998,0.0019346378949239285,0.024999999999999974,0.19524999999999998,0.19292791055540418,
0.05,0,610000,mono,matched,0.15,0.20171624133278715,0.19901999999999997,0.0019420340424216149,0.025214530166598394,0.23724999999988455,0.23478319499736888,4.015463680557891
0.05,0,610000,mono,decoder,0.15,0.20171624133278715,0.19901999999999997,0.0019420340424216149,0.025214530166598394,0.23724999999988455,0.23478319499736888,
0.05,0,610000,mono,matched,0.3,0.39116140909125857,0.3868,0.0027202689567879025,0.04889517613640732,0.3789855522408643,0.376038296943393,4.9974088351091845
0.05,0,610000,mono,decoder,0.3,0.39116140909125857,0.3868,0.0027202689567879025,0.04889517613640732,0.3789855522408643,0.376038296943393,
0.05,0,610000,mono,matched,0.6,1.009313523854572,1.0043,0.004092672134352322,0.1261641904818215,0.9401799084357896,0.9354681079716942,6.826593111430865
0.05,0,610000,mono,decoder,0.6,1.009313523854572,1.0043,0.004092672134352322,0.1261641904818215,0.9401799084357896,0.9354681079716942,
