node,parent,lo,hi,midpoint,radius,midpoint_loss,midpoint_gradient,lower_bound,best_upper_after_evaluation,pruned_at_creation
0,,-8.859039415267812,1.0,-3.929519707633906,4.929519707633906,0.4999999780381906,-2.09041772810442e-07,0.0,0.22829286684598538,False
1,0,-8.859039415267812,-3.929519707633906,-6.394279561450859,2.464759853816953,0.5,-1.924938754675976e-21,0.0,0.22829286684598538,False
2,0,-3.929519707633906,1.0,-1.464759853816953,2.464759853816953,0.4454799961954421,-0.14857508326760055,0.0,0.22829286684598538,False
3,1,-8.859039415267812,-6.394279561450859,-7.626659488359335,1.2323799269084765,0.5,-1.2289892005464435e-31,0.0,0.22829286684598538,False
4,1,-6.394279561450859,-3.929519707633906,-5.161899634542383,1.2323799269084765,0.499999999999983,-2.266244048415335e-13,0.0,0.22829286684598538,False
5,2,-3.929519707633906,-1.464759853816953,-2.6971397807254296,1.2323799269084765,0.499715386489771,-0.0016791722454534365,0.0,0.22829286684598538,False
6,2,-1.464759853816953,1.0,-0.23237992690847653,1.2323799269084765,0.234205094491245,0.11143427763996665,0.0,0.22829286684598538,False
7,3,-8.859039415267812,-7.626659488359335,-8.242849451813573,0.6161899634542385,0.5,-1.5592685063022199e-37,0.0,0.22829286684598538,False
8,3,-7.626659488359335,-6.394279561450859,-7.010469524905098,0.616189963454238,0.5,-2.8386599267425665e-26,0.0,0.22829286684598538,False
9,4,-6.394279561450859,-5.161899634542383,-5.778089597996621,0.616189963454238,0.5,-3.8422936581505464e-17,0.0,0.22829286684598538,False
10,4,-5.161899634542383,-3.929519707633906,-4.545709671088145,0.6161899634542385,0.49999999996518874,-3.973245619496909e-10,0.0,0.22829286684598538,False
11,5,-3.929519707633906,-2.6971397807254296,-3.3133297441796676,0.6161899634542383,0.4999956307004634,-3.351905539694125e-05,0.0,0.22829286684598538,False
12,5,-2.6971397807254296,-1.464759853816953,-2.0809498172711915,0.6161899634542383,0.4935723960853081,-0.0272517219803058,0.0,0.22829286684598538,False
13,6,-1.464759853816953,-0.23237992690847653,-0.8485698903627148,0.6161899634542383,0.3103363011376667,-0.25220430930198123,0.0,0.22829286684598538,False
14,6,-0.23237992690847653,1.0,0.38381003654576173,0.6161899634542383,0.5660102285024162,1.0354995128699314,0.0,0.22829286684598538,False
15,7,-8.859039415267812,-8.242849451813573,-8.550944433540693,0.3080949817271197,0.5,-1.1079473054266106e-40,0.3367630098263724,0.22829286684598538,True
16,7,-8.242849451813573,-7.626659488359335,-7.934754470086454,0.3080949817271188,0.5,-1.6140164520090532e-34,0.3367630098263733,0.22829286684598538,True
17,8,-7.626659488359335,-7.010469524905098,-7.3185645066322165,0.3080949817271188,0.5,-6.885246559170414e-29,0.3367630098263733,0.22829286684598538,True
18,8,-7.010469524905098,-6.394279561450859,-6.702374543177978,0.30809498172711924,0.5,-8.614632991326201e-24,0.33676300982637286,0.22829286684598538,True
19,9,-6.394279561450859,-5.778089597996621,-6.08618457972374,0.30809498172711924,0.5,-3.168155019091864e-19,0.33676300982637286,0.22829286684598538,True
20,9,-5.778089597996621,-5.161899634542383,-5.469994616269502,0.3080949817271188,0.4999999999999998,-3.435552883483437e-15,0.3367630098263721,0.22829286684598538,True
21,10,-5.161899634542383,-4.545709671088145,-4.853804652815263,0.30809498172711924,0.499999999999108,-1.1037584270382113e-11,0.33676300982208024,0.22829286684598538,True
22,10,-4.545709671088145,-3.929519707633906,-4.237614689361026,0.30809498172711924,0.49999999898817815,-1.0584965725559921e-08,0.3367630055533762,0.22829286684598538,True
23,11,-3.929519707633906,-3.3133297441796676,-3.621424725906787,0.30809498172711924,0.4999996428585748,-3.066945143274178e-06,0.3367617077745398,0.22829286684598538,True
24,11,-3.3133297441796676,-2.6971397807254296,-3.005234762452549,0.308094981727119,0.4999595774720082,-0.00027382858252704737,0.33663822208625127,0.22829286684598538,True
25,12,-2.6971397807254296,-2.0809498172711915,-2.3890447989983103,0.308094981727119,0.4984628760605429,-0.007767690052710426,0.3328326995620643,0.22829286684598538,True
26,12,-2.0809498172711915,-1.464759853816953,-1.7728548355440723,0.30809498172711924,0.478963900133067,-0.07285213621299727,0.29328153238411486,0.22829286684598538,True
27,13,-1.464759853816953,-0.8485698903627148,-1.1566648720898338,0.30809498172711913,0.38682250128953266,-0.22870884982816636,0.15312146220726627,0.22829286684598538,False
28,13,-0.8485698903627148,-0.23237992690847653,-0.5404749086355957,0.30809498172711913,0.24439393453030148,-0.15057469174615448,0.03476563745457637,0.22829286684598538,False
29,14,-0.23237992690847653,0.38381003654576173,0.0757150548186426,0.30809498172711913,0.3283148484075613,0.5209784679144904,0.0045670066815967966,0.22829286684598538,False
30,14,0.38381003654576173,1.0,0.6919050182728809,0.30809498172711913,0.9724774102113948,1.609888473377972,0.31324186024968176,0.22829286684598538,True
31,29,-0.23237992690847653,0.0757150548186426,-0.07833243604491696,0.15404749086355957,0.2654508627329323,0.3000748013550807,0.17841584496864427,0.22829286684598538,False
32,29,0.0757150548186426,0.38381003654576173,0.22976254568220217,0.15404749086355957,0.4273098456911534,0.7681361073517378,0.2681711581677596,0.22829286684598538,True
33,28,-0.8485698903627148,-0.5404749086355957,-0.6945223994991552,0.15404749086355957,0.27348083326284944,-0.22038137250619444,0.19872238825104596,0.22829286684598538,False
34,28,-0.5404749086355957,-0.23237992690847653,-0.3864274177720361,0.15404749086355957,0.22919672985928646,-0.03984439982802667,0.18224955249665775,0.22829286684598538,False
35,27,-1.464759853816953,-1.1566648720898338,-1.3107123629533934,0.15404749086355962,0.4192890820001508,-0.19124439816915242,0.3490191147763246,0.22829286684598538,True
36,27,-1.1566648720898338,-0.8485698903627148,-1.0026173812262744,0.1540474908635595,0.3495433864656494,-0.25216268234051636,0.26988911041751135,0.22829286684598538,True
37,31,-0.23237992690847653,-0.07833243604491696,-0.15535618147669675,0.07702374543177978,0.24619343819793468,0.20137007461084103,0.22048084894674158,0.22829286684598538,False
38,31,-0.07833243604491696,0.0757150548186426,-0.0013086906131371812,0.07702374543177978,0.29262669931294616,0.4068592485576238,0.25108656423868936,0.22829286684598538,True
39,34,-0.5404749086355957,-0.3864274177720361,-0.46345116320381585,0.07702374543177978,0.23466294261001955,-0.10037598876265534,0.2167292961173124,0.22829286684598538,False
40,34,-0.3864274177720361,-0.23237992690847653,-0.30940367234025634,0.07702374543177978,0.2287865801885722,0.030868998107862238,0.21620662244978894,0.22829286684598538,False
41,33,-0.8485698903627148,-0.6945223994991552,-0.771546144930935,0.07702374543177981,0.29129827947450704,-0.2407262756074538,0.2625543282165889,0.22829286684598538,True
42,33,-0.6945223994991552,-0.5404749086355957,-0.6174986540673755,0.07702374543177976,0.2575943756282292,-0.19048938846664043,0.23271985757673008,0.22829286684598538,True
43,40,-0.3864274177720361,-0.30940367234025634,-0.3479155450561462,0.03851187271588988,0.22831076189721264,-0.005743701777316777,0.22553898321299928,0.22829286684598538,False
44,40,-0.30940367234025634,-0.23237992690847653,-0.27089179962436644,0.038511872715889905,0.23072006015287125,0.06994704197949306,0.2254756906028567,0.22829286684598538,False
45,39,-0.5404749086355957,-0.46345116320381585,-0.5019630359197058,0.038511872715889905,0.23904513658276777,-0.12676877596095526,0.23161245564616298,0.22829286684598538,True
46,39,-0.46345116320381585,-0.3864274177720361,-0.424939290487926,0.03851187271588988,0.23134700925288362,-0.07139683872141137,0.22604680531528043,0.22829286684598538,False
47,37,-0.23237992690847653,-0.15535618147669675,-0.19386805419258663,0.03851187271588989,0.2393332459699138,0.15526602376797827,0.23080308265301175,0.22829286684598538,True
48,37,-0.15535618147669675,-0.07833243604491696,-0.11684430876080686,0.03851187271588989,0.25487168555561057,0.24966772544363564,0.24270593591961223,0.22829286684598538,True
49,44,-0.30940367234025634,-0.27089179962436644,-0.29014773598231136,0.019255936357944953,0.22956519344717816,0.0501031501053472,0.22796276588355519,0.22829286684598538,False
50,44,-0.27089179962436644,-0.23237992690847653,-0.2516358632664215,0.019255936357944953,0.2322628519317499,0.09039336514521648,0.22988459855147128,0.22829286684598538,True
51,43,-0.3864274177720361,-0.3479155450561462,-0.36717148141409117,0.019255936357944953,0.2285895820150794,-0.023110571004751765,0.2275069218367543,0.22829286684598538,False
52,43,-0.3479155450561462,-0.30940367234025634,-0.32865960869820127,0.019255936357944925,0.2283724133989166,0.012251330571398253,0.22749885806327177,0.22829286684598538,False
53,46,-0.46345116320381585,-0.424939290487926,-0.4441952268458709,0.019255936357944925,0.23286546944636466,-0.08620917995369233,0.2305677864698439,0.22829286684598538,True
54,46,-0.424939290487926,-0.3864274177720361,-0.405683354129981,0.019255936357944953,0.23011997409906476,-0.05594098823668208,0.22840513349591682,0.22829286684598538,True
55,52,-0.3479155450561462,-0.32865960869820127,-0.3382875768771737,0.009627968178972462,0.228298273471003,0.0031756245739076733,0.2281082875344416,0.22829286684598538,False
56,52,-0.32865960869820127,-0.30940367234025634,-0.31903164051922883,0.009627968178972462,0.22853468390750278,0.021482705099075065,0.22816843798219516,0.22829286684598538,False
57,51,-0.3864274177720361,-0.36717148141409117,-0.37679944959306366,0.009627968178972462,0.22885287753357766,-0.03155689414396941,0.22838963763671685,0.22829286684598538,True
58,51,-0.36717148141409117,-0.3479155450561462,-0.3575435132351187,0.00962796817897249,0.22840836979535406,-0.014505977179391352,0.2281092955844505,0.22829286684598538,False
59,49,-0.30940367234025634,-0.29014773598231136,-0.29977570416128385,0.00962796817897249,0.2291295900286558,0.040409421512729096,0.2285811182799851,0.22829286684598538,True
60,49,-0.29014773598231136,-0.27089179962436644,-0.28051976780333887,0.009627968178972462,0.23009486234348658,0.05994932248113788,0.22935826105007176,0.22829286684598538,True
61,55,-0.3479155450561462,-0.3382875768771737,-0.34310156096665995,0.004813984089486245,0.2282937832934881,-0.0013036289572340848,0.2282476548626255,0.22829286684598538,False
62,55,-0.3382875768771737,-0.32865960869820127,-0.3334735927876875,0.004813984089486217,0.2283244208410595,0.0076939736387324,0.22824752939257384,0.22829286684598538,False
63,58,-0.36717148141409117,-0.3575435132351187,-0.3623574973246049,0.004813984089486245,0.22848862029600103,-0.01882802209132073,0.22835812971541303,0.22829286684598538,True
64,58,-0.3575435132351187,-0.3479155450561462,-0.35272952914563244,0.004813984089486245,0.22834902046687616,-0.010144511224522465,0.22826033216944183,0.22829286684598538,False
65,56,-0.32865960869820127,-0.31903164051922883,-0.323845624608715,0.004813984089486217,0.22844243871187636,0.01684760524497149,0.22832148182647724,0.22829286684598538,True
66,56,-0.31903164051922883,-0.30940367234025634,-0.3142176564297426,0.004813984089486245,0.22864933566197465,0.026156535167798593,0.2284835657360369,0.22829286684598538,True
67,62,-0.3382875768771737,-0.3334735927876875,-0.3358805848324306,0.002406992044743095,0.22830862824736864,0.0054299175857208115,0.22828559528273523,0.22829286684598538,False
68,62,-0.3334735927876875,-0.32865960869820127,-0.33106660074294436,0.0024069920447431226,0.22834567473838757,0.009967781697159402,0.2283117191709378,0.22829286684598538,True
69,61,-0.3479155450561462,-0.34310156096665995,-0.34550855301140304,0.0024069920447431226,0.22829960078932507,-0.0035285681817953593,0.22828114435758118,0.22829286684598538,False
70,61,-0.34310156096665995,-0.3382875768771737,-0.34069456892191685,0.0024069920447431226,0.22829333299927368,0.0009311054843980648,0.22828112863957895,0.22829286684598538,False
71,64,-0.3575435132351187,-0.35272952914563244,-0.35513652119037553,0.0024069920447431226,0.22837607062667875,-0.012330167045927577,0.22833642881648789,0.22829286684598538,True
72,64,-0.35272952914563244,-0.3479155450561462,-0.35032253710088934,0.0024069920447431226,0.22832724300270751,-0.007949019489894016,0.22829814657983086,0.22829286684598538,True
73,70,-0.34310156096665995,-0.34069456892191685,-0.3418980649442884,0.0012034960223715474,0.22829288577281168,-0.00018748548165239964,0.22829016933498,0.22829286684598538,False
74,70,-0.34069456892191685,-0.3382875768771737,-0.3394910728995453,0.0012034960223715752,0.22829512791762205,0.0020521426148613006,0.22829016737234747,0.22829286684598538,False
75,69,-0.3479155450561462,-0.34550855301140304,-0.3467120490337746,0.0012034960223715752,0.22830451486708675,-0.004637361327769471,0.22829644302137422,0.22829286684598538,True
76,69,-0.34550855301140304,-0.34310156096665995,-0.34430505698903147,0.0012034960223715474,0.22829602261496465,-0.0024173236260914555,0.2282906225757956,0.22829286684598538,False
77,67,-0.3382875768771737,-0.3358805848324306,-0.3370840808548021,0.0012034960223715474,0.2283027726009493,0.0043015500159601094,0.22829510490281482,0.22829286684598538,True
78,67,-0.3358805848324306,-0.3334735927876875,-0.3346770888100591,0.0012034960223715474,0.2283158433485314,0.006560725918198007,0.22830545674118471,0.22829286684598538,True
79,74,-0.34069456892191685,-0.3394910728995453,-0.34009282091073106,0.0006017480111857876,0.2282940618129777,0.0014913183623387338,0.22829254171441907,0.22829286684598538,False
80,74,-0.3394910728995453,-0.3382875768771737,-0.3388893248883595,0.0006017480111857876,0.22829653168104966,0.0026135780746820367,0.22829433626494108,0.22829286684598538,True
81,73,-0.34310156096665995,-0.3418980649442884,-0.34249981295547416,0.0006017480111857598,0.2282931666238666,-0.0007458632382478098,0.2282920951014463,0.22829286684598538,False
82,73,-0.3418980649442884,-0.34069456892191685,-0.34129631693310264,0.0006017480111857876,0.22829294110856624,0.00037150414771332935,0.22829209485598415,0.22829286684598538,False
83,76,-0.34550855301140304,-0.34430505698903147,-0.34490680500021725,0.0006017480111857876,0.22829764452984033,-0.0029732522493548727,0.22829523268051247,0.22829286684598538,True
84,76,-0.34430505698903147,-0.34310156096665995,-0.34370330897784573,0.0006017480111857598,0.22829473541333423,-0.0018607824743858067,0.22829299299048095,0.22829286684598538,True
85,82,-0.3418980649442884,-0.34129631693310264,-0.34159719093869556,0.0003008740055928938,0.22829287139432658,9.193285926050593e-05,0.22829268805819394,0.22829286684598538,False
86,82,-0.34129631693310264,-0.34069456892191685,-0.3409954429275097,0.0003008740055928938,0.22829309496154582,0.0006512283630055182,0.22829274334793467,0.22829286684598538,False
87,81,-0.34310156096665995,-0.34249981295547416,-0.342800686961067,0.0003008740055928938,0.2282934330043756,-0.0010248226127205148,0.22829296898596607,0.22829286684598538,True
88,81,-0.34249981295547416,-0.3418980649442884,-0.3421989389498813,0.00030087400559286603,0.2282929841980009,-0.00046675085436316543,0.22829268808887673,0.22829286684598538,False
89,79,-0.34069456892191685,-0.34009282091073106,-0.340393694916324,0.0003008740055928938,0.22829365526775242,0.0012111354911141653,0.22829313519264088,0.22829286684598538,True
90,79,-0.34009282091073106,-0.3394910728995453,-0.33979194690513814,0.0003008740055928938,0.22829455268093982,0.0017716540772182224,0.22829386396035606,0.22829286684598538,True
91,85,-0.3418980649442884,-0.34159719093869556,-0.341747627941492,0.00015043700279643302,0.22829286807485472,-4.77954309306694e-05,0.22829282196492207,0.22829286684598538,False
92,85,-0.34159719093869556,-0.34129631693310264,-0.34144675393589907,0.00015043700279646077,0.22829289573697967,0.00023169938633740839,0.22829282196108716,0.22829286684598538,False
93,88,-0.34249981295547416,-0.3421989389498813,-0.3423493759526777,0.00015043700279643302,0.22829306491372608,-0.0006063261711962628,0.2282929347801029,0.22829286684598538,True
94,88,-0.3421989389498813,-0.3418980649442884,-0.34204850194708486,0.00015043700279643302,0.22829292448244493,-0.00032713729032299993,0.2282928363491602,0.22829286684598538,False
95,86,-0.34129631693310264,-0.3409954429275097,-0.3411458799303062,0.00015043700279646077,0.2282930075148379,0.0005113471407997561,0.22829289166957537,0.22829286684598538,True
96,86,-0.3409954429275097,-0.34069456892191685,-0.3408450059247133,0.00015043700279643302,0.22829320345444096,0.000791147811736892,0.22829304551680413,0.22829286684598538,True
97,92,-0.34159719093869556,-0.34144675393589907,-0.3415219724372973,7.521850139824426e-05,0.22829288093739594,0.00016181134334986025,0.22829285903550636,0.22829286684598538,False
98,92,-0.34144675393589907,-0.34129631693310264,-0.34137153543450083,7.521850139821651e-05,0.2282929157937968,0.0003015969878997493,0.22829288337744053,0.22829286684598538,True
99,91,-0.3418980649442884,-0.341747627941492,-0.3418228464428902,7.521850139821651e-05,0.22829287429701417,-0.00011764523638668756,0.22829285571723298,0.22829286684598538,False
100,91,-0.341747627941492,-0.34159719093869556,-0.3416724094400938,7.521850139821651e-05,0.2282928671070524,2.2063934392628493e-05,0.2282928557167535,0.22829286684598538,False
101,94,-0.3421989389498813,-0.34204850194708486,-0.34212372044848305,7.521850139821651e-05,0.2282929517148421,-0.0003969488530829318,0.22829291212626143,0.22829286684598538,True
102,94,-0.34204850194708486,-0.3418980649442884,-0.34197328344568667,7.521850139821651e-05,0.22829290250152834,-0.00025731616640531363,0.2282928734159091,0.22829286684598538,True
103,100,-0.341747627941492,-0.3416724094400938,-0.34171001869079287,3.7609250699094376e-05,0.22829286693411396,-1.2866943232284211e-05,0.22829286401677715,0.22829286684598538,False
104,100,-0.3416724094400938,-0.34159719093869556,-0.3416348001893947,3.760925069912213e-05,0.22829286859375997,5.6997201903698225e-05,0.2282928640167172,0.22829286684598538,False
105,99,-0.3418980649442884,-0.3418228464428902,-0.3418604556935893,3.760925069912213e-05,0.22829287937825318,-0.00015256655406346853,0.22829287120691868,0.22829286684598538,True
106,99,-0.3418228464428902,-0.341747627941492,-0.3417852371921911,3.7609250699094376e-05,0.2282928705291847,-8.272152866230231e-05,0.22829286498466927,0.22829286684598538,False
