p,initialization_seed,test_seed,sigma,detector,exact_learned_minus_mono,measured_learned_minus_mono,paired_standard_error,paired_normal95_low,paired_normal95_high
0.05,0,610000,0.0,matched,-0.1799999999999998,-0.17636,0.001940210889662752,-0.1801627434661514,-0.17255725653384857
0.05,0,610000,0.0,decoder,-0.1799999999999998,-0.17636,0.001940210889662752,-0.1801627434661514,-0.17255725653384857
0.05,0,610000,0.05,matched,-0.17999999919616144,-0.17636,0.001940210889662752,-0.1801627434661514,-0.17255725653384857
0.05,0,610000,0.05,decoder,-0.09684433020616198,-0.09568,0.00195145661382935,-0.09950478468049802,-0.09185521531950198
0.05,0,610000,0.15,matched,-0.05768428469029793,-0.0557,0.002503133139389567,-0.06060605080171223,-0.050793949198287766
0.05,0,610000,0.15,decoder,-0.030611904159466352,-0.02902,0.001988878051746284,-0.032918129351064904,-0.025121870648935094
0.05,0,610000,0.3,matched,0.7059607391397902,0.70658,0.004274536174275532,0.6982020630478063,0.7149579369521937
0.05,0,610000,0.3,decoder,-0.10737063802909863,-0.1055,0.00275193503973645,-0.11089369356567724,-0.10010630643432275
0.05,0,610000,0.6,matched,1.270721839261683,1.26646,0.005559514325189804,1.2555635521510935,1.2773564478489063
0.05,0,610000,0.6,decoder,0.15072447256843802,0.1505,0.00472929617647769,0.14123074982188075,0.15976925017811924
0.05,1,610001,0.0,matched,-0.1799999999999998,-0.18058,0.0019621147443219006,-0.18442567423240594,-0.17673432576759404
0.05,1,610001,0.0,decoder,-0.1799999999999998,-0.18058,0.0019621147443219006,-0.18442567423240594,-0.17673432576759404
0.05,1,610001,0.05,matched,-0.17999999926628785,-0.18058,0.0019621147443219006,-0.18442567423240594,-0.17673432576759404
0.05,1,610001,0.05,decoder,-0.0970527904017785,-0.09712,0.001990033496367921,-0.10102039398090945,-0.09321960601909055
0.05,1,610001,0.15,matched,-0.05781965688627341,-0.05912,0.0025398869133311133,-0.06409808687493358,-0.05414191312506641
0.05,1,610001,0.15,decoder,-0.030722357691249924,-0.03024,0.0020020467057039995,-0.0341639394385469,-0.0263160605614531
0.05,1,610001,0.3,matched,0.7058727526233981,0.69888,0.004300570288937992,0.6904510371206984,0.7073089628793015
0.05,1,610001,0.3,decoder,-0.10735572721351189,-0.10756,0.002809977730783102,-0.11306745514969448,-0.10205254485030553
0.05,1,610001,0.6,matched,1.2707091277084788,1.266,0.005618959997564414,1.2549870407742025,1.2770129592257975
0.05,1,610001,0.6,decoder,0.15098471738466435,0.1464,0.004836094349386819,0.13692142924936418,0.15587857075063583
0.05,2,610002,0.0,matched,-0.1799999999999998,-0.17952,0.0019525182812339481,-0.1833468655103746,-0.17569313448962542
0.05,2,610002,0.0,decoder,-0.1799999999999998,-0.17952,0.0019525182812339481,-0.1833468655103746,-0.17569313448962542
0.05,2,610002,0.05,matched,-0.1799999992847552,-0.17952,0.0019525182812339481,-0.1833468655103746,-0.17569313448962542
0.05,2,610002,0.05,decoder,-0.0971401326396631,-0.09778,0.001973134383965254,-0.10164727232922953,-0.09391272767077048
0.05,2,610002,0.15,matched,-0.05786721408007256,-0.05728,0.0025227182391512303,-0.06222443689187871,-0.052335563108121284
0.05,2,610002,0.15,decoder,-0.030627757906188824,-0.03014,0.002005769695214634,-0.034071236363902566,-0.026208763636097435
0.05,2,610002,0.3,matched,0.7058329095446878,0.70446,0.004300359523323672,0.6960314502137117,0.7128885497862882
0.05,2,610002,0.3,decoder,-0.10741196147237392,-0.10776,0.002782644517398909,-0.11321388303587969,-0.1023061169641203
0.05,2,610002,0.6,matched,1.2706948681238,1.26848,0.005632104775666384,1.2574412774825379,1.2795187225174622
0.05,2,610002,0.6,decoder,0.15069288123123092,0.15202,0.004834983550470328,0.14254360637523456,0.16149639362476542
0.15,0,611000,0.0,matched,-0.42,-0.42526,0.003331020948900088,-0.43178868109159263,-0.4187313189084074
0.15,0,611000,0.0,decoder,-0.42,-0.42526,0.003331020948900088,-0.43178868109159263,-0.4187313189084074
0.15,0,611000,0.05,matched,-0.41999494823879246,-0.42526,0.003331020948900088,-0.43178868109159263,-0.4187313189084074
0.15,0,611000,0.05,decoder,-0.41631540458982863,-0.42102,0.00332882333765195,-0.4275443738526942,-0.4144956261473058
0.15,0,611000,0.15,matched,-0.13972044429500802,-0.1461,0.004162720548493172,-0.15425878235275145,-0.13794121764724857
0.15,0,611000,0.15,decoder,-0.24091756634107242,-0.24326,0.0034157758706472485,-0.24995479768572956,-0.23656520231427045
0.15,0,611000,0.3,matched,0.6014135803111909,0.5967,0.005527530485837725,0.5858662393243109,0.6075337606756891
0.15,0,611000,0.3,decoder,-0.11908345146128552,-0.12072,0.003974223134272963,-0.1285093342097009,-0.11293066579029909
0.15,0,611000,0.6,matched,0.9581723650071585,0.96138,0.006530315674793697,0.948580816469727,0.974179183530273
0.15,0,611000,0.6,decoder,0.16857282910376048,0.16646,0.005672077645563074,0.15534293209718164,0.17757706790281835
0.15,1,611001,0.0,matched,-0.42,-0.42214,0.0033528169105432395,-0.42871140039142164,-0.4155685996085784
0.15,1,611001,0.0,decoder,-0.42,-0.42214,0.0033528169105432395,-0.42871140039142164,-0.4155685996085784
0.15,1,611001,0.05,matched,-0.41999766870077043,-0.42214,0.0033528169105432395,-0.42871140039142164,-0.4155685996085784
0.15,1,611001,0.05,decoder,-0.417220428880934,-0.41918,0.003352609036518728,-0.42575099296582025,-0.41260900703417974
0.15,1,611001,0.15,matched,-0.143045396084013,-0.14722,0.004161066176046041,-0.15537553984233804,-0.13906446015766194
0.15,1,611001,0.15,decoder,-0.24207784519665165,-0.2437,0.003443957522512195,-0.2504500327084097,-0.2369499672915903
0.15,1,611001,0.3,matched,0.6000904886250542,0.59728,0.005543802549418056,0.5864143466657393,0.6081456533342607
0.15,1,611001,0.3,decoder,-0.11986311305028474,-0.1216,0.004070945866995168,-0.12957890728232271,-0.11362109271767729
0.15,1,611001,0.6,matched,0.9578866041922529,0.95676,0.006732214531805269,0.9435651019814646,0.9699548980185355
0.15,1,611001,0.6,decoder,0.16844271038742153,0.16572,0.005869465618310826,0.15421605877961467,0.17722394122038534
0.15,2,611002,0.0,matched,-0.42,-0.4174,0.0033499506329772786,-0.4239657825906226,-0.41083421740937737
0.15,2,611002,0.0,decoder,-0.42,-0.4174,0.0033499506329772786,-0.4239657825906226,-0.41083421740937737
0.15,2,611002,0.05,matched,-0.4199976488535006,-0.4174,0.0033499506329772786,-0.4239657825906226,-0.41083421740937737
0.15,2,611002,0.05,decoder,-0.41722330403744445,-0.41488,0.0033503606089978146,-0.42144658612885744,-0.4083134138711426
0.15,2,611002,0.15,matched,-0.14299518475409423,-0.14066,0.004178258542130788,-0.14884923626067317,-0.13247076373932684
0.15,2,611002,0.15,decoder,-0.2419153569770645,-0.23962,0.0034330570676317914,-0.246348668209429,-0.232891331790571
0.15,2,611002,0.3,matched,0.6001096200335478,0.60396,0.005530900305118843,0.5931196345998855,0.6148003654001146
0.15,2,611002,0.3,decoder,-0.11986188538705322,-0.11172,0.00410310974045185,-0.11976194731590112,-0.10367805268409888
0.15,2,611002,0.6,matched,0.9578887139113963,0.95504,0.0066912829437521665,0.9419253264198786,0.9681546735801214
0.15,2,611002,0.6,decoder,0.16825815126834454,0.17558,0.0058559814824145785,0.16410248720033396,0.18705751279966606
0.3,0,612000,0.0,matched,-0.4800000000000004,-0.4741,0.004763343110542402,-0.48343598094267015,-0.4647640190573299
0.3,0,612000,0.0,decoder,-0.4800000000000004,-0.4741,0.004763343110542402,-0.48343598094267015,-0.4647640190573299
0.3,0,612000,0.05,matched,-0.45421644961830054,-0.44812,0.00481200918750665,-0.4575513647007889,-0.43868863529921115
0.3,0,612000,0.05,decoder,-0.47999998227210194,-0.4741,0.004763343110542402,-0.48343598094267015,-0.4647640190573299
0.3,0,612000,0.15,matched,0.0878594113137019,0.09344,0.005949158526862733,0.08177986354902968,0.10510013645097031
0.3,0,612000,0.15,decoder,-0.4299235176506162,-0.4236,0.004841376826749966,-0.43308892421601675,-0.4141110757839832
0.3,0,612000,0.3,matched,0.4078240047869923,0.41386,0.006617588220604026,0.4008897654230996,0.4268302345769004
0.3,0,612000,0.3,decoder,-0.0853239801305361,-0.08086,0.005582746326776005,-0.09180198173530425,-0.06991801826469575
0.3,0,612000,0.6,matched,0.4381020323286151,0.4489,0.0073945432168179065,0.434406961612912,0.46339303838708806
0.3,0,612000,0.6,decoder,0.12902262257156183,0.14066,0.006752540797666053,0.12742526323243716,0.15389473676756285
0.3,1,612001,0.0,matched,-0.4800000000000003,-0.4751,0.004761601963317087,-0.48443256835681675,-0.4657674316431833
0.3,1,612001,0.0,decoder,-0.4800000000000003,-0.4751,0.004761601963317087,-0.48443256835681675,-0.4657674316431833
0.3,1,612001,0.05,matched,-0.4701295627714289,-0.46356,0.004786763080623042,-0.4729418832405472,-0.45417811675945285
0.3,1,612001,0.05,decoder,-0.47999999996702525,-0.4751,0.004761601963317087,-0.48443256835681675,-0.4657674316431833
0.3,1,612001,0.15,matched,0.07449926594898648,0.08072,0.005896980678247334,0.06916213025310665,0.09227786974689335
0.3,1,612001,0.15,decoder,-0.4366239079323164,-0.431,0.004841616344256997,-0.4404893936617042,-0.4215106063382958
0.3,1,612001,0.3,matched,0.40318618971082887,0.41228,0.006593555454492715,0.39935686877912663,0.42520313122087333
0.3,1,612001,0.3,decoder,-0.09190231769448864,-0.08566,0.005597774020937233,-0.09663143547463093,-0.07468856452536907
0.3,1,612001,0.6,matched,0.4354764599745491,0.4436,0.007544263987850794,0.4288135142939499,0.45838648570605006
0.3,1,612001,0.6,decoder,0.1268534975813238,0.12644,0.006941672872186162,0.1128345711780564,0.1400454288219436
0.3,2,612002,0.0,matched,-0.4800000000000004,-0.4885,0.004779561892499948,-0.49786776917118,-0.47913223082882
0.3,2,612002,0.0,decoder,-0.4800000000000004,-0.4885,0.004779561892499948,-0.49786776917118,-0.47913223082882
0.3,2,612002,0.05,matched,-0.470405601741565,-0.47876,0.00479852454039315,-0.48816493527810223,-0.4693550647218978
0.3,2,612002,0.05,decoder,-0.4799999999829514,-0.4885,0.004779561892499948,-0.49786776917118,-0.47913223082882
0.3,2,612002,0.15,matched,0.07425700947558278,0.06902,0.005923936752914657,0.057409297317594116,0.08063070268240588
0.3,2,612002,0.15,decoder,-0.4367508853735488,-0.44432,0.004855931049070514,-0.453837449967588,-0.43480255003241197
0.3,2,612002,0.3,matched,0.4031042508314957,0.40004,0.006647724709468364,0.38701069899030505,0.41306930100969497
0.3,2,612002,0.3,decoder,-0.09202018508947152,-0.09428,0.005612241582212187,-0.10527979137367398,-0.08328020862632603
0.3,2,612002,0.6,matched,0.4354330853907915,0.434,0.007464448697652573,0.41936994938815403,0.44863005061184597
0.3,2,612002,0.6,decoder,0.1268165663301537,0.12124,0.006849274085558994,0.10781566947206087,0.13466433052793914
0.5,0,613000,0.0,matched,-0.65625,-0.6725,0.00675693629715143,-0.6857433517882482,-0.6592566482117518
0.5,0,613000,0.0,decoder,-0.640625,-0.65756,0.006748066956999843,-0.6707859682009846,-0.6443340317990155
0.5,0,613000,0.05,matched,-0.6201647314633045,-0.63624,0.006819509026467172,-0.6496059920841215,-0.6228740079158785
0.5,0,613000,0.05,decoder,-0.6172483063752943,-0.63198,0.006775466310954149,-0.6452596699479346,-0.6187003300520654
0.5,0,613000,0.15,matched,-0.4969414834798005,-0.5135,0.006833600000130183,-0.526893609885008,-0.5001063901149919
0.5,0,613000,0.15,decoder,-0.4939771723452844,-0.5089,0.006785700900771731,-0.5221997293753736,-0.4956002706246264
0.5,0,613000,0.3,matched,-0.348127082741162,-0.36364,0.0070162314356120815,-0.37739156092099746,-0.3498884390790026
0.5,0,613000,0.3,decoder,-0.34618163857305184,-0.36222,0.006965206652646732,-0.37587155418406637,-0.3485684458159336
0.5,0,613000,0.6,matched,-0.31812554097035584,-0.33376,0.007708727115255458,-0.34886882751254805,-0.31865117248745195
0.5,0,613000,0.6,decoder,-0.3174632123753902,-0.33176,0.007660488216138329,-0.3467742810076246,-0.3167457189923754
0.5,1,613001,0.0,matched,-0.671875,-0.67484,0.006597688237390544,-0.687771231326509,-0.661908768673491
0.5,1,613001,0.0,decoder,-0.68359375,-0.6876,0.006460105220442558,-0.7002615735684066,-0.6749384264315934
0.5,1,613001,0.05,matched,-0.6479014754924388,-0.64904,0.006592344859624302,-0.6619607584985313,-0.6361192415014686
0.5,1,613001,0.05,decoder,-0.6419381902188874,-0.64352,0.006503175072049064,-0.6562659889263748,-0.6307740110736252
0.5,1,613001,0.15,matched,-0.49698433420163957,-0.50028,0.006775375749457069,-0.5135594924506619,-0.487000507549338
0.5,1,613001,0.15,decoder,-0.49351877103710917,-0.49626,0.006664278543111026,-0.5093217459274406,-0.4831982540725593
0.5,1,613001,0.3,matched,-0.34746174001965624,-0.35212,0.007067590050970881,-0.36597222195739654,-0.33826777804260344
0.5,1,613001,0.3,decoder,-0.34524609983505394,-0.35044,0.006979341684729803,-0.3641192583378695,-0.33676074166213044
0.5,1,613001,0.6,matched,-0.3189400590546523,-0.33508,0.007983314007231006,-0.3507270079314469,-0.3194329920685531
0.5,1,613001,0.6,decoder,-0.31819849790465327,-0.33102,0.007939053833015321,-0.34658025958403466,-0.3154597404159653
0.5,2,613002,0.0,matched,-0.6328125,-0.63488,0.006647904301705319,-0.6479096530040114,-0.6218503469959886
0.5,2,613002,0.0,decoder,-0.62109375,-0.62358,0.006702735128674272,-0.636717119450113,-0.610442880549887
0.5,2,613002,0.05,matched,-0.6220040646921869,-0.6232,0.006591547934293082,-0.6361191965535838,-0.6102808034464161
0.5,2,613002,0.05,decoder,-0.6172495055400855,-0.61742,0.006629051950210918,-0.6304127030740584,-0.6044272969259415
0.5,2,613002,0.15,matched,-0.4912777652999156,-0.49404,0.00667677925017917,-0.5071262468630755,-0.48095375313692446
0.5,2,613002,0.15,decoder,-0.4874987206844268,-0.49164,0.006683673812949938,-0.5047397599577954,-0.47854024004220463
0.5,2,613002,0.3,matched,-0.3359144029948631,-0.33496,0.006940273720537708,-0.3485626865351037,-0.32135731346489627
0.5,2,613002,0.3,decoder,-0.3334437364638685,-0.33264,0.006926526701272642,-0.3462157428724494,-0.3190642571275506
0.5,2,613002,0.6,matched,-0.3009821320339734,-0.29616,0.007585336896586512,-0.3110269871279124,-0.2812930128720876
0.5,2,613002,0.6,decoder,-0.3001627698893632,-0.2973,0.007563504368476735,-0.3121241961591258,-0.28247580384087423
