p,sigma,pair_amplitude,model,feature,exact_error,measured_error,absolute_mc_minus_exact,familywise_hoeffding_tolerance,within_familywise_tolerance
0.05,0.0,0.7071067811865475,pair,0,0.0025000000000000005,0.00272,0.0002199999999999997,0.00897721996248235,True
0.05,0.0,0.7071067811865475,pair,1,0.0025000000000000005,0.00272,0.0002199999999999997,0.00897721996248235,True
0.05,0.0,0.7071067811865475,mono,0,0.0,0.0,0.0,0.00897721996248235,True
0.05,0.0,0.7071067811865475,mono,1,0.05,0.05087,0.0008699999999999958,0.00897721996248235,True
0.05,0.05,0.7071067811865475,pair,0,0.0025000000007283723,0.00272,0.00021999999927162792,0.00897721996248235,True
0.05,0.05,0.7071067811865475,pair,1,0.0025000000007283723,0.00272,0.00021999999927162792,0.00897721996248235,True
0.05,0.05,0.7071067811865475,mono,0,7.619853024160471e-24,0.0,7.619853024160471e-24,0.00897721996248235,True
0.05,0.05,0.7071067811865475,mono,1,0.05,0.05087,0.0008699999999999958,0.00897721996248235,True
0.05,0.3,0.7071067811865475,pair,0,0.1155430179990756,0.11563,8.698200092439878e-05,0.00897721996248235,True
0.05,0.3,0.7071067811865475,pair,1,0.1155430179990756,0.11687,0.0013269820009244038,0.00897721996248235,True
0.05,0.3,0.7071067811865475,mono,0,0.0477903522728147,0.04826,0.00046964772718529474,0.00897721996248235,True
0.05,0.3,0.7071067811865475,mono,1,0.05,0.05087,0.0008699999999999958,0.00897721996248235,True
0.05,0.8,0.7071067811865475,pair,0,0.31887055285405247,0.31774,0.0011305528540524468,0.00897721996248235,True
0.05,0.8,0.7071067811865475,pair,1,0.31887055285405247,0.32036,0.001489447145947509,0.00897721996248235,True
0.05,0.8,0.7071067811865475,mono,0,0.26598552904870054,0.26628,0.00029447095129947476,0.00897721996248235,True
0.05,0.8,0.7071067811865475,mono,1,0.05,0.05087,0.0008699999999999958,0.00897721996248235,True
0.05,0.0,1.0,pair,0,0.0025000000000000005,0.00272,0.0002199999999999997,0.00897721996248235,True
0.05,0.0,1.0,pair,1,0.0025000000000000005,0.00272,0.0002199999999999997,0.00897721996248235,True
0.05,0.0,1.0,mono,0,0.0,0.0,0.0,0.00897721996248235,True
0.05,0.0,1.0,mono,1,0.05,0.05087,0.0008699999999999958,0.00897721996248235,True
0.05,0.05,1.0,pair,0,0.0025000000000000005,0.00272,0.0002199999999999997,0.00897721996248235,True
0.05,0.05,1.0,pair,1,0.0025000000000000005,0.00272,0.0002199999999999997,0.00897721996248235,True
0.05,0.05,1.0,mono,0,7.619853024160471e-24,0.0,7.619853024160471e-24,0.00897721996248235,True
0.05,0.05,1.0,mono,1,0.05,0.05087,0.0008699999999999958,0.00897721996248235,True
0.05,0.3,1.0,pair,0,0.04778137239444159,0.04861,0.0008286276055584074,0.00897721996248235,True
0.05,0.3,1.0,pair,1,0.04778137239444159,0.04783,4.862760555840451e-05,0.00897721996248235,True
0.05,0.3,1.0,mono,0,0.0477903522728147,0.04826,0.00046964772718529474,0.00897721996248235,True
0.05,0.3,1.0,mono,1,0.05,0.05087,0.0008699999999999958,0.00897721996248235,True
0.05,0.8,1.0,pair,0,0.25596511595749366,0.25585,0.0001151159574936389,0.00897721996248235,True
0.05,0.8,1.0,pair,1,0.2559651159574937,0.25751,0.0015448840425063004,0.00897721996248235,True
0.05,0.8,1.0,mono,0,0.26598552904870054,0.26628,0.00029447095129947476,0.00897721996248235,True
0.05,0.8,1.0,mono,1,0.05,0.05087,0.0008699999999999958,0.00897721996248235,True
0.2,0.0,0.7071067811865475,pair,0,0.04000000000000001,0.04017,0.0001699999999999896,0.00897721996248235,True
0.2,0.0,0.7071067811865475,pair,1,0.04000000000000001,0.04017,0.0001699999999999896,0.00897721996248235,True
0.2,0.0,0.7071067811865475,mono,0,0.0,0.0,0.0,0.00897721996248235,True
0.2,0.0,0.7071067811865475,mono,1,0.20000000000000004,0.20059,0.0005899999999999517,0.00897721996248235,True
0.2,0.05,0.7071067811865475,pair,0,0.04000000000058425,0.04017,0.00016999999941574861,0.00897721996248235,True
0.2,0.05,0.7071067811865475,pair,1,0.04000000000058425,0.04017,0.00016999999941574861,0.00897721996248235,True
0.2,0.05,0.7071067811865475,mono,0,7.619853024160471e-24,0.0,7.619853024160471e-24,0.00897721996248235,True
0.2,0.05,0.7071067811865475,mono,1,0.20000000000000004,0.20059,0.0005899999999999517,0.00897721996248235,True
0.2,0.3,0.7071067811865475,pair,0,0.1306978313016411,0.12997,0.0007278313016410853,0.00897721996248235,True
0.2,0.3,0.7071067811865475,pair,1,0.1306978313016411,0.13168,0.000982168698358904,0.00897721996248235,True
0.2,0.3,0.7071067811865475,mono,0,0.047790352272814716,0.04715,0.000640352272814719,0.00897721996248235,True
0.2,0.3,0.7071067811865475,mono,1,0.20000000000000004,0.20059,0.0005899999999999517,0.00897721996248235,True
0.2,0.8,0.7071067811865475,pair,0,0.30503372718664207,0.30484,0.00019372718664206756,0.00897721996248235,True
0.2,0.8,0.7071067811865475,pair,1,0.305033727186642,0.30612,0.0010862728133579913,0.00897721996248235,True
0.2,0.8,0.7071067811865475,mono,0,0.2659855290487006,0.26639,0.00040447095129941824,0.00897721996248235,True
0.2,0.8,0.7071067811865475,mono,1,0.20000000000000004,0.20059,0.0005899999999999517,0.00897721996248235,True
0.2,0.0,1.0,pair,0,0.04000000000000001,0.04017,0.0001699999999999896,0.00897721996248235,True
0.2,0.0,1.0,pair,1,0.04000000000000001,0.04017,0.0001699999999999896,0.00897721996248235,True
0.2,0.0,1.0,mono,0,0.0,0.0,0.0,0.00897721996248235,True
0.2,0.0,1.0,mono,1,0.20000000000000004,0.20059,0.0005899999999999517,0.00897721996248235,True
0.2,0.05,1.0,pair,0,0.04000000000000001,0.04017,0.0001699999999999896,0.00897721996248235,True
0.2,0.05,1.0,pair,1,0.04000000000000001,0.04017,0.0001699999999999896,0.00897721996248235,True
0.2,0.05,1.0,mono,0,7.619853024160471e-24,0.0,7.619853024160471e-24,0.00897721996248235,True
0.2,0.05,1.0,mono,1,0.20000000000000004,0.20059,0.0005899999999999517,0.00897721996248235,True
0.2,0.3,1.0,pair,0,0.07632071359159069,0.07588,0.00044071359159068846,0.00897721996248235,True
0.2,0.3,1.0,pair,1,0.07632071359159069,0.0772,0.0008792864084093133,0.00897721996248235,True
0.2,0.3,1.0,mono,0,0.047790352272814716,0.04715,0.000640352272814719,0.00897721996248235,True
0.2,0.3,1.0,mono,1,0.20000000000000004,0.20059,0.0005899999999999517,0.00897721996248235,True
0.2,0.8,1.0,pair,0,0.24701241995945428,0.24713,0.0001175800405457117,0.00897721996248235,True
0.2,0.8,1.0,pair,1,0.24701241995945428,0.24935,0.0023375800405457114,0.00897721996248235,True
0.2,0.8,1.0,mono,0,0.2659855290487006,0.26639,0.00040447095129941824,0.00897721996248235,True
0.2,0.8,1.0,mono,1,0.20000000000000004,0.20059,0.0005899999999999517,0.00897721996248235,True
0.5,0.0,0.7071067811865475,pair,0,0.25,0.2511,0.0010999999999999899,0.00897721996248235,True
0.5,0.0,0.7071067811865475,pair,1,0.25,0.2511,0.0010999999999999899,0.00897721996248235,True
0.5,0.0,0.7071067811865475,mono,0,0.0,0.0,0.0,0.00897721996248235,True
0.5,0.0,0.7071067811865475,mono,1,0.5,0.5023,0.0022999999999999687,0.00897721996248235,True
0.5,0.05,0.7071067811865475,pair,0,0.2500000000001922,0.2511,0.0010999999998078103,0.00897721996248235,True
0.5,0.05,0.7071067811865475,pair,1,0.2500000000001922,0.2511,0.0010999999998078103,0.00897721996248235,True
0.5,0.05,0.7071067811865475,mono,0,7.61985302416047e-24,0.0,7.61985302416047e-24,0.00897721996248235,True
0.5,0.05,0.7071067811865475,mono,1,0.5,0.5023,0.0022999999999999687,0.00897721996248235,True
0.5,0.3,0.7071067811865475,pair,0,0.27987497266673506,0.2794,0.000474972666735074,0.00897721996248235,True
0.5,0.3,0.7071067811865475,pair,1,0.27987497266673506,0.28068,0.0008050273332649294,0.00897721996248235,True
0.5,0.3,0.7071067811865475,mono,0,0.0477903522728147,0.04787,7.964772718530022e-05,0.00897721996248235,True
0.5,0.3,0.7071067811865475,mono,1,0.5,0.5023,0.0022999999999999687,0.00897721996248235,True
0.5,0.8,0.7071067811865475,pair,0,0.3554286206830007,0.35656,0.0011313793169993036,0.00897721996248235,True
0.5,0.8,0.7071067811865475,pair,1,0.3554286206830007,0.35688,0.0014513793169992906,0.00897721996248235,True
0.5,0.8,0.7071067811865475,mono,0,0.26598552904870054,0.26543,0.0005555290487005426,0.00897721996248235,True
0.5,0.8,0.7071067811865475,mono,1,0.5,0.5023,0.0022999999999999687,0.00897721996248235,True
0.5,0.0,1.0,pair,0,0.25,0.2511,0.0010999999999999899,0.00897721996248235,True
0.5,0.0,1.0,pair,1,0.25,0.2511,0.0010999999999999899,0.00897721996248235,True
0.5,0.0,1.0,mono,0,0.0,0.0,0.0,0.00897721996248235,True
0.5,0.0,1.0,mono,1,0.5,0.5023,0.0022999999999999687,0.00897721996248235,True
0.5,0.05,1.0,pair,0,0.25,0.2511,0.0010999999999999899,0.00897721996248235,True
0.5,0.05,1.0,pair,1,0.25,0.2511,0.0010999999999999899,0.00897721996248235,True
0.5,0.05,1.0,mono,0,7.61985302416047e-24,0.0,7.61985302416047e-24,0.00897721996248235,True
0.5,0.05,1.0,mono,1,0.5,0.5023,0.0022999999999999687,0.00897721996248235,True
0.5,0.3,1.0,pair,0,0.2619476597310966,0.26231,0.0003623402689033606,0.00897721996248235,True
0.5,0.3,1.0,pair,1,0.2619476597310967,0.26289,0.00094234026890333,0.00897721996248235,True
0.5,0.3,1.0,mono,0,0.0477903522728147,0.04787,7.964772718530022e-05,0.00897721996248235,True
0.5,0.3,1.0,mono,1,0.5,0.5023,0.0022999999999999687,0.00897721996248235,True
0.5,0.8,1.0,pair,0,0.3240954727034905,0.32363,0.0004654727034905104,0.00897721996248235,True
0.5,0.8,1.0,pair,1,0.3240954727034905,0.32584,0.0017445272965095349,0.00897721996248235,True
0.5,0.8,1.0,mono,0,0.26598552904870054,0.26543,0.0005555290487005426,0.00897721996248235,True
0.5,0.8,1.0,mono,1,0.5,0.5023,0.0022999999999999687,0.00897721996248235,True
