p,sigma,pair_amplitude,model,encoder_energy,test_seed,test_samples,closed_total_error,enumerated_total_error,measured_total_error,measured_total_error_standard_error
0.05,0.0,0.7071067811865475,pair,0.9999999999999998,510000,100000,0.005000000000000001,0.005000000000000001,0.00544,0.0003294011977080388
0.05,0.0,0.7071067811865475,mono,1.0,510000,100000,0.05,0.05,0.05087,0.0006948577259213519
0.05,0.05,0.7071067811865475,pair,0.9999999999999998,510000,100000,0.0050000000014567446,0.0050000000014567446,0.00544,0.0003294011977080388
0.05,0.05,0.7071067811865475,mono,1.0,510000,100000,0.05,0.05,0.05087,0.0006948577259213519
0.05,0.3,0.7071067811865475,pair,0.9999999999999998,510000,100000,0.2310860359981513,0.2310860359981512,0.2325,0.0013513903072604988
0.05,0.3,0.7071067811865475,mono,1.0,510000,100000,0.09779035227281471,0.09779035227281471,0.09913,0.0009684223300905932
0.05,0.8,0.7071067811865475,pair,0.9999999999999998,510000,100000,0.6377411057081048,0.6377411057081049,0.6381,0.0015841429844208985
0.05,0.8,0.7071067811865475,mono,1.0,510000,100000,0.31598552904870053,0.31598552904870053,0.31715,0.0015619485176636642
0.05,0.0,1.0,pair,2.0,510000,100000,0.005000000000000001,0.005000000000000001,0.00544,0.0003294011977080388
0.05,0.0,1.0,mono,1.0,510000,100000,0.05,0.05,0.05087,0.0006948577259213519
0.05,0.05,1.0,pair,2.0,510000,100000,0.005000000000000001,0.005000000000000001,0.00544,0.0003294011977080388
0.05,0.05,1.0,mono,1.0,510000,100000,0.05,0.05,0.05087,0.0006948577259213519
0.05,0.3,1.0,pair,2.0,510000,100000,0.09556274478888319,0.09556274478888319,0.09644,0.0009590633253464654
0.05,0.3,1.0,mono,1.0,510000,100000,0.09779035227281471,0.09779035227281471,0.09913,0.0009684223300905932
0.05,0.8,1.0,pair,2.0,510000,100000,0.5119302319149873,0.5119302319149874,0.51336,0.0016059392561392054
0.05,0.8,1.0,mono,1.0,510000,100000,0.31598552904870053,0.31598552904870053,0.31715,0.0015619485176636642
0.2,0.0,0.7071067811865475,pair,0.9999999999999998,510001,100000,0.08000000000000002,0.08000000000000002,0.08034,0.001241881744250501
0.2,0.0,0.7071067811865475,mono,1.0,510001,100000,0.2,0.20000000000000004,0.20059,0.0012663145559163192
0.2,0.05,0.7071067811865475,pair,0.9999999999999998,510001,100000,0.0800000000011685,0.0800000000011685,0.08034,0.001241881744250501
0.2,0.05,0.7071067811865475,mono,1.0,510001,100000,0.2,0.20000000000000004,0.20059,0.0012663145559163192
0.2,0.3,0.7071067811865475,pair,0.9999999999999998,510001,100000,0.2613956626032823,0.2613956626032822,0.26165,0.001597409869815171
0.2,0.3,0.7071067811865475,mono,1.0,510001,100000,0.2477903522728147,0.24779035227281476,0.24774,0.0014334815913344427
0.2,0.8,0.7071067811865475,pair,0.9999999999999998,510001,100000,0.6100674543732839,0.610067454373284,0.61096,0.001801419228028931
0.2,0.8,0.7071067811865475,mono,1.0,510001,100000,0.46598552904870055,0.4659855290487006,0.46698,0.0018895852723084534
0.2,0.0,1.0,pair,2.0,510001,100000,0.08000000000000002,0.08000000000000002,0.08034,0.001241881744250501
0.2,0.0,1.0,mono,1.0,510001,100000,0.2,0.20000000000000004,0.20059,0.0012663145559163192
0.2,0.05,1.0,pair,2.0,510001,100000,0.08000000000000002,0.08000000000000002,0.08034,0.001241881744250501
0.2,0.05,1.0,mono,1.0,510001,100000,0.2,0.20000000000000004,0.20059,0.0012663145559163192
0.2,0.3,1.0,pair,2.0,510001,100000,0.15264142718318138,0.15264142718318138,0.15308,0.0014240384176187621
0.2,0.3,1.0,mono,1.0,510001,100000,0.2477903522728147,0.24779035227281476,0.24774,0.0014334815913344427
0.2,0.8,1.0,pair,2.0,510001,100000,0.49402483991890855,0.49402483991890855,0.49648,0.0017555930385682126
0.2,0.8,1.0,mono,1.0,510001,100000,0.46598552904870055,0.4659855290487006,0.46698,0.0018895852723084534
0.5,0.0,0.7071067811865475,pair,0.9999999999999998,510002,100000,0.5,0.5,0.5022,0.0027426313679144343
0.5,0.0,0.7071067811865475,mono,1.0,510002,100000,0.5,0.5,0.5023,0.001581130007216673
0.5,0.05,0.7071067811865475,pair,0.9999999999999998,510002,100000,0.5000000000003844,0.5000000000003844,0.5022,0.0027426313679144343
0.5,0.05,0.7071067811865475,mono,1.0,510002,100000,0.5,0.5,0.5023,0.001581130007216673
0.5,0.3,0.7071067811865475,pair,0.9999999999999998,510002,100000,0.5597499453334701,0.5597499453334701,0.56008,0.002506145794575295
0.5,0.3,0.7071067811865475,mono,1.0,510002,100000,0.5477903522728147,0.5477903522728147,0.55017,0.0017221670562386493
0.5,0.8,0.7071067811865475,pair,0.9999999999999998,510002,100000,0.7108572413660014,0.7108572413660014,0.71344,0.0021718381230672623
0.5,0.8,0.7071067811865475,mono,1.0,510002,100000,0.7659855290487005,0.7659855290487005,0.76773,0.0021108886824061316
0.5,0.0,1.0,pair,2.0,510002,100000,0.5,0.5,0.5022,0.0027426313679144343
0.5,0.0,1.0,mono,1.0,510002,100000,0.5,0.5,0.5023,0.001581130007216673
0.5,0.05,1.0,pair,2.0,510002,100000,0.5,0.5,0.5022,0.0027426313679144343
0.5,0.05,1.0,mono,1.0,510002,100000,0.5,0.5,0.5023,0.001581130007216673
0.5,0.3,1.0,pair,2.0,510002,100000,0.5238953194621933,0.5238953194621934,0.5252,0.002651889878030242
0.5,0.3,1.0,mono,1.0,510002,100000,0.5477903522728147,0.5477903522728147,0.55017,0.0017221670562386493
0.5,0.8,1.0,pair,2.0,510002,100000,0.648190945406981,0.648190945406981,0.64947,0.0022211340628978823
0.5,0.8,1.0,mono,1.0,510002,100000,0.7659855290487005,0.7659855290487005,0.76773,0.0021108886824061316
