p,initialization_seed,test_seed,final_loss,minimum_recorded_loss,window_mean_loss_change,convergence_diagnostic_pass,final_tangent_gradient_norm,final_bias_gradient_norm,encoder_energy,weak_columns,exact_zero_columns,mono_clean_reconstruction_mse
0.05,0,610000,0.10926432628462526,0.10926432628462526,3.7293570485791294e-06,True,0.006001119193182382,1.2239002449873013e-05,3.9999999999999996,0,0,0.19
0.05,1,610001,0.10922868516240547,0.10922840683615632,9.531816243524283e-07,True,0.0029977496000328165,0.001133702454464932,3.9999999999999996,0,0,0.19
0.05,2,610002,0.10921719430436218,0.10921719430436218,2.924107380813945e-07,True,0.0016525749551198011,3.5536532218878005e-05,4.0,0,0,0.19
0.15,0,611000,0.3674260583459128,0.3674260583459128,3.480254365068047e-05,False,0.03358854843330449,4.3990303686312324e-06,3.999999999999999,0,0,0.51
0.15,1,611001,0.3668716501198538,0.366871390518554,5.453847749248286e-06,True,0.011584166666635866,0.0010672207945586149,3.999999999999999,0,0,0.51
0.15,2,611002,0.36687941090137133,0.36687941090137133,4.947524541887294e-06,True,0.012344021513688684,1.494497040723589e-07,4.0,0,0,0.51
0.3,0,612000,0.7596451093726048,0.7595286900521386,2.2434689319172918e-05,False,0.09688948991457742,3.135803373856067e-05,3.999999999999999,0,0,0.84
0.3,1,612001,0.755567059826687,0.7554786960772989,7.349711678705795e-06,True,0.038294310265891925,7.101683729275859e-06,4.0,0,0,0.84
0.3,2,612002,0.7555006711709844,0.7555006711709844,1.0017336054657378e-05,False,0.036922170355528826,2.2316878155300314e-06,4.0,0,0,0.84
0.5,0,613000,0.9812129267434582,0.9795185592967777,6.778064980306198e-05,False,0.07652288282458433,0.0030822441643794914,3.999999999999999,0,0,1.0
0.5,1,613001,0.9807409276787256,0.9791381490697393,0.0004133512856978605,False,0.04071861977517482,0.003279221471100601,4.0,0,0,1.0
0.5,2,613002,0.9799618173412348,0.9797420202417091,0.00035019061905861015,False,0.05709182234489368,0.0008372549703389491,4.0,0,0,1.0
