case,label,seed,theta_raw,W_0,W_1,bias_0,bias_1,energy,G_00,G_11,G_01,M_0,M_1,clean_weighted_mse,tangent_gradient_norm,bias_gradient_norm,actual_min_abs_state_gap,midpoint_min_abs_state_gap
p_0.05_importance_1.00,grid_diagnostic_best,,-0.7853981633974483,0.7071067811865476,-0.7071067811865476,0.027559055118110236,0.027559055118110236,1.0000000000000002,0.5000000000000001,0.5000000000000001,-0.5000000000000001,0.7071067811865476,0.7071067811865476,0.027303149606299208,1.962615573354719e-17,1.2266347333466993e-18,0.027559055118110354,0.22500000000000003
p_0.05_importance_1.00,fixed_antipodal,,-0.7853981633974483,0.7071067811865476,-0.7071067811865476,0.027559055118110236,0.027559055118110236,1.0000000000000002,0.5000000000000001,0.5000000000000001,-0.5000000000000001,0.7071067811865476,0.7071067811865476,0.027303149606299208,1.962615573354719e-17,1.2266347333466993e-18,0.027559055118110354,0.22500000000000003
p_0.05_importance_1.00,mono_retain_0,,0.0,1.0,0.0,-0.0,0.05000000000000001,1.0,1.0,0.0,0.0,1.0,nan,0.0475,0.0,1.3877787807814457e-17,0.45,0.0
p_0.05_importance_1.00,mono_retain_1,,1.5707963267948966,0.0,1.0,0.05000000000000001,-0.0,1.0,0.0,1.0,0.0,nan,1.0,0.0475,0.0,1.734723475976807e-17,0.45,0.0
p_0.05_importance_1.00,trained_final,0,-0.7856271097421075,0.7069448731431194,-0.7072686521659636,0.027571073315477278,0.02754703662076751,1.0,0.4997710536633411,0.5002289463366588,-0.49999994758357214,0.7069448731431195,0.7072686521659637,0.027303154063071093,3.8932857712917854e-05,4.510250580008442e-10,0.027342126978818382,0.22488547703606412
p_0.05_importance_1.00,trained_bias_reoptimized,0,-0.7856271097421075,0.7069448731431194,-0.7072686521659636,0.02757107316093636,0.027547036800132273,1.0,0.4997710536633411,0.5002289463366588,-0.49999994758357214,0.7069448731431195,0.7072686521659637,0.027303154063071093,3.893289110355496e-05,1.179739509965479e-17,0.027342126824277502,0.22488547703606412
p_0.05_importance_1.00,trained_final,1,0.6767825230763944,0.779591817530559,0.6262879513765213,-0.04924670807771939,0.005976285453839717,1.0000000000000002,0.6077634019606003,0.39223659803939986,0.48824896231111253,0.7795918175305588,0.6262879513765213,0.04728667737804401,0.0033822862486489655,2.184734788069614e-06,0.005774752235047753,0.15995481321525673
p_0.05_importance_1.00,trained_bias_reoptimized,1,0.6767825230763944,0.779591817530559,0.6262879513765213,-0.049237109882929675,0.005975721982474381,1.0000000000000002,0.6077634019606003,0.39223659803939986,0.48824896231111253,0.7795918175305588,0.6262879513765213,0.047286677368744305,0.003381488686564252,1.0393966663227836e-17,0.005775315706413098,0.15995481321525673
p_0.05_importance_1.00,trained_final,2,-0.7855607553174159,0.7069918019912946,-0.7072217416886319,0.027567590221734727,0.02755051980498506,1.0,0.49983740808289795,0.500162591917102,-0.4999999735638678,0.7069918019912946,0.7072217416886318,0.027303151854064255,2.7649119452058236e-05,5.461207557850705e-10,0.027404998304632666,0.2249186789271234
p_0.05_importance_1.00,trained_bias_reoptimized,2,-0.7855607553174159,0.7069918019912946,-0.7072217416886319,0.027567590057495827,0.027550520039952307,1.0,0.49983740808289795,0.500162591917102,-0.4999999735638678,0.7069918019912946,0.7072217416886318,0.027303151854064255,2.7649159372768403e-05,0.0,0.027404998140393766,0.2249186789271234
p_0.05_importance_1.00,trained_final,3,-0.7854436019356569,0.7070746505580963,-0.707138910355063,0.027562886466514336,0.027553250321535157,0.9999999999999998,0.49995456146185396,0.5000454385381459,-0.49999999793533917,0.7070746505580963,0.707138910355063,0.027303149794979525,7.240366303515582e-06,7.07284204454169e-06,0.0275174479283683,0.22497727876949927
p_0.05_importance_1.00,trained_bias_reoptimized,3,-0.7854436019356569,0.7070746505580963,-0.707138910355063,0.02756144033779072,0.027556669887591666,0.9999999999999998,0.49995456146185396,0.5000454385381459,-0.49999999793533917,0.7070746505580963,0.707138910355063,0.02730314978184958,7.72693667621994e-06,1.8235236273780735e-17,0.027516001799644696,0.22497727876949927
p_0.05_importance_1.00,trained_final,4,-2.371827689982418,-0.7180742668952544,-0.6959664842669099,-0.007890611484991471,0.0007937581680341723,1.0,0.5156306527771571,0.4843693472228429,0.49975562297362897,0.7180742668952544,0.6959664842669099,0.04749452165187539,0.0006895202954431026,4.375277429579512e-08,0.0005493811416631411,0.21695251543636895
p_0.05_importance_1.00,trained_bias_reoptimized,4,-2.371827689982418,-0.7180742668952544,-0.6959664842669099,-0.007890397820915936,0.0007937514901764032,1.0,0.5156306527771571,0.4843693472228429,0.49975562297362897,0.7180742668952544,0.6959664842669099,0.0474945216518709,0.0006894989190850075,7.970893816737749e-18,0.0005493744638053744,0.21695251543636895
p_0.05_importance_1.00,trained_final,5,-2.4162747810666687,-0.748288591618091,-0.6633733365565831,-0.028895395616613202,0.003880273456114882,0.9999999999999999,0.5599358163457862,0.44006418365421374,0.4963946997289195,0.748288591618091,0.6633733365565831,0.047427065106969396,0.0023547151645605907,0.0014064361052452932,0.0002749731850343329,0.19160705656958044
p_0.05_importance_1.00,trained_bias_reoptimized,5,-2.4162747810666687,-0.748288591618091,-0.6633733365565831,-0.02888744414087467,0.0031770558308433414,0.9999999999999999,0.5599358163457862,0.44006418365421374,0.4963946997289195,0.748288591618091,0.6633733365565831,0.047426570585776366,0.002275776781240155,8.94926638654809e-18,0.0004282444402372021,0.19160705656958044
p_0.05_importance_0.50,grid_diagnostic_best,,-0.5759586531581287,0.838670567945424,-0.544639035015027,0.01677009527050734,0.03516841607689502,1.0,0.7033683215379002,0.29663167846209976,-0.4567727288213004,0.8386705679454242,0.544639035015027,0.01774298771458031,0.0001556499530180255,2.6020852139652106e-18,0.16819990546100522,0.08224993161128524
p_0.05_importance_0.50,fixed_antipodal,,-0.7853981633974483,0.7071067811865476,-0.7071067811865476,0.027559055118110236,0.027559055118110236,1.0000000000000002,0.5000000000000001,0.5000000000000001,-0.5000000000000001,0.7071067811865476,0.7071067811865476,0.020477362204724403,0.02487204724409449,9.69739903612216e-19,0.027559055118110354,0.22500000000000003
p_0.05_importance_0.50,mono_retain_0,,0.0,1.0,0.0,-0.0,0.05000000000000001,1.0,1.0,0.0,0.0,1.0,nan,0.02375,0.0,6.938893903907228e-18,0.45,0.0
p_0.05_importance_0.50,mono_retain_1,,1.5707963267948966,0.0,1.0,0.05000000000000001,-0.0,1.0,0.0,1.0,0.0,nan,1.0,0.0475,0.0,1.734723475976807e-17,0.45,0.0
p_0.05_importance_0.50,trained_final,0,-0.7855914769222149,0.7069700746708092,-0.7072434612776215,0.02756920284041434,0.027548907128081515,1.0,0.4998066864800495,0.5001933135199506,-0.4999999626298816,0.7069700746708092,0.7072434612776216,0.020482172690789013,0.024896700179269746,3.1136968636792556e-10,0.027375889320463864,0.22490330773841224
p_0.05_importance_0.50,trained_bias_reoptimized,0,-0.7855914769222149,0.7069700746708092,-0.7072434612776215,0.02756920271136193,0.02754890732868995,1.0,0.4998066864800495,0.5001933135199506,-0.4999999626298816,0.7069700746708092,0.7072434612776216,0.020482172690789013,0.02489670020220534,1.3985787785349405e-17,0.02737588919141143,0.22490330773841224
p_0.05_importance_0.50,trained_final,1,-0.7798021550172775,0.7110526644023952,-0.703138754760577,0.02726454398486726,0.027852034392952824,1.0,0.5055958915537453,0.4944041084462548,-0.49996868501709063,0.7110526644023951,0.703138754760577,0.02034017822196307,0.024156651574296403,1.4532208985162055e-06,0.022256142839207627,0.22217230498936347
p_0.05_importance_0.50,trained_bias_reoptimized,1,-0.7798021550172775,0.7110526644023952,-0.703138754760577,0.027265225338430933,0.027852720514677156,1.0,0.5055958915537453,0.4944041084462548,-0.49996868501709063,0.7110526644023951,0.703138754760577,0.020340178221296676,0.024156617689819856,3.1273172206927508e-18,0.02225682896093195,0.22217230498936347
p_0.05_importance_0.50,trained_final,2,-0.7831037515875968,0.7087273126933278,-0.705482527241103,0.02743859786142292,0.02767948418862092,0.9999999999999998,0.502294403757506,0.4977055962424937,-0.49999473568368435,0.7087273126933279,0.7054825272411032,0.020420631416609443,0.02457912472563944,4.681804129521263e-09,0.02538508043111465,0.22384779702074714
p_0.05_importance_0.50,trained_bias_reoptimized,2,-0.7831037515875968,0.7087273126933278,-0.705482527241103,0.02743860015888075,0.02767948244313337,0.9999999999999998,0.502294403757506,0.4977055962424937,-0.49999473568368435,0.7087273126933279,0.7054825272411032,0.02042063141660943,0.02457912440858991,1.0587499293714891e-17,0.02538507868562706,0.22384779702074714
p_0.05_importance_0.50,trained_final,3,-0.784677890683161,0.7076159074421465,-0.7065972880890695,0.02752622351371144,0.027594695634694476,1.0,0.5007202724651725,0.4992797275348275,-0.49999948120730675,0.7076159074421465,0.7065972880890695,0.020459480663909624,0.024779548408685095,9.707748541267148e-06,0.026874423169521988,0.22463937091435518
p_0.05_importance_0.50,trained_bias_reoptimized,3,-0.784677890683161,0.7076159074421465,-0.7065972880890695,0.02752124417822535,0.027596863334673906,1.0,0.5007202724651725,0.4992797275348275,-0.49999948120730675,0.7076159074421465,0.7065972880890695,0.020459480638055694,0.024780154754661672,5.485677294651096e-18,0.02687659086950145,0.22463937091435518
p_0.05_importance_0.50,trained_final,4,2.3591315959974692,-0.7091805756742643,0.7050268867825673,0.027404845178858012,0.02771321539338899,1.0,0.5029370889136809,0.497062911086319,-0.49999137343429545,0.7091805756742644,0.7050268867825673,0.020404860958888684,0.02449697036567504,1.853772843376651e-08,0.024776126479708005,0.2235232603057402
p_0.05_importance_0.50,trained_bias_reoptimized,4,2.3591315959974692,-0.7091805756742643,0.7050268867825673,0.027404854580474217,0.027713210371936792,1.0,0.5029370889136809,0.497062911086319,-0.49999137343429545,0.7091805756742644,0.7050268867825673,0.020404860958888583,0.024496969174258976,4.422694427346622e-18,0.024776121458255806,0.2235232603057402
p_0.05_importance_0.50,trained_final,5,2.3625134138107224,-0.7115607882781674,0.7026245402666724,0.02722727751341811,0.027869861197337455,0.9999999999999997,0.5063187554150469,0.49368124458495277,-0.49996007173573837,0.7115607882781674,0.7026245402666725,0.02032274873035066,0.024062914761021462,1.9795197743200923e-05,0.021551105782290247,0.221802690441428
p_0.05_importance_0.50,trained_bias_reoptimized,5,2.3625134138107224,-0.7115607882781674,0.7026245402666724,0.027227257121876118,0.027890643517156654,0.9999999999999997,0.5063187554150469,0.49368124458495277,-0.49996007173573837,0.7115607882781674,0.7026245402666725,0.020322748524655595,0.024063955177720104,5.637851296924623e-18,0.021571888102109416,0.221802690441428
p_0.20_importance_1.00,grid_diagnostic_best,,-0.7853981633974483,0.7071067811865476,-0.7071067811865476,0.14285714285714285,0.14285714285714285,1.0000000000000002,0.5000000000000001,0.5000000000000001,-0.5000000000000001,0.7071067811865476,0.7071067811865476,0.12571428571428572,3.925231146709438e-17,5.887846720064156e-17,0.14285714285714296,0.15000000000000002
p_0.20_importance_1.00,fixed_antipodal,,-0.7853981633974483,0.7071067811865476,-0.7071067811865476,0.14285714285714285,0.14285714285714285,1.0000000000000002,0.5000000000000001,0.5000000000000001,-0.5000000000000001,0.7071067811865476,0.7071067811865476,0.12571428571428572,3.925231146709438e-17,5.887846720064156e-17,0.14285714285714296,0.15000000000000002
p_0.20_importance_1.00,mono_retain_0,,0.0,1.0,0.0,-0.0,0.19999999999999998,1.0,1.0,0.0,0.0,1.0,nan,0.1600000000000001,1.3877787807814457e-17,6.938893903907228e-17,0.30000000000000004,0.0
p_0.20_importance_1.00,mono_retain_1,,1.5707963267948966,0.0,1.0,0.19999999999999998,-0.0,1.0,0.0,1.0,0.0,nan,1.0,0.16000000000000006,1.3877787807814457e-17,6.938893903907228e-17,0.30000000000000004,0.0
p_0.20_importance_1.00,trained_final,0,-0.7852812358725412,0.7071894565983301,-0.7070240961071685,0.14282929973195355,0.1428849847779661,1.0,0.5001169275238414,0.4998830724761587,-0.49999998632795406,0.70718945659833,0.7070240961071684,0.12571428800598106,3.919644981188342e-05,6.264788979755472e-09,0.14276805725412478,0.14994152530044252
p_0.20_importance_1.00,trained_bias_reoptimized,0,-0.7852812358725412,0.7071894565983301,-0.7070240961071685,0.14282930231946414,0.14288498209272193,1.0,0.5001169275238414,0.4998830724761587,-0.49999998632795406,0.70718945659833,0.7070240961071684,0.125714288005981,3.919855891183778e-05,3.1031676915590914e-17,0.14276805456888064,0.14994152530044252
p_0.20_importance_1.00,trained_final,1,0.7996029425669205,0.6969914859882278,0.717079401781924,0.0028809993220816035,-0.00777864514382641,0.9999999999999999,0.485797131540078,0.5142028684599219,0.49979823781953264,0.6969914859882278,0.717079401781924,0.15998606001943827,0.0019340297667917122,2.3356038668716144e-07,0.0026792371416142213,0.14273715602566517
p_0.20_importance_1.00,trained_bias_reoptimized,1,0.7996029425669205,0.6969914859882278,0.717079401781924,0.0028809261280778715,-0.007778392377474738,0.9999999999999999,0.485797131540078,0.5142028684599219,0.49979823781953264,0.6969914859882278,0.717079401781924,0.1599860600194099,0.0019339014756166875,2.865351687545225e-17,0.00267916394761053,0.14273715602566517
p_0.20_importance_1.00,trained_final,2,-0.7857003023178833,0.7068931044351421,-0.7073203933876411,0.14292908593738252,0.1427851990343916,1.0,0.49969786109795267,0.5003021389020473,-0.49999990871207556,0.7068931044351421,0.7073203933876411,0.12571430101587888,0.00010128395104764264,1.635135649671199e-08,0.14262694703533518,0.14984885751863677
p_0.20_importance_1.00,trained_bias_reoptimized,2,-0.7857003023178833,0.7068931044351421,-0.7073203933876411,0.14292907634391963,0.14278520067627803,1.0,0.49969786109795267,0.5003021389020473,-0.49999990871207556,0.7068931044351421,0.7073203933876411,0.12571430101587877,0.00010128844480217282,0.0,0.14262693744187227,0.14984885751863677
p_0.20_importance_1.00,trained_final,3,-0.7853574046543683,0.7071356013828146,-0.7070779598155815,0.14284743746245365,0.14286684799022206,1.0,0.5000407587430349,0.4999592412569651,-0.4999999983387249,0.7071356013828146,0.7070779598155815,0.1257142859927471,1.366324231126051e-05,1.9076473548770115e-09,0.1428260892471872,0.14997961929946246
p_0.20_importance_1.00,trained_bias_reoptimized,3,-0.7853574046543683,0.7071356013828146,-0.7070779598155815,0.14284743831540717,0.14286684724066187,1.0,0.5000407587430349,0.4999592412569651,-0.4999999983387249,0.7071356013828146,0.7070779598155815,0.1257142859927471,1.366388331738486e-05,0.0,0.142826088497627,0.14997961929946246
p_0.20_importance_1.00,trained_final,4,-2.37594836360523,-0.7209360130890023,-0.6930016342198148,-0.010755091359115896,0.004027941062150016,1.0,0.5197487349686661,0.4802512650313339,0.49960983523859637,0.7209360130890022,0.6930016342198148,0.15997335080963182,0.0026425189522185093,4.004158629010005e-07,0.0036377763007464092,0.13981350070654402
p_0.20_importance_1.00,trained_bias_reoptimized,4,-2.37594836360523,-0.7209360130890023,-0.6930016342198148,-0.010754761226256957,0.004027779946013931,1.0,0.5197487349686661,0.4802512650313339,0.49960983523859637,0.7209360130890022,0.6930016342198148,0.15997335080956665,0.0026423252762480687,3.3019074115489117e-17,0.00363761518461031,0.13981350070654402
p_0.20_importance_1.00,trained_final,5,-2.3457556658777334,-0.6996870257537023,-0.7144494845627212,0.002109434496751029,-0.005738526118559934,1.0,0.48956193400806214,0.510438065991938,0.49989103490495607,0.6996870257537023,0.7144494845627211,0.15999241313242796,0.0014381050061234742,1.135368739494273e-07,0.0020004694017071167,0.1446937949279959
p_0.20_importance_1.00,trained_bias_reoptimized,5,-2.3457556658777334,-0.6996870257537023,-0.7144494845627212,0.0021094062173963647,-0.005738389387163345,1.0,0.48956193400806214,0.510438065991938,0.49989103490495607,0.6996870257537023,0.7144494845627211,0.1599924131324204,0.0014380399218309051,1.6147789187231696e-17,0.0020004411223524254,0.1446937949279959
p_0.20_importance_0.50,grid_diagnostic_best,,-0.418879020478639,0.913545457642601,-0.40673664307580015,0.05708313794483576,0.16691306063588582,1.0,0.8345653031794292,0.16543469682057085,-0.3715724127386971,0.913545457642601,0.4067366430758001,0.07775287225636002,0.000603505357981077,1.3877787807814457e-17,0.02007602838556788,0.008402865862546002
p_0.20_importance_0.50,fixed_antipodal,,-0.7853981633974483,0.7071067811865476,-0.7071067811865476,0.14285714285714285,0.14285714285714285,1.0000000000000002,0.5000000000000001,0.5000000000000001,-0.5000000000000001,0.7071067811865476,0.7071067811865476,0.09428571428571428,0.09142857142857143,4.654751537338637e-17,0.14285714285714296,0.15000000000000002
p_0.20_importance_0.50,mono_retain_0,,0.0,1.0,0.0,-0.0,0.19999999999999998,1.0,1.0,0.0,0.0,1.0,nan,0.08000000000000004,6.938893903907228e-18,3.469446951953614e-17,0.30000000000000004,0.0
p_0.20_importance_0.50,mono_retain_1,,1.5707963267948966,0.0,1.0,0.19999999999999998,-0.0,1.0,0.0,1.0,0.0,nan,1.0,0.16000000000000006,1.3877787807814457e-17,6.938893903907228e-17,0.30000000000000004,0.0
p_0.20_importance_0.50,trained_final,0,-0.7848663514941399,0.7074827289786202,-0.7067306334077817,0.14273049614842884,0.14298376300563048,1.0000000000000002,0.5005318118030357,0.4994681881969644,-0.49999971717612623,0.7074827289786202,0.7067306334077816,0.09423712705186553,0.09129478818063197,2.1523603307717687e-08,0.1424519512025949,0.1497338678393831
p_0.20_importance_0.50,trained_bias_reoptimized,0,-0.7848663514941399,0.7074827289786202,-0.7067306334077817,0.1427305075314737,0.14298375124720494,1.0000000000000002,0.5005318118030357,0.4994681881969644,-0.49999971717612623,0.7074827289786202,0.7067306334077816,0.09423712705186535,0.09129478127526446,3.1031676915590914e-17,0.1424519394441694,0.1497338678393831
p_0.20_importance_0.50,trained_final,1,-0.7837480042270684,0.7082726566618006,-0.7059389802420852,0.14246408122812537,0.143249928755052,1.0000000000000002,0.5016501561747649,0.49834984382523523,-0.4999972769771841,0.7082726566618006,0.7059389802420852,0.09413518532256217,0.09101295052303018,6.569380316508671e-08,0.14159977258028722,0.14917274349436482
p_0.20_importance_0.50,trained_bias_reoptimized,1,-0.7837480042270684,0.7082726566618006,-0.7059389802420852,0.14246411886206473,0.14324990751671468,1.0000000000000002,0.5016501561747649,0.49834984382523523,-0.4999972769771841,0.7082726566618006,0.7059389802420852,0.0941351853225608,0.09101293121475955,4.3885418357208765e-17,0.1415997513419499,0.14917274349436482
p_0.20_importance_0.50,trained_final,2,-0.7837403342373493,0.7082780711856878,-0.7059335477773256,0.14246224063030968,0.1432517411788981,0.9999999999999999,0.5016578261225182,0.4983421738774817,-0.49999725160499375,0.7082780711856878,0.7059335477773256,0.09413448726173837,0.09101101794359456,8.573196586668367e-08,0.1415939150563798,0.14916888822273588
p_0.20_importance_0.50,trained_bias_reoptimized,2,-0.7837403342373493,0.7082780711856878,-0.7059335477773256,0.1424622914758287,0.14325173248655165,0.9999999999999999,0.5016578261225182,0.4983421738774817,-0.49999725160499375,0.7082780711856878,0.7059335477773256,0.09413448726173618,0.09101099585470501,3.925231146709438e-17,0.14159390636403335,0.14916888822273588
p_0.20_importance_0.50,trained_final,3,-0.7845875956057096,0.7076797068142474,-0.7065333909754731,0.14266410284568018,0.14305011812798563,0.9999999999999998,0.5008105674366992,0.4991894325633007,-0.4999993429799988,0.7076797068142475,0.7065333909754732,0.09421168787588721,0.09122460122446832,3.018030682168419e-08,0.1422395506912863,0.14959419066564947
p_0.20_importance_0.50,trained_bias_reoptimized,3,-0.7845875956057096,0.7076797068142474,-0.7065333909754731,0.142664119323643,0.14305010381730932,0.9999999999999998,0.5008105674366992,0.4991894325633007,-0.4999993429799988,0.7076797068142475,0.7065333909754732,0.09421168787588691,0.0912245917699513,1.3877787807814457e-17,0.14223953638061,0.14959419066564947
p_0.20_importance_0.50,trained_final,4,2.3564768427760803,-0.7073064064242092,0.7069070995762252,0.14278991051158896,0.14292437408638764,0.9999999999999998,0.5002823525687285,0.4997176474312712,-0.49999992027702045,0.7073064064242093,0.7069070995762253,0.09425990921671865,0.09135756041758854,7.505482140162979e-09,0.1426420215176588,0.14985875993725206
p_0.20_importance_0.50,trained_bias_reoptimized,4,2.3564768427760803,-0.7073064064242092,0.7069070995762252,0.14278991225873228,0.14292436586288879,0.9999999999999998,0.5002823525687285,0.4997176474312712,-0.49999992027702045,0.7073064064242093,0.7069070995762253,0.09425990921671862,0.09135755807413862,6.938893903907228e-18,0.14264201329415999,0.14985875993725206
p_0.20_importance_0.50,trained_final,5,2.357726514744904,-0.7081892558881072,0.7060226468355312,0.1424922448960366,0.14322181568316739,1.0000000000000002,0.501532022155351,0.4984679778446492,-0.4999976529026067,0.7081892558881071,0.7060226468355312,0.09414593886096845,0.09104274706864257,3.5134107508808966e-08,0.14168979352781658,0.14923211124440988
p_0.20_importance_0.50,trained_bias_reoptimized,5,2.357726514744904,-0.7081892558881072,0.7060226468355312,0.14249226391075484,0.14322179827044573,1.0000000000000002,0.501532022155351,0.4984679778446492,-0.4999976529026067,0.7081892558881071,0.7060226468355312,0.094145938860968,0.09104273597773616,1.3877787807814457e-17,0.14168977611509492,0.14923211124440988
p_0.50_importance_1.00,grid_diagnostic_best,,-1.1780972450961724,0.38268343236508984,-0.9238795325112867,0.6035533905932737,0.21548220313557545,1.0,0.1464466094067263,0.8535533905932737,-0.35355339059327384,0.3826834323650898,0.9238795325112867,0.24642556509887895,8.777083671441753e-17,7.850462293418876e-17,0.10355339059327373,0.10355339059327377
p_0.50_importance_1.00,fixed_antipodal,,-0.7853981633974483,0.7071067811865476,-0.7071067811865476,0.5,0.5,1.0000000000000002,0.5000000000000001,0.5000000000000001,-0.5000000000000001,0.7071067811865476,0.7071067811865476,0.25,0.0,0.0,0.0,0.0
p_0.50_importance_1.00,mono_retain_0,,0.0,1.0,0.0,-0.0,0.5,1.0,1.0,0.0,0.0,1.0,nan,0.25,0.0,0.0,0.0,0.0
p_0.50_importance_1.00,mono_retain_1,,1.5707963267948966,0.0,1.0,0.5,-0.0,1.0,0.0,1.0,0.0,nan,1.0,0.25,0.0,0.0,0.0,0.0
p_0.50_importance_1.00,trained_final,0,-0.6993672157339711,0.7652496849461734,-0.6437335781903742,0.44045002842225806,0.5391198249852674,1.0000000000000004,0.5856070803102177,0.41439291968978265,-0.4926169178994568,0.7652496849461732,0.6437335781903741,0.24949008413444718,0.010637817138228825,3.063597291729281e-05,0.03344019083301897,0.039111999104837064
p_0.50_importance_1.00,trained_bias_reoptimized,0,-0.6993672157339711,0.7652496849461734,-0.6437335781903742,0.44046758575967376,0.5391119991048371,1.0000000000000004,0.5856070803102177,0.41439291968978265,-0.4926169178994568,0.7652496849461732,0.6437335781903741,0.24949008384200771,0.010612645602300276,1.3877787807814457e-16,0.033457748170434676,0.039111999104837064
p_0.50_importance_1.00,trained_final,1,0.8357382799787209,0.6706302154215066,0.7417918267032224,0.02639561679964215,-0.03181673022210791,0.9999999999999999,0.44974488583629635,0.5502551141637035,0.4974680125398949,0.6706302154215066,0.7417918267032224,0.2498102086036962,0.007117569644800989,4.576977571350405e-06,0.018438383941595582,0.023861563351799286
p_0.50_importance_1.00,trained_bias_reoptimized,1,0.8357382799787209,0.6706302154215066,0.7417918267032224,0.026393550811904365,-0.03181541780239897,0.9999999999999999,0.44974488583629635,0.5502551141637035,0.4974680125398949,0.6706302154215066,0.7417918267032224,0.24981020859813602,0.007114132604230111,2.7755575615628914e-17,0.018439696361304603,0.023861563351799286
p_0.50_importance_1.00,trained_final,2,-0.8078479877352879,0.6910555100440299,-0.7228016892881378,0.5109710346358368,0.4848693293164076,1.0,0.4775577179622143,0.5224422820377858,-0.4994960900517005,0.6910555100440299,0.7228016892881378,0.24995989232363236,0.0034915630246832425,4.098605216915582e-06,0.007815521302492856,0.01096918604474309
p_0.50_importance_1.00,trained_bias_reoptimized,2,-0.8078479877352879,0.6910555100440299,-0.7228016892881378,0.5109691860447431,0.4848705086587097,1.0,0.4775577179622143,0.5224422820377858,-0.4994960900517005,0.6910555100440299,0.7228016892881378,0.24995989231917196,0.0034885946489718127,1.1443916996305594e-16,0.00781670064479495,0.01096918604474309
p_0.50_importance_1.00,trained_final,3,-0.8237181564733611,0.6794979832095223,-0.7336773751549054,0.518410725944819,0.4739824060887612,1.0,0.4617175091858082,0.5382824908141918,-0.4985322967442143,0.6794979832095223,0.7336773751549054,0.2498870559961794,0.005658002605054069,1.2057535038260524e-05,0.013732600158738673,0.018407393779203057
p_0.50_importance_1.00,trained_bias_reoptimized,3,-0.8237181564733611,0.6794979832095223,-0.7336773751549054,0.5184073937792031,0.47398910503861025,1.0,0.4617175091858082,0.5382824908141918,-0.4985322967442143,0.6794979832095223,0.7336773751549054,0.24988705595141913,0.005647999609703875,7.850462293418876e-17,0.013739299108587733,0.018407393779203057
p_0.50_importance_1.00,trained_final,4,-2.425414307625991,-0.7543201730304446,-0.6565067224022311,-0.04281181289377407,0.036896174930107294,1.0,0.5689989234406799,0.4310010765593201,0.495216264438101,0.7543201730304446,0.6565067224022311,0.24965636749608872,0.009130115209444794,1.0016038187101141e-05,0.026187110546905812,0.032107593939390444
p_0.50_importance_1.00,trained_bias_reoptimized,4,-2.425414307625991,-0.7543201730304446,-0.6565067224022311,-0.04281012525252061,0.03689132950128947,1.0,0.5689989234406799,0.4310010765593201,0.495216264438101,0.7543201730304446,0.6565067224022311,0.24965636747047437,0.009123208876448017,6.206335383118183e-17,0.026188798188159335,0.032107593939390444
p_0.50_importance_1.00,trained_final,5,-2.323793638059889,-0.6838287941523722,-0.7296425017007387,0.0167144607394319,-0.020886457305035216,1.0,0.46762181971188743,0.5323781802881126,0.49895055210033634,0.6838287941523722,0.7296425017007387,0.24991820921129898,0.004873654033495191,1.6068278916287982e-06,0.011491722983077324,0.015664366194224455
p_0.50_importance_1.00,trained_bias_reoptimized,5,-2.323793638059889,-0.6838287941523722,-0.7296425017007387,0.016713814093888113,-0.020885821592299236,1.0,0.46762181971188743,0.5323781802881126,0.49895055210033634,0.6838287941523722,0.7296425017007387,0.24991820921057767,0.0048723736587830335,1.2412670766236366e-16,0.011492358695813332,0.015664366194224455
p_0.50_importance_0.50,grid_diagnostic_best,,0.0,1.0,0.0,-0.0,0.5,1.0,1.0,0.0,0.0,1.0,nan,0.125,0.0,0.0,0.0,0.0
p_0.50_importance_0.50,fixed_antipodal,,-0.7853981633974483,0.7071067811865476,-0.7071067811865476,0.5,0.5,1.0000000000000002,0.5000000000000001,0.5000000000000001,-0.5000000000000001,0.7071067811865476,0.7071067811865476,0.1875,0.125,0.0,0.0,0.0
p_0.50_importance_0.50,mono_retain_0,,0.0,1.0,0.0,-0.0,0.5,1.0,1.0,0.0,0.0,1.0,nan,0.125,0.0,0.0,0.0,0.0
p_0.50_importance_0.50,mono_retain_1,,1.5707963267948966,0.0,1.0,0.5,-0.0,1.0,0.0,1.0,0.0,nan,1.0,0.25,0.0,0.0,0.0,0.0
p_0.50_importance_0.50,trained_final,0,-2.1772171521735534e-16,1.0,-2.1772171521735534e-16,1.0707875698179628e-16,0.5000000000000001,1.0,1.0,4.740274527718718e-32,-2.1772171521735534e-16,1.0,2.1772171521735534e-16,0.125,1.6210836403785181e-18,1.9717727403596864e-18,1.0669941275483964e-16,1.0886085760867765e-16
p_0.50_importance_0.50,trained_bias_reoptimized,0,-2.1772171521735534e-16,1.0,-2.1772171521735534e-16,-0.0,0.5000000000000001,1.0,1.0,4.740274527718718e-32,-2.1772171521735534e-16,1.0,2.1772171521735534e-16,0.125,5.713223487163638e-17,1.1102230246251565e-16,1.0669941275483964e-16,1.0886085760867765e-16
p_0.50_importance_0.50,trained_final,1,-2.301311531566789e-16,1.0,-2.301311531566789e-16,7.332623135249902e-17,0.5,1.0,1.0,5.296034765322281e-32,-2.301311531566789e-16,1.0,2.301311531566789e-16,0.125,5.2478695644389984e-17,1.1261083468459491e-16,0.0,1.1506557657833944e-16
p_0.50_importance_0.50,trained_bias_reoptimized,1,-2.301311531566789e-16,1.0,-2.301311531566789e-16,-0.0,0.5000000000000001,1.0,1.0,5.296034765322281e-32,-2.301311531566789e-16,1.0,2.301311531566789e-16,0.125,5.247869564439002e-17,1.1102230246251565e-16,1.1102230246251565e-16,1.1506557657833944e-16
p_0.50_importance_0.50,trained_final,2,1.2832283134384402e-16,1.0,1.2832283134384402e-16,-4.182883210296323e-17,0.49999999999999994,1.0,1.0,1.6466749044100636e-32,1.2832283134384402e-16,1.0,1.2832283134384402e-16,0.125,1.3390381594464343e-16,1.567462584654487e-16,5.551115123125781e-17,6.4161415671922e-17
p_0.50_importance_0.50,trained_bias_reoptimized,2,1.2832283134384402e-16,1.0,1.2832283134384402e-16,-1.2832283134384402e-16,0.49999999999999994,1.0,1.0,1.6466749044100636e-32,1.2832283134384402e-16,1.0,1.2832283134384402e-16,0.125,2.0365486138312572e-17,6.206335383118183e-17,5.551115123125781e-17,6.4161415671922e-17
p_0.50_importance_0.50,trained_final,3,-2.0762699089123233e-16,1.0,-2.0762699089123233e-16,8.937726506449466e-17,0.5000000000000001,1.0,1.0,4.310896734654787e-32,-2.0762699089123233e-16,1.0,2.0762699089123233e-16,0.125,5.406605262674643e-18,1.0822518699010495e-17,9.660468842871663e-17,1.0381349544561614e-16
p_0.50_importance_0.50,trained_bias_reoptimized,3,-2.0762699089123233e-16,1.0,-2.0762699089123233e-16,-0.0,0.5000000000000001,1.0,1.0,4.310896734654787e-32,-2.0762699089123233e-16,1.0,2.0762699089123233e-16,0.125,6.091775649393249e-17,1.1102230246251565e-16,9.660468842871663e-17,1.0381349544561614e-16
p_0.50_importance_0.50,trained_final,4,3.141592653589793,-1.0,8.393521269206085e-17,-2.1669577097722558e-16,0.5,1.0,1.0,7.045119929661492e-33,-8.393521269206085e-17,1.0,8.393521269206085e-17,0.125,1.6281332454987964e-16,2.830524433501838e-16,0.0,4.196760634603042e-17
p_0.50_importance_0.50,trained_bias_reoptimized,4,3.141592653589793,-1.0,8.393521269206085e-17,-0.0,0.5,1.0,1.0,7.045119929661492e-33,-8.393521269206085e-17,1.0,8.393521269206085e-17,0.125,5.179102208736393e-17,7.850462293418876e-17,0.0,4.196760634603042e-17
p_0.50_importance_0.50,trained_final,5,-3.141592653589793,-1.0,-1.014051056323244e-16,-6.741137746641096e-17,0.49999999999999994,1.0,1.0,1.028299544830287e-32,1.014051056323244e-16,1.0,1.014051056323244e-16,0.125,7.654120176042272e-17,9.504407428612769e-17,4.589395440106657e-17,5.0702552816162194e-17
p_0.50_importance_0.50,trained_bias_reoptimized,5,-3.141592653589793,-1.0,-1.014051056323244e-16,-1.014051056323244e-16,0.49999999999999994,1.0,1.0,1.028299544830287e-32,1.014051056323244e-16,1.0,1.014051056323244e-16,0.125,9.353806584337944e-17,1.1188630228279524e-16,4.589395440106657e-17,5.0702552816162194e-17
