case,p,importance_0,importance_1,seed,failure,final_step,final_loss,minimum_recorded_loss,window_mean_loss_change,convergence_diagnostic_pass,final_tangent_gradient_norm,final_bias_gradient_norm,seconds,bias_optimal_loss,bias_optimization_gap,loss_minus_grid_diagnostic_best,bias_reoptimized_minus_grid_best
p_0.05_importance_1.00,0.05,1.0,1.0,0,,4000,0.027303154063071093,0.027303154063071093,5.264145369610063e-10,True,3.8932857712917854e-05,4.510250580008442e-10,0.33692370005883276,0.027303154063071093,0.0,4.456771885569255e-09,4.456771885569255e-09
p_0.05_importance_1.00,0.05,1.0,1.0,1,,4000,0.04728667737804401,0.04653763613828819,5.375372262298589e-05,False,0.0033822862486489655,2.184734788069614e-06,0.3108662001322955,0.04728667736874431,9.299699899045777e-12,0.019983527771744804,0.019983527762445105
p_0.05_importance_1.00,0.05,1.0,1.0,2,,4000,0.027303151854064255,0.027303151854064255,2.6702614772111666e-10,True,2.7649119452058236e-05,5.461207557850705e-10,0.33137739985249937,0.027303151854064255,0.0,2.247765047008743e-09,2.247765047008743e-09
p_0.05_importance_1.00,0.05,1.0,1.0,3,,4000,0.027303149794979525,0.027303149794979525,2.784656345025671e-07,True,7.240366303515582e-06,7.07284204454169e-06,0.32466170005500317,0.027303149781849577,1.3129948517320855e-11,1.8868031789742723e-10,1.7555036938010637e-10
p_0.05_importance_1.00,0.05,1.0,1.0,4,,4000,0.04749452165187539,0.046538755221703504,3.4577755272935384e-07,True,0.0006895202954431026,4.375277429579512e-08,0.7641209999565035,0.0474945216518709,4.489464355827977e-15,0.020191372045576184,0.020191372045571695
p_0.05_importance_1.00,0.05,1.0,1.0,5,,4000,0.047427065106969396,0.04654120543064285,6.736877235048733e-06,True,0.0023547151645605907,0.0014064361052452932,1.5922336999792606,0.047426570585776366,4.945211930298954e-07,0.02012391550067019,0.02012342097947716
p_0.05_importance_0.50,0.05,1.0,0.5,0,,4000,0.020482172690789013,0.020482172690789013,2.6751477460659756e-07,True,0.024896700179269746,3.1136968636792556e-10,1.6130079000722617,0.020482172690789013,0.0,0.002739184976208703,0.002739184976208703
p_0.05_importance_0.50,0.05,1.0,0.5,1,,4000,0.02034017822196307,0.017745862670287382,0.00040013441008231176,False,0.024156651574296403,1.4532208985162055e-06,1.5840919001493603,0.02034017822129668,6.663905538495385e-13,0.00259719050738276,0.0025971905067163695
p_0.05_importance_0.50,0.05,1.0,0.5,2,,4000,0.020420631416609443,0.0201986845650564,3.126306472055196e-06,True,0.02457912472563944,4.681804129521263e-09,1.6173901001457125,0.020420631416609433,1.0408340855860843e-17,0.002677643702029133,0.0026776437020291227
p_0.05_importance_0.50,0.05,1.0,0.5,3,,4000,0.020459480663909624,0.020259199147657555,1.4218712349779727e-06,True,0.024779548408685095,9.707748541267148e-06,1.569211299996823,0.02045948063805569,2.5853933577346666e-11,0.002716492949329314,0.0027164929234753804
p_0.05_importance_0.50,0.05,1.0,0.5,4,,4000,0.020404860958888684,0.01777344026797851,7.376193142248633e-06,True,0.02449697036567504,1.853772843376651e-08,1.7831597998738289,0.020404860958888583,1.0061396160665481e-16,0.0026618732443083742,0.0026618732443082736
p_0.05_importance_0.50,0.05,1.0,0.5,5,,4000,0.02032274873035066,0.01776274681992172,0.0004740482183066448,False,0.024062914761021462,1.9795197743200923e-05,1.9559543000068516,0.020322748524655595,2.0569506514744873e-10,0.00257976101577035,0.002579760810075285
p_0.20_importance_1.00,0.2,1.0,1.0,0,,4000,0.12571428800598106,0.12571428800598106,3.6120678670314987e-10,True,3.919644981188342e-05,6.264788979755472e-09,2.3407301001716405,0.12571428800598103,2.7755575615628914e-17,2.2916953335005985e-09,2.291695305745023e-09
p_0.20_importance_1.00,0.2,1.0,1.0,1,,4000,0.15998606001943827,0.15753541632943505,8.779480804299578e-07,True,0.0019340297667917122,2.3356038668716144e-07,2.5493210998829454,0.1599860600194099,2.836619827917275e-14,0.03427177430515255,0.03427177430512418
p_0.20_importance_1.00,0.2,1.0,1.0,2,,4000,0.12571430101587888,0.12571430101587888,2.41302003378685e-09,True,0.00010128395104764264,1.635135649671199e-08,2.158961300039664,0.1257143010158788,8.326672684688674e-17,1.5301593159211535e-08,1.5301593075944808e-08
p_0.20_importance_1.00,0.2,1.0,1.0,3,,4000,0.1257142859927471,0.12571428596995113,4.3889891720994e-11,True,1.366324231126051e-05,1.9076473548770115e-09,2.140958199976012,0.1257142859927471,0.0,2.784613650774759e-10,2.784613650774759e-10
p_0.20_importance_1.00,0.2,1.0,1.0,4,,4000,0.15997335080963182,0.15696856522199323,1.682116243573173e-06,True,0.0026425189522185093,4.004158629010005e-07,1.959323300048709,0.15997335080956665,6.517009154549669e-14,0.0342590650953461,0.03425906509528093
p_0.20_importance_1.00,0.2,1.0,1.0,5,,4000,0.15999241313242796,0.15872026879736317,4.816207134217265e-07,True,0.0014381050061234742,1.135368739494273e-07,1.9161708999890834,0.1599924131324204,7.549516567451064e-15,0.034278127418142235,0.034278127418134685
p_0.20_importance_0.50,0.2,1.0,0.5,0,,4000,0.09423712705186553,0.09198828054741327,3.434114656544751e-06,True,0.09129478818063197,2.1523603307717687e-08,1.6913677998818457,0.09423712705186535,1.8041124150158794e-16,0.0164842547955055,0.016484254795505318
p_0.20_importance_0.50,0.2,1.0,0.5,1,,4000,0.09413518532256217,0.07828262146416486,1.2519334608607213e-05,False,0.09101295052303018,6.569380316508671e-08,1.6159528999123722,0.0941351853225608,1.3739009929736312e-15,0.016382313066202137,0.016382313066200763
p_0.20_importance_0.50,0.2,1.0,0.5,2,,4000,0.09413448726173837,0.0903887145787095,1.0669570914084714e-05,False,0.09101101794359456,8.573196586668367e-08,1.7810288001783192,0.09413448726173616,2.2065682614424986e-15,0.01638161500537834,0.016381615005376132
p_0.20_importance_0.50,0.2,1.0,0.5,3,,4000,0.09421168787588721,0.0915433478010722,5.2295088153048175e-06,True,0.09122460122446832,3.018030682168419e-08,1.8132585000712425,0.09421168787588691,3.0531133177191805e-16,0.01645881561952718,0.016458815619526876
p_0.20_importance_0.50,0.2,1.0,0.5,4,,4000,0.09425990921671865,0.07841030107872485,1.8456004517442004e-06,True,0.09135756041758854,7.505482140162979e-09,1.806364000076428,0.09425990921671863,1.3877787807814457e-17,0.016507036960358615,0.0165070369603586
p_0.20_importance_0.50,0.2,1.0,0.5,5,,4000,0.09414593886096845,0.0782756374399595,1.1238578703581803e-05,False,0.09104274706864257,3.5134107508808966e-08,1.8886617000680417,0.094145938860968,4.440892098500626e-16,0.016393066604608417,0.016393066604607973
p_0.50_importance_1.00,0.5,1.0,1.0,0,,4000,0.24949008413444718,0.24642864936726816,3.17529542044892e-05,False,0.010637817138228825,3.063597291729281e-05,2.0264628001023084,0.24949008384200771,2.924394615355652e-10,0.003064519035568203,0.0030645187431287413
p_0.50_importance_1.00,0.5,1.0,1.0,1,,4000,0.2498102086036962,0.24655167526979815,1.191461669680649e-05,False,0.007117569644800989,4.576977571350405e-06,1.8298992000054568,0.24981020859813602,5.560191196352093e-12,0.0033846435048172363,0.003384643499257045
p_0.50_importance_1.00,0.5,1.0,1.0,2,,4000,0.24995989232363236,0.24913347931736618,2.2587173354460255e-06,True,0.0034915630246832425,4.098605216915582e-06,1.9325138998683542,0.24995989231917196,4.460404268158413e-12,0.0035343272247533863,0.003534327220292982
p_0.50_importance_1.00,0.5,1.0,1.0,3,,4000,0.2498870559961794,0.24957229682287443,7.458016940825596e-06,True,0.005658002605054069,1.2057535038260524e-05,1.872321299975738,0.24988705595141913,4.476027881672451e-11,0.00346149089730044,0.003461490852540161
p_0.50_importance_1.00,0.5,1.0,1.0,4,,4000,0.24965636749608872,0.24642658124241246,2.1424831715022297e-05,False,0.009130115209444794,1.0016038187101141e-05,1.9150202998425812,0.24965636747047437,2.5614343979185605e-11,0.003230802397209742,0.003230802371595398
p_0.50_importance_1.00,0.5,1.0,1.0,5,,4000,0.24991820921129898,0.24739321649382745,5.178734648919603e-06,True,0.004873654033495191,1.6068278916287982e-06,1.9786143999081105,0.24991820921057767,7.213118990989642e-13,0.003492644112420007,0.003492644111698695
p_0.50_importance_0.50,0.5,1.0,0.5,0,,4000,0.125,0.12499999999999999,0.0,True,1.6210836403785181e-18,1.9717727403596864e-18,1.9198859999887645,0.125,0.0,0.0,0.0
p_0.50_importance_0.50,0.5,1.0,0.5,1,,4000,0.125,0.12499999999999997,0.0,True,5.2478695644389984e-17,1.1261083468459491e-16,1.8632306000217795,0.125,0.0,0.0,0.0
p_0.50_importance_0.50,0.5,1.0,0.5,2,,4000,0.125,0.12499999999999997,0.0,True,1.3390381594464343e-16,1.567462584654487e-16,1.9605210998561233,0.12499999999999999,1.3877787807814457e-17,0.0,-1.3877787807814457e-17
p_0.50_importance_0.50,0.5,1.0,0.5,3,,4000,0.125,0.12499999999999997,0.0,True,5.406605262674643e-18,1.0822518699010495e-17,1.9948330000042915,0.125,0.0,0.0,0.0
p_0.50_importance_0.50,0.5,1.0,0.5,4,,4000,0.125,0.12499999999999999,0.0,True,1.6281332454987964e-16,2.830524433501838e-16,1.9398506998550147,0.125,0.0,0.0,0.0
p_0.50_importance_0.50,0.5,1.0,0.5,5,,4000,0.125,0.12499999999999999,0.0,True,7.654120176042272e-17,9.504407428612769e-17,2.0409065999556333,0.125,0.0,0.0,0.0
